2026-08-17 01:12:46,753 | INFO     | main:617 | ================================================================================
2026-08-17 01:12:46,753 | INFO     | main:618 | SILICON SAMPLE BENCHMARK: OUTCOME GENERATION
2026-08-17 01:12:46,753 | INFO     | main:619 | ================================================================================
2026-08-17 01:12:46,753 | INFO     | main:620 | Profile pool: /projects/p32143/silicon-sample-submission/synthetic_profiles/profiles_pool.csv
2026-08-17 01:12:46,753 | INFO     | main:621 | Model: /projects/p32143/cache/qwen36_27b
2026-08-17 01:12:46,753 | INFO     | main:622 | Batch size: 32
2026-08-17 01:12:46,753 | INFO     | main:623 | Temperature: 0.5
2026-08-17 01:12:46,753 | INFO     | main:624 | Seed: 2026
2026-08-17 01:12:46,753 | INFO     | main:625 | Output directory: ../raw_data_deposit
2026-08-17 01:12:46,753 | INFO     | main:628 | Loading profile pool...
2026-08-17 01:12:46,789 | INFO     | main:632 | Loaded 9000 profiles
2026-08-17 01:12:46,789 | INFO     | main:639 | Initializing vLLM engine (this may take a few moments)...
2026-08-17 01:15:48,119 | INFO     | main:649 | vLLM engine initialized
2026-08-17 01:15:48,120 | INFO     | main:662 | Processing 9000 profiles in batches of 32...
2026-08-17 01:15:49,024 | INFO     | main:670 | Processing batch 1/282 (32 profiles)...
2026-08-17 01:16:36,965 | DEBUG    | main:744 |   Processed 5/32 in batch 1
2026-08-17 01:16:36,966 | DEBUG    | main:744 |   Processed 10/32 in batch 1
2026-08-17 01:16:36,966 | DEBUG    | main:744 |   Processed 15/32 in batch 1
2026-08-17 01:16:36,966 | DEBUG    | main:744 |   Processed 20/32 in batch 1
2026-08-17 01:16:36,967 | DEBUG    | main:744 |   Processed 25/32 in batch 1
2026-08-17 01:16:36,967 | DEBUG    | main:744 |   Processed 30/32 in batch 1
2026-08-17 01:16:36,967 | INFO     | main:670 | Processing batch 2/282 (32 profiles)...
2026-08-17 01:17:20,824 | DEBUG    | main:744 |   Processed 5/32 in batch 2
2026-08-17 01:17:20,825 | DEBUG    | main:744 |   Processed 10/32 in batch 2
2026-08-17 01:17:20,825 | DEBUG    | main:744 |   Processed 15/32 in batch 2
2026-08-17 01:17:20,826 | DEBUG    | main:744 |   Processed 20/32 in batch 2
2026-08-17 01:17:20,826 | DEBUG    | main:744 |   Processed 25/32 in batch 2
2026-08-17 01:17:20,826 | DEBUG    | main:744 |   Processed 30/32 in batch 2
2026-08-17 01:17:20,826 | INFO     | main:670 | Processing batch 3/282 (32 profiles)...
2026-08-17 01:18:04,213 | DEBUG    | main:744 |   Processed 5/32 in batch 3
2026-08-17 01:18:04,213 | DEBUG    | main:744 |   Processed 10/32 in batch 3
2026-08-17 01:18:04,214 | DEBUG    | main:744 |   Processed 15/32 in batch 3
2026-08-17 01:18:04,214 | DEBUG    | main:744 |   Processed 20/32 in batch 3
2026-08-17 01:18:04,214 | DEBUG    | main:744 |   Processed 25/32 in batch 3
2026-08-17 01:18:04,215 | DEBUG    | main:744 |   Processed 30/32 in batch 3
2026-08-17 01:18:04,215 | INFO     | main:670 | Processing batch 4/282 (32 profiles)...
2026-08-17 01:18:47,393 | DEBUG    | main:744 |   Processed 5/32 in batch 4
2026-08-17 01:18:47,393 | DEBUG    | main:744 |   Processed 10/32 in batch 4
2026-08-17 01:18:47,394 | DEBUG    | main:744 |   Processed 15/32 in batch 4
2026-08-17 01:18:47,394 | DEBUG    | main:744 |   Processed 20/32 in batch 4
2026-08-17 01:18:47,394 | DEBUG    | main:744 |   Processed 25/32 in batch 4
2026-08-17 01:18:47,395 | DEBUG    | main:744 |   Processed 30/32 in batch 4
2026-08-17 01:18:47,395 | INFO     | main:670 | Processing batch 5/282 (32 profiles)...
2026-08-17 01:19:30,448 | DEBUG    | main:744 |   Processed 5/32 in batch 5
2026-08-17 01:19:30,449 | DEBUG    | main:744 |   Processed 10/32 in batch 5
2026-08-17 01:19:30,449 | DEBUG    | main:744 |   Processed 15/32 in batch 5
2026-08-17 01:19:30,449 | DEBUG    | main:744 |   Processed 20/32 in batch 5
2026-08-17 01:19:30,450 | DEBUG    | main:744 |   Processed 25/32 in batch 5
2026-08-17 01:19:30,450 | DEBUG    | main:744 |   Processed 30/32 in batch 5
2026-08-17 01:19:30,452 | INFO     | main:670 | Processing batch 6/282 (32 profiles)...
2026-08-17 01:20:13,565 | DEBUG    | main:744 |   Processed 5/32 in batch 6
2026-08-17 01:20:13,566 | DEBUG    | main:744 |   Processed 10/32 in batch 6
2026-08-17 01:20:13,566 | DEBUG    | main:744 |   Processed 15/32 in batch 6
2026-08-17 01:20:13,566 | DEBUG    | main:744 |   Processed 20/32 in batch 6
2026-08-17 01:20:13,567 | DEBUG    | main:744 |   Processed 25/32 in batch 6
2026-08-17 01:20:13,567 | DEBUG    | main:744 |   Processed 30/32 in batch 6
2026-08-17 01:20:13,567 | INFO     | main:670 | Processing batch 7/282 (32 profiles)...
2026-08-17 01:20:56,639 | DEBUG    | main:744 |   Processed 5/32 in batch 7
2026-08-17 01:20:56,639 | DEBUG    | main:744 |   Processed 10/32 in batch 7
2026-08-17 01:20:56,640 | DEBUG    | main:744 |   Processed 15/32 in batch 7
2026-08-17 01:20:56,640 | DEBUG    | main:744 |   Processed 20/32 in batch 7
2026-08-17 01:20:56,641 | DEBUG    | main:744 |   Processed 25/32 in batch 7
2026-08-17 01:20:56,641 | DEBUG    | main:744 |   Processed 30/32 in batch 7
2026-08-17 01:20:56,641 | INFO     | main:670 | Processing batch 8/282 (32 profiles)...
2026-08-17 01:21:39,778 | DEBUG    | main:744 |   Processed 5/32 in batch 8
2026-08-17 01:21:39,779 | DEBUG    | main:744 |   Processed 10/32 in batch 8
2026-08-17 01:21:39,779 | DEBUG    | main:744 |   Processed 15/32 in batch 8
2026-08-17 01:21:39,779 | DEBUG    | main:744 |   Processed 20/32 in batch 8
2026-08-17 01:21:39,780 | DEBUG    | main:744 |   Processed 25/32 in batch 8
2026-08-17 01:21:39,780 | DEBUG    | main:744 |   Processed 30/32 in batch 8
2026-08-17 01:21:39,780 | INFO     | main:670 | Processing batch 9/282 (32 profiles)...
2026-08-17 01:22:22,855 | DEBUG    | main:744 |   Processed 5/32 in batch 9
2026-08-17 01:22:22,855 | DEBUG    | main:744 |   Processed 10/32 in batch 9
2026-08-17 01:22:22,856 | DEBUG    | main:744 |   Processed 15/32 in batch 9
2026-08-17 01:22:22,856 | DEBUG    | main:744 |   Processed 20/32 in batch 9
2026-08-17 01:22:22,856 | DEBUG    | main:744 |   Processed 25/32 in batch 9
2026-08-17 01:22:22,857 | DEBUG    | main:744 |   Processed 30/32 in batch 9
2026-08-17 01:22:22,857 | INFO     | main:670 | Processing batch 10/282 (32 profiles)...
2026-08-17 01:23:05,967 | DEBUG    | main:744 |   Processed 5/32 in batch 10
2026-08-17 01:23:05,968 | DEBUG    | main:744 |   Processed 10/32 in batch 10
2026-08-17 01:23:05,968 | DEBUG    | main:744 |   Processed 15/32 in batch 10
2026-08-17 01:23:05,969 | DEBUG    | main:744 |   Processed 20/32 in batch 10
2026-08-17 01:23:05,969 | DEBUG    | main:744 |   Processed 25/32 in batch 10
2026-08-17 01:23:05,969 | DEBUG    | main:744 |   Processed 30/32 in batch 10
2026-08-17 01:23:05,969 | INFO     | main:670 | Processing batch 11/282 (32 profiles)...
2026-08-17 01:23:49,113 | DEBUG    | main:744 |   Processed 5/32 in batch 11
2026-08-17 01:23:49,114 | DEBUG    | main:744 |   Processed 10/32 in batch 11
2026-08-17 01:23:49,114 | DEBUG    | main:744 |   Processed 15/32 in batch 11
2026-08-17 01:23:49,114 | DEBUG    | main:744 |   Processed 20/32 in batch 11
2026-08-17 01:23:49,115 | DEBUG    | main:744 |   Processed 25/32 in batch 11
2026-08-17 01:23:49,115 | DEBUG    | main:744 |   Processed 30/32 in batch 11
2026-08-17 01:23:49,115 | INFO     | main:670 | Processing batch 12/282 (32 profiles)...
2026-08-17 01:24:32,221 | DEBUG    | main:744 |   Processed 5/32 in batch 12
2026-08-17 01:24:32,221 | DEBUG    | main:744 |   Processed 10/32 in batch 12
2026-08-17 01:24:32,222 | DEBUG    | main:744 |   Processed 15/32 in batch 12
2026-08-17 01:24:32,222 | DEBUG    | main:744 |   Processed 20/32 in batch 12
2026-08-17 01:24:32,222 | DEBUG    | main:744 |   Processed 25/32 in batch 12
2026-08-17 01:24:32,223 | DEBUG    | main:744 |   Processed 30/32 in batch 12
2026-08-17 01:24:32,223 | INFO     | main:670 | Processing batch 13/282 (32 profiles)...
2026-08-17 01:25:15,316 | DEBUG    | main:744 |   Processed 5/32 in batch 13
2026-08-17 01:25:15,316 | DEBUG    | main:744 |   Processed 10/32 in batch 13
2026-08-17 01:25:15,316 | DEBUG    | main:744 |   Processed 15/32 in batch 13
2026-08-17 01:25:15,317 | DEBUG    | main:744 |   Processed 20/32 in batch 13
2026-08-17 01:25:15,317 | DEBUG    | main:744 |   Processed 25/32 in batch 13
2026-08-17 01:25:15,317 | DEBUG    | main:744 |   Processed 30/32 in batch 13
2026-08-17 01:25:15,318 | INFO     | main:670 | Processing batch 14/282 (32 profiles)...
2026-08-17 01:25:58,618 | DEBUG    | main:744 |   Processed 5/32 in batch 14
2026-08-17 01:25:58,619 | DEBUG    | main:744 |   Processed 10/32 in batch 14
2026-08-17 01:25:58,619 | DEBUG    | main:744 |   Processed 15/32 in batch 14
2026-08-17 01:25:58,620 | DEBUG    | main:744 |   Processed 20/32 in batch 14
2026-08-17 01:25:58,620 | DEBUG    | main:744 |   Processed 25/32 in batch 14
2026-08-17 01:25:58,620 | DEBUG    | main:744 |   Processed 30/32 in batch 14
2026-08-17 01:25:58,621 | INFO     | main:670 | Processing batch 15/282 (32 profiles)...
2026-08-17 01:26:42,265 | DEBUG    | main:744 |   Processed 5/32 in batch 15
2026-08-17 01:26:42,265 | DEBUG    | main:744 |   Processed 10/32 in batch 15
2026-08-17 01:26:42,266 | DEBUG    | main:744 |   Processed 15/32 in batch 15
2026-08-17 01:26:42,266 | DEBUG    | main:744 |   Processed 20/32 in batch 15
2026-08-17 01:26:42,266 | DEBUG    | main:744 |   Processed 25/32 in batch 15
2026-08-17 01:26:42,267 | DEBUG    | main:744 |   Processed 30/32 in batch 15
2026-08-17 01:26:42,267 | INFO     | main:670 | Processing batch 16/282 (32 profiles)...
2026-08-17 01:27:25,972 | DEBUG    | main:744 |   Processed 5/32 in batch 16
2026-08-17 01:27:25,972 | DEBUG    | main:744 |   Processed 10/32 in batch 16
2026-08-17 01:27:25,973 | DEBUG    | main:744 |   Processed 15/32 in batch 16
2026-08-17 01:27:25,973 | DEBUG    | main:744 |   Processed 20/32 in batch 16
2026-08-17 01:27:25,973 | DEBUG    | main:744 |   Processed 25/32 in batch 16
2026-08-17 01:27:25,974 | DEBUG    | main:744 |   Processed 30/32 in batch 16
2026-08-17 01:27:25,974 | INFO     | main:670 | Processing batch 17/282 (32 profiles)...
2026-08-17 01:28:09,647 | DEBUG    | main:744 |   Processed 5/32 in batch 17
2026-08-17 01:28:09,647 | DEBUG    | main:744 |   Processed 10/32 in batch 17
2026-08-17 01:28:09,648 | DEBUG    | main:744 |   Processed 15/32 in batch 17
2026-08-17 01:28:09,648 | DEBUG    | main:744 |   Processed 20/32 in batch 17
2026-08-17 01:28:09,649 | DEBUG    | main:744 |   Processed 25/32 in batch 17
2026-08-17 01:28:09,649 | DEBUG    | main:744 |   Processed 30/32 in batch 17
2026-08-17 01:28:09,649 | INFO     | main:670 | Processing batch 18/282 (32 profiles)...
2026-08-17 01:28:53,537 | DEBUG    | main:744 |   Processed 5/32 in batch 18
2026-08-17 01:28:53,537 | DEBUG    | main:744 |   Processed 10/32 in batch 18
2026-08-17 01:28:53,538 | DEBUG    | main:744 |   Processed 15/32 in batch 18
2026-08-17 01:28:53,538 | DEBUG    | main:744 |   Processed 20/32 in batch 18
2026-08-17 01:28:53,538 | DEBUG    | main:744 |   Processed 25/32 in batch 18
2026-08-17 01:28:53,539 | DEBUG    | main:744 |   Processed 30/32 in batch 18
2026-08-17 01:28:53,539 | INFO     | main:670 | Processing batch 19/282 (32 profiles)...
2026-08-17 01:29:37,509 | DEBUG    | main:744 |   Processed 5/32 in batch 19
2026-08-17 01:29:37,509 | DEBUG    | main:744 |   Processed 10/32 in batch 19
2026-08-17 01:29:37,510 | DEBUG    | main:744 |   Processed 15/32 in batch 19
2026-08-17 01:29:37,510 | DEBUG    | main:744 |   Processed 20/32 in batch 19
2026-08-17 01:29:37,510 | DEBUG    | main:744 |   Processed 25/32 in batch 19
2026-08-17 01:29:37,511 | DEBUG    | main:744 |   Processed 30/32 in batch 19
2026-08-17 01:29:37,511 | INFO     | main:670 | Processing batch 20/282 (32 profiles)...
2026-08-17 01:30:20,300 | DEBUG    | main:744 |   Processed 5/32 in batch 20
2026-08-17 01:30:20,300 | DEBUG    | main:744 |   Processed 10/32 in batch 20
2026-08-17 01:30:20,301 | DEBUG    | main:744 |   Processed 15/32 in batch 20
2026-08-17 01:30:20,301 | DEBUG    | main:744 |   Processed 20/32 in batch 20
2026-08-17 01:30:20,302 | DEBUG    | main:744 |   Processed 25/32 in batch 20
2026-08-17 01:30:20,302 | DEBUG    | main:744 |   Processed 30/32 in batch 20
2026-08-17 01:30:20,302 | INFO     | main:670 | Processing batch 21/282 (32 profiles)...
2026-08-17 01:31:03,066 | DEBUG    | main:744 |   Processed 5/32 in batch 21
2026-08-17 01:31:03,067 | DEBUG    | main:744 |   Processed 10/32 in batch 21
2026-08-17 01:31:03,067 | DEBUG    | main:744 |   Processed 15/32 in batch 21
2026-08-17 01:31:03,068 | DEBUG    | main:744 |   Processed 20/32 in batch 21
2026-08-17 01:31:03,068 | DEBUG    | main:744 |   Processed 25/32 in batch 21
2026-08-17 01:31:03,068 | DEBUG    | main:744 |   Processed 30/32 in batch 21
2026-08-17 01:31:03,069 | INFO     | main:670 | Processing batch 22/282 (32 profiles)...
2026-08-17 01:31:45,840 | DEBUG    | main:744 |   Processed 5/32 in batch 22
2026-08-17 01:31:45,840 | DEBUG    | main:744 |   Processed 10/32 in batch 22
2026-08-17 01:31:45,841 | DEBUG    | main:744 |   Processed 15/32 in batch 22
2026-08-17 01:31:45,841 | DEBUG    | main:744 |   Processed 20/32 in batch 22
2026-08-17 01:31:45,841 | DEBUG    | main:744 |   Processed 25/32 in batch 22
2026-08-17 01:31:45,842 | DEBUG    | main:744 |   Processed 30/32 in batch 22
2026-08-17 01:31:45,842 | INFO     | main:670 | Processing batch 23/282 (32 profiles)...
2026-08-17 01:32:29,081 | DEBUG    | main:744 |   Processed 5/32 in batch 23
2026-08-17 01:32:29,082 | DEBUG    | main:744 |   Processed 10/32 in batch 23
2026-08-17 01:32:29,082 | DEBUG    | main:744 |   Processed 15/32 in batch 23
2026-08-17 01:32:29,083 | DEBUG    | main:744 |   Processed 20/32 in batch 23
2026-08-17 01:32:29,083 | DEBUG    | main:744 |   Processed 25/32 in batch 23
2026-08-17 01:32:29,083 | DEBUG    | main:744 |   Processed 30/32 in batch 23
2026-08-17 01:32:29,084 | INFO     | main:670 | Processing batch 24/282 (32 profiles)...
2026-08-17 01:33:11,848 | DEBUG    | main:744 |   Processed 5/32 in batch 24
2026-08-17 01:33:11,849 | DEBUG    | main:744 |   Processed 10/32 in batch 24
2026-08-17 01:33:11,849 | DEBUG    | main:744 |   Processed 15/32 in batch 24
2026-08-17 01:33:11,850 | DEBUG    | main:744 |   Processed 20/32 in batch 24
2026-08-17 01:33:11,850 | DEBUG    | main:744 |   Processed 25/32 in batch 24
2026-08-17 01:33:11,851 | DEBUG    | main:744 |   Processed 30/32 in batch 24
2026-08-17 01:33:11,851 | INFO     | main:670 | Processing batch 25/282 (32 profiles)...
2026-08-17 01:33:54,633 | DEBUG    | main:744 |   Processed 5/32 in batch 25
2026-08-17 01:33:54,633 | DEBUG    | main:744 |   Processed 10/32 in batch 25
2026-08-17 01:33:54,634 | DEBUG    | main:744 |   Processed 15/32 in batch 25
2026-08-17 01:33:54,634 | DEBUG    | main:744 |   Processed 20/32 in batch 25
2026-08-17 01:33:54,635 | DEBUG    | main:744 |   Processed 25/32 in batch 25
2026-08-17 01:33:54,635 | DEBUG    | main:744 |   Processed 30/32 in batch 25
2026-08-17 01:33:54,635 | INFO     | main:670 | Processing batch 26/282 (32 profiles)...
2026-08-17 01:34:38,032 | DEBUG    | main:744 |   Processed 5/32 in batch 26
2026-08-17 01:34:38,032 | DEBUG    | main:744 |   Processed 10/32 in batch 26
2026-08-17 01:34:38,033 | DEBUG    | main:744 |   Processed 15/32 in batch 26
2026-08-17 01:34:38,033 | DEBUG    | main:744 |   Processed 20/32 in batch 26
2026-08-17 01:34:38,033 | DEBUG    | main:744 |   Processed 25/32 in batch 26
2026-08-17 01:34:38,034 | DEBUG    | main:744 |   Processed 30/32 in batch 26
2026-08-17 01:34:38,034 | INFO     | main:670 | Processing batch 27/282 (32 profiles)...
2026-08-17 01:35:20,743 | DEBUG    | main:744 |   Processed 5/32 in batch 27
2026-08-17 01:35:20,743 | DEBUG    | main:744 |   Processed 10/32 in batch 27
2026-08-17 01:35:20,743 | DEBUG    | main:744 |   Processed 15/32 in batch 27
2026-08-17 01:35:20,744 | DEBUG    | main:744 |   Processed 20/32 in batch 27
2026-08-17 01:35:20,744 | DEBUG    | main:744 |   Processed 25/32 in batch 27
2026-08-17 01:35:20,745 | DEBUG    | main:744 |   Processed 30/32 in batch 27
2026-08-17 01:35:20,745 | INFO     | main:670 | Processing batch 28/282 (32 profiles)...
2026-08-17 01:36:03,523 | DEBUG    | main:744 |   Processed 5/32 in batch 28
2026-08-17 01:36:03,524 | DEBUG    | main:744 |   Processed 10/32 in batch 28
2026-08-17 01:36:03,524 | DEBUG    | main:744 |   Processed 15/32 in batch 28
2026-08-17 01:36:03,525 | DEBUG    | main:744 |   Processed 20/32 in batch 28
2026-08-17 01:36:03,525 | DEBUG    | main:744 |   Processed 25/32 in batch 28
2026-08-17 01:36:03,526 | DEBUG    | main:744 |   Processed 30/32 in batch 28
2026-08-17 01:36:03,526 | INFO     | main:670 | Processing batch 29/282 (32 profiles)...
2026-08-17 01:36:46,510 | DEBUG    | main:744 |   Processed 5/32 in batch 29
2026-08-17 01:36:46,511 | DEBUG    | main:744 |   Processed 10/32 in batch 29
2026-08-17 01:36:46,511 | DEBUG    | main:744 |   Processed 15/32 in batch 29
2026-08-17 01:36:46,512 | DEBUG    | main:744 |   Processed 20/32 in batch 29
2026-08-17 01:36:46,512 | DEBUG    | main:744 |   Processed 25/32 in batch 29
2026-08-17 01:36:46,512 | DEBUG    | main:744 |   Processed 30/32 in batch 29
2026-08-17 01:36:46,513 | INFO     | main:670 | Processing batch 30/282 (32 profiles)...
2026-08-17 01:37:29,332 | DEBUG    | main:744 |   Processed 5/32 in batch 30
2026-08-17 01:37:29,333 | DEBUG    | main:744 |   Processed 10/32 in batch 30
2026-08-17 01:37:29,334 | DEBUG    | main:744 |   Processed 15/32 in batch 30
2026-08-17 01:37:29,334 | DEBUG    | main:744 |   Processed 20/32 in batch 30
2026-08-17 01:37:29,334 | DEBUG    | main:744 |   Processed 25/32 in batch 30
2026-08-17 01:37:29,335 | DEBUG    | main:744 |   Processed 30/32 in batch 30
2026-08-17 01:37:29,335 | INFO     | main:670 | Processing batch 31/282 (32 profiles)...
2026-08-17 01:38:12,110 | DEBUG    | main:744 |   Processed 5/32 in batch 31
2026-08-17 01:38:12,110 | DEBUG    | main:744 |   Processed 10/32 in batch 31
2026-08-17 01:38:12,111 | DEBUG    | main:744 |   Processed 15/32 in batch 31
2026-08-17 01:38:12,111 | DEBUG    | main:744 |   Processed 20/32 in batch 31
2026-08-17 01:38:12,111 | DEBUG    | main:744 |   Processed 25/32 in batch 31
2026-08-17 01:38:12,112 | DEBUG    | main:744 |   Processed 30/32 in batch 31
2026-08-17 01:38:12,112 | INFO     | main:670 | Processing batch 32/282 (32 profiles)...
2026-08-17 01:38:54,986 | DEBUG    | main:744 |   Processed 5/32 in batch 32
2026-08-17 01:38:54,987 | DEBUG    | main:744 |   Processed 10/32 in batch 32
2026-08-17 01:38:54,987 | DEBUG    | main:744 |   Processed 15/32 in batch 32
2026-08-17 01:38:54,988 | DEBUG    | main:744 |   Processed 20/32 in batch 32
2026-08-17 01:38:54,988 | DEBUG    | main:744 |   Processed 25/32 in batch 32
2026-08-17 01:38:54,988 | DEBUG    | main:744 |   Processed 30/32 in batch 32
2026-08-17 01:38:54,988 | INFO     | main:670 | Processing batch 33/282 (32 profiles)...
2026-08-17 01:39:38,578 | DEBUG    | main:744 |   Processed 5/32 in batch 33
2026-08-17 01:39:38,578 | DEBUG    | main:744 |   Processed 10/32 in batch 33
2026-08-17 01:39:38,579 | DEBUG    | main:744 |   Processed 15/32 in batch 33
2026-08-17 01:39:38,579 | DEBUG    | main:744 |   Processed 20/32 in batch 33
2026-08-17 01:39:38,579 | DEBUG    | main:744 |   Processed 25/32 in batch 33
2026-08-17 01:39:38,580 | DEBUG    | main:744 |   Processed 30/32 in batch 33
2026-08-17 01:39:38,580 | INFO     | main:670 | Processing batch 34/282 (32 profiles)...
2026-08-17 01:40:21,512 | DEBUG    | main:744 |   Processed 5/32 in batch 34
2026-08-17 01:40:21,512 | DEBUG    | main:744 |   Processed 10/32 in batch 34
2026-08-17 01:40:21,513 | DEBUG    | main:744 |   Processed 15/32 in batch 34
2026-08-17 01:40:21,513 | DEBUG    | main:744 |   Processed 20/32 in batch 34
2026-08-17 01:40:21,514 | DEBUG    | main:744 |   Processed 25/32 in batch 34
2026-08-17 01:40:21,514 | DEBUG    | main:744 |   Processed 30/32 in batch 34
2026-08-17 01:40:21,514 | INFO     | main:670 | Processing batch 35/282 (32 profiles)...
2026-08-17 01:41:04,544 | DEBUG    | main:744 |   Processed 5/32 in batch 35
2026-08-17 01:41:04,544 | DEBUG    | main:744 |   Processed 10/32 in batch 35
2026-08-17 01:41:04,545 | DEBUG    | main:744 |   Processed 15/32 in batch 35
2026-08-17 01:41:04,545 | DEBUG    | main:744 |   Processed 20/32 in batch 35
2026-08-17 01:41:04,545 | DEBUG    | main:744 |   Processed 25/32 in batch 35
2026-08-17 01:41:04,546 | DEBUG    | main:744 |   Processed 30/32 in batch 35
2026-08-17 01:41:04,546 | INFO     | main:670 | Processing batch 36/282 (32 profiles)...
2026-08-17 01:41:47,804 | DEBUG    | main:744 |   Processed 5/32 in batch 36
2026-08-17 01:41:47,805 | DEBUG    | main:744 |   Processed 10/32 in batch 36
2026-08-17 01:41:47,805 | DEBUG    | main:744 |   Processed 15/32 in batch 36
2026-08-17 01:41:47,806 | DEBUG    | main:744 |   Processed 20/32 in batch 36
2026-08-17 01:41:47,806 | DEBUG    | main:744 |   Processed 25/32 in batch 36
2026-08-17 01:41:47,807 | DEBUG    | main:744 |   Processed 30/32 in batch 36
2026-08-17 01:41:47,807 | INFO     | main:670 | Processing batch 37/282 (32 profiles)...
2026-08-17 01:42:31,432 | DEBUG    | main:744 |   Processed 5/32 in batch 37
2026-08-17 01:42:31,433 | DEBUG    | main:744 |   Processed 10/32 in batch 37
2026-08-17 01:42:31,433 | DEBUG    | main:744 |   Processed 15/32 in batch 37
2026-08-17 01:42:31,434 | DEBUG    | main:744 |   Processed 20/32 in batch 37
2026-08-17 01:42:31,434 | DEBUG    | main:744 |   Processed 25/32 in batch 37
2026-08-17 01:42:31,434 | DEBUG    | main:744 |   Processed 30/32 in batch 37
2026-08-17 01:42:31,434 | INFO     | main:670 | Processing batch 38/282 (32 profiles)...
2026-08-17 01:43:14,587 | DEBUG    | main:744 |   Processed 5/32 in batch 38
2026-08-17 01:43:14,587 | DEBUG    | main:744 |   Processed 10/32 in batch 38
2026-08-17 01:43:14,588 | DEBUG    | main:744 |   Processed 15/32 in batch 38
2026-08-17 01:43:14,588 | DEBUG    | main:744 |   Processed 20/32 in batch 38
2026-08-17 01:43:14,588 | DEBUG    | main:744 |   Processed 25/32 in batch 38
2026-08-17 01:43:14,589 | DEBUG    | main:744 |   Processed 30/32 in batch 38
2026-08-17 01:43:14,589 | INFO     | main:670 | Processing batch 39/282 (32 profiles)...
2026-08-17 01:43:57,722 | DEBUG    | main:744 |   Processed 5/32 in batch 39
2026-08-17 01:43:57,722 | DEBUG    | main:744 |   Processed 10/32 in batch 39
2026-08-17 01:43:57,723 | DEBUG    | main:744 |   Processed 15/32 in batch 39
2026-08-17 01:43:57,723 | DEBUG    | main:744 |   Processed 20/32 in batch 39
2026-08-17 01:43:57,723 | DEBUG    | main:744 |   Processed 25/32 in batch 39
2026-08-17 01:43:57,724 | DEBUG    | main:744 |   Processed 30/32 in batch 39
2026-08-17 01:43:57,724 | INFO     | main:670 | Processing batch 40/282 (32 profiles)...
2026-08-17 01:44:41,105 | DEBUG    | main:744 |   Processed 5/32 in batch 40
2026-08-17 01:44:41,105 | DEBUG    | main:744 |   Processed 10/32 in batch 40
2026-08-17 01:44:41,106 | DEBUG    | main:744 |   Processed 15/32 in batch 40
2026-08-17 01:44:41,106 | DEBUG    | main:744 |   Processed 20/32 in batch 40
2026-08-17 01:44:41,106 | DEBUG    | main:744 |   Processed 25/32 in batch 40
2026-08-17 01:44:41,107 | DEBUG    | main:744 |   Processed 30/32 in batch 40
2026-08-17 01:44:41,107 | INFO     | main:670 | Processing batch 41/282 (32 profiles)...
2026-08-17 01:45:23,835 | DEBUG    | main:744 |   Processed 5/32 in batch 41
2026-08-17 01:45:23,835 | DEBUG    | main:744 |   Processed 10/32 in batch 41
2026-08-17 01:45:23,836 | DEBUG    | main:744 |   Processed 15/32 in batch 41
2026-08-17 01:45:23,836 | DEBUG    | main:744 |   Processed 20/32 in batch 41
2026-08-17 01:45:23,837 | DEBUG    | main:744 |   Processed 25/32 in batch 41
2026-08-17 01:45:23,837 | DEBUG    | main:744 |   Processed 30/32 in batch 41
2026-08-17 01:45:23,837 | INFO     | main:670 | Processing batch 42/282 (32 profiles)...
2026-08-17 01:46:06,703 | DEBUG    | main:744 |   Processed 5/32 in batch 42
2026-08-17 01:46:06,704 | DEBUG    | main:744 |   Processed 10/32 in batch 42
2026-08-17 01:46:06,704 | DEBUG    | main:744 |   Processed 15/32 in batch 42
2026-08-17 01:46:06,705 | DEBUG    | main:744 |   Processed 20/32 in batch 42
2026-08-17 01:46:06,705 | DEBUG    | main:744 |   Processed 25/32 in batch 42
2026-08-17 01:46:06,705 | DEBUG    | main:744 |   Processed 30/32 in batch 42
2026-08-17 01:46:06,705 | INFO     | main:670 | Processing batch 43/282 (32 profiles)...
2026-08-17 01:46:50,244 | DEBUG    | main:744 |   Processed 5/32 in batch 43
2026-08-17 01:46:50,245 | DEBUG    | main:744 |   Processed 10/32 in batch 43
2026-08-17 01:46:50,245 | DEBUG    | main:744 |   Processed 15/32 in batch 43
2026-08-17 01:46:50,246 | DEBUG    | main:744 |   Processed 20/32 in batch 43
2026-08-17 01:46:50,246 | DEBUG    | main:744 |   Processed 25/32 in batch 43
2026-08-17 01:46:50,246 | DEBUG    | main:744 |   Processed 30/32 in batch 43
2026-08-17 01:46:50,247 | INFO     | main:670 | Processing batch 44/282 (32 profiles)...
2026-08-17 01:47:33,449 | DEBUG    | main:744 |   Processed 5/32 in batch 44
2026-08-17 01:47:33,449 | DEBUG    | main:744 |   Processed 10/32 in batch 44
2026-08-17 01:47:33,450 | DEBUG    | main:744 |   Processed 15/32 in batch 44
2026-08-17 01:47:33,450 | DEBUG    | main:744 |   Processed 20/32 in batch 44
2026-08-17 01:47:33,450 | DEBUG    | main:744 |   Processed 25/32 in batch 44
2026-08-17 01:47:33,451 | DEBUG    | main:744 |   Processed 30/32 in batch 44
2026-08-17 01:47:33,451 | INFO     | main:670 | Processing batch 45/282 (32 profiles)...
2026-08-17 01:48:16,558 | DEBUG    | main:744 |   Processed 5/32 in batch 45
2026-08-17 01:48:16,558 | DEBUG    | main:744 |   Processed 10/32 in batch 45
2026-08-17 01:48:16,559 | DEBUG    | main:744 |   Processed 15/32 in batch 45
2026-08-17 01:48:16,559 | DEBUG    | main:744 |   Processed 20/32 in batch 45
2026-08-17 01:48:16,559 | DEBUG    | main:744 |   Processed 25/32 in batch 45
2026-08-17 01:48:16,560 | DEBUG    | main:744 |   Processed 30/32 in batch 45
2026-08-17 01:48:16,560 | INFO     | main:670 | Processing batch 46/282 (32 profiles)...
2026-08-17 01:48:59,727 | DEBUG    | main:744 |   Processed 5/32 in batch 46
2026-08-17 01:48:59,728 | DEBUG    | main:744 |   Processed 10/32 in batch 46
2026-08-17 01:48:59,728 | DEBUG    | main:744 |   Processed 15/32 in batch 46
2026-08-17 01:48:59,729 | DEBUG    | main:744 |   Processed 20/32 in batch 46
2026-08-17 01:48:59,729 | DEBUG    | main:744 |   Processed 25/32 in batch 46
2026-08-17 01:48:59,729 | DEBUG    | main:744 |   Processed 30/32 in batch 46
2026-08-17 01:48:59,729 | INFO     | main:670 | Processing batch 47/282 (32 profiles)...
2026-08-17 01:49:42,895 | DEBUG    | main:744 |   Processed 5/32 in batch 47
2026-08-17 01:49:42,895 | DEBUG    | main:744 |   Processed 10/32 in batch 47
2026-08-17 01:49:42,895 | DEBUG    | main:744 |   Processed 15/32 in batch 47
2026-08-17 01:49:42,896 | DEBUG    | main:744 |   Processed 20/32 in batch 47
2026-08-17 01:49:42,896 | DEBUG    | main:744 |   Processed 25/32 in batch 47
2026-08-17 01:49:42,896 | DEBUG    | main:744 |   Processed 30/32 in batch 47
2026-08-17 01:49:42,897 | INFO     | main:670 | Processing batch 48/282 (32 profiles)...
2026-08-17 01:50:26,645 | DEBUG    | main:744 |   Processed 5/32 in batch 48
2026-08-17 01:50:26,645 | DEBUG    | main:744 |   Processed 10/32 in batch 48
2026-08-17 01:50:26,645 | DEBUG    | main:744 |   Processed 15/32 in batch 48
2026-08-17 01:50:26,646 | DEBUG    | main:744 |   Processed 20/32 in batch 48
2026-08-17 01:50:26,646 | DEBUG    | main:744 |   Processed 25/32 in batch 48
2026-08-17 01:50:26,646 | DEBUG    | main:744 |   Processed 30/32 in batch 48
2026-08-17 01:50:26,647 | INFO     | main:670 | Processing batch 49/282 (32 profiles)...
2026-08-17 01:51:09,795 | DEBUG    | main:744 |   Processed 5/32 in batch 49
2026-08-17 01:51:09,796 | DEBUG    | main:744 |   Processed 10/32 in batch 49
2026-08-17 01:51:09,796 | DEBUG    | main:744 |   Processed 15/32 in batch 49
2026-08-17 01:51:09,797 | DEBUG    | main:744 |   Processed 20/32 in batch 49
2026-08-17 01:51:09,797 | DEBUG    | main:744 |   Processed 25/32 in batch 49
2026-08-17 01:51:09,797 | DEBUG    | main:744 |   Processed 30/32 in batch 49
2026-08-17 01:51:09,797 | INFO     | main:670 | Processing batch 50/282 (32 profiles)...
2026-08-17 01:51:52,916 | DEBUG    | main:744 |   Processed 5/32 in batch 50
2026-08-17 01:51:52,916 | DEBUG    | main:744 |   Processed 10/32 in batch 50
2026-08-17 01:51:52,933 | DEBUG    | main:744 |   Processed 15/32 in batch 50
2026-08-17 01:51:52,933 | DEBUG    | main:744 |   Processed 20/32 in batch 50
2026-08-17 01:51:52,934 | DEBUG    | main:744 |   Processed 25/32 in batch 50
2026-08-17 01:51:52,934 | DEBUG    | main:744 |   Processed 30/32 in batch 50
2026-08-17 01:51:52,934 | INFO     | main:670 | Processing batch 51/282 (32 profiles)...
2026-08-17 01:52:36,255 | DEBUG    | main:744 |   Processed 5/32 in batch 51
2026-08-17 01:52:36,256 | DEBUG    | main:744 |   Processed 10/32 in batch 51
2026-08-17 01:52:36,256 | DEBUG    | main:744 |   Processed 15/32 in batch 51
2026-08-17 01:52:36,257 | DEBUG    | main:744 |   Processed 20/32 in batch 51
2026-08-17 01:52:36,257 | DEBUG    | main:744 |   Processed 25/32 in batch 51
2026-08-17 01:52:36,257 | DEBUG    | main:744 |   Processed 30/32 in batch 51
2026-08-17 01:52:36,257 | INFO     | main:670 | Processing batch 52/282 (32 profiles)...
2026-08-17 01:53:19,181 | DEBUG    | main:744 |   Processed 5/32 in batch 52
2026-08-17 01:53:19,182 | DEBUG    | main:744 |   Processed 10/32 in batch 52
2026-08-17 01:53:19,182 | DEBUG    | main:744 |   Processed 15/32 in batch 52
2026-08-17 01:53:19,182 | DEBUG    | main:744 |   Processed 20/32 in batch 52
2026-08-17 01:53:19,183 | DEBUG    | main:744 |   Processed 25/32 in batch 52
2026-08-17 01:53:19,183 | DEBUG    | main:744 |   Processed 30/32 in batch 52
2026-08-17 01:53:19,183 | INFO     | main:670 | Processing batch 53/282 (32 profiles)...
2026-08-17 01:54:02,026 | DEBUG    | main:744 |   Processed 5/32 in batch 53
2026-08-17 01:54:02,026 | DEBUG    | main:744 |   Processed 10/32 in batch 53
2026-08-17 01:54:02,026 | DEBUG    | main:744 |   Processed 15/32 in batch 53
2026-08-17 01:54:02,027 | DEBUG    | main:744 |   Processed 20/32 in batch 53
2026-08-17 01:54:02,027 | DEBUG    | main:744 |   Processed 25/32 in batch 53
2026-08-17 01:54:02,028 | DEBUG    | main:744 |   Processed 30/32 in batch 53
2026-08-17 01:54:02,028 | INFO     | main:670 | Processing batch 54/282 (32 profiles)...
2026-08-17 01:54:44,863 | DEBUG    | main:744 |   Processed 5/32 in batch 54
2026-08-17 01:54:44,863 | DEBUG    | main:744 |   Processed 10/32 in batch 54
2026-08-17 01:54:44,864 | DEBUG    | main:744 |   Processed 15/32 in batch 54
2026-08-17 01:54:44,864 | DEBUG    | main:744 |   Processed 20/32 in batch 54
2026-08-17 01:54:44,865 | DEBUG    | main:744 |   Processed 25/32 in batch 54
2026-08-17 01:54:44,865 | DEBUG    | main:744 |   Processed 30/32 in batch 54
2026-08-17 01:54:44,865 | INFO     | main:670 | Processing batch 55/282 (32 profiles)...
2026-08-17 01:55:27,804 | DEBUG    | main:744 |   Processed 5/32 in batch 55
2026-08-17 01:55:27,805 | DEBUG    | main:744 |   Processed 10/32 in batch 55
2026-08-17 01:55:27,805 | DEBUG    | main:744 |   Processed 15/32 in batch 55
2026-08-17 01:55:27,806 | DEBUG    | main:744 |   Processed 20/32 in batch 55
2026-08-17 01:55:27,806 | DEBUG    | main:744 |   Processed 25/32 in batch 55
2026-08-17 01:55:27,806 | DEBUG    | main:744 |   Processed 30/32 in batch 55
2026-08-17 01:55:27,806 | INFO     | main:670 | Processing batch 56/282 (32 profiles)...
2026-08-17 01:56:10,870 | DEBUG    | main:744 |   Processed 5/32 in batch 56
2026-08-17 01:56:10,871 | DEBUG    | main:744 |   Processed 10/32 in batch 56
2026-08-17 01:56:10,871 | DEBUG    | main:744 |   Processed 15/32 in batch 56
2026-08-17 01:56:10,872 | DEBUG    | main:744 |   Processed 20/32 in batch 56
2026-08-17 01:56:10,872 | DEBUG    | main:744 |   Processed 25/32 in batch 56
2026-08-17 01:56:10,872 | DEBUG    | main:744 |   Processed 30/32 in batch 56
2026-08-17 01:56:10,873 | INFO     | main:670 | Processing batch 57/282 (32 profiles)...
2026-08-17 01:56:53,713 | DEBUG    | main:744 |   Processed 5/32 in batch 57
2026-08-17 01:56:53,713 | DEBUG    | main:744 |   Processed 10/32 in batch 57
2026-08-17 01:56:53,714 | DEBUG    | main:744 |   Processed 15/32 in batch 57
2026-08-17 01:56:53,714 | DEBUG    | main:744 |   Processed 20/32 in batch 57
2026-08-17 01:56:53,714 | DEBUG    | main:744 |   Processed 25/32 in batch 57
2026-08-17 01:56:53,715 | DEBUG    | main:744 |   Processed 30/32 in batch 57
2026-08-17 01:56:53,715 | INFO     | main:670 | Processing batch 58/282 (32 profiles)...
2026-08-17 01:57:37,195 | DEBUG    | main:744 |   Processed 5/32 in batch 58
2026-08-17 01:57:37,195 | DEBUG    | main:744 |   Processed 10/32 in batch 58
2026-08-17 01:57:37,196 | DEBUG    | main:744 |   Processed 15/32 in batch 58
2026-08-17 01:57:37,196 | DEBUG    | main:744 |   Processed 20/32 in batch 58
2026-08-17 01:57:37,196 | DEBUG    | main:744 |   Processed 25/32 in batch 58
2026-08-17 01:57:37,197 | DEBUG    | main:744 |   Processed 30/32 in batch 58
2026-08-17 01:57:37,197 | INFO     | main:670 | Processing batch 59/282 (32 profiles)...
2026-08-17 01:58:19,976 | DEBUG    | main:744 |   Processed 5/32 in batch 59
2026-08-17 01:58:19,976 | DEBUG    | main:744 |   Processed 10/32 in batch 59
2026-08-17 01:58:19,977 | DEBUG    | main:744 |   Processed 15/32 in batch 59
2026-08-17 01:58:19,977 | DEBUG    | main:744 |   Processed 20/32 in batch 59
2026-08-17 01:58:19,977 | DEBUG    | main:744 |   Processed 25/32 in batch 59
2026-08-17 01:58:19,978 | DEBUG    | main:744 |   Processed 30/32 in batch 59
2026-08-17 01:58:19,978 | INFO     | main:670 | Processing batch 60/282 (32 profiles)...
2026-08-17 01:59:03,006 | DEBUG    | main:744 |   Processed 5/32 in batch 60
2026-08-17 01:59:03,006 | DEBUG    | main:744 |   Processed 10/32 in batch 60
2026-08-17 01:59:03,006 | DEBUG    | main:744 |   Processed 15/32 in batch 60
2026-08-17 01:59:03,007 | DEBUG    | main:744 |   Processed 20/32 in batch 60
2026-08-17 01:59:03,007 | DEBUG    | main:744 |   Processed 25/32 in batch 60
2026-08-17 01:59:03,008 | DEBUG    | main:744 |   Processed 30/32 in batch 60
2026-08-17 01:59:03,008 | INFO     | main:670 | Processing batch 61/282 (32 profiles)...
2026-08-17 01:59:45,910 | DEBUG    | main:744 |   Processed 5/32 in batch 61
2026-08-17 01:59:45,910 | DEBUG    | main:744 |   Processed 10/32 in batch 61
2026-08-17 01:59:45,911 | DEBUG    | main:744 |   Processed 15/32 in batch 61
2026-08-17 01:59:45,911 | DEBUG    | main:744 |   Processed 20/32 in batch 61
2026-08-17 01:59:45,911 | DEBUG    | main:744 |   Processed 25/32 in batch 61
2026-08-17 01:59:45,912 | DEBUG    | main:744 |   Processed 30/32 in batch 61
2026-08-17 01:59:45,912 | INFO     | main:670 | Processing batch 62/282 (32 profiles)...
2026-08-17 02:00:29,323 | DEBUG    | main:744 |   Processed 5/32 in batch 62
2026-08-17 02:00:29,324 | DEBUG    | main:744 |   Processed 10/32 in batch 62
2026-08-17 02:00:29,324 | DEBUG    | main:744 |   Processed 15/32 in batch 62
2026-08-17 02:00:29,324 | DEBUG    | main:744 |   Processed 20/32 in batch 62
2026-08-17 02:00:29,325 | DEBUG    | main:744 |   Processed 25/32 in batch 62
2026-08-17 02:00:29,325 | DEBUG    | main:744 |   Processed 30/32 in batch 62
2026-08-17 02:00:29,325 | INFO     | main:670 | Processing batch 63/282 (32 profiles)...
2026-08-17 02:01:12,294 | DEBUG    | main:744 |   Processed 5/32 in batch 63
2026-08-17 02:01:12,294 | DEBUG    | main:744 |   Processed 10/32 in batch 63
2026-08-17 02:01:12,295 | DEBUG    | main:744 |   Processed 15/32 in batch 63
2026-08-17 02:01:12,295 | DEBUG    | main:744 |   Processed 20/32 in batch 63
2026-08-17 02:01:12,295 | DEBUG    | main:744 |   Processed 25/32 in batch 63
2026-08-17 02:01:12,296 | DEBUG    | main:744 |   Processed 30/32 in batch 63
2026-08-17 02:01:12,296 | INFO     | main:670 | Processing batch 64/282 (32 profiles)...
2026-08-17 02:01:55,227 | DEBUG    | main:744 |   Processed 5/32 in batch 64
2026-08-17 02:01:55,227 | DEBUG    | main:744 |   Processed 10/32 in batch 64
2026-08-17 02:01:55,228 | DEBUG    | main:744 |   Processed 15/32 in batch 64
2026-08-17 02:01:55,228 | DEBUG    | main:744 |   Processed 20/32 in batch 64
2026-08-17 02:01:55,228 | DEBUG    | main:744 |   Processed 25/32 in batch 64
2026-08-17 02:01:55,229 | DEBUG    | main:744 |   Processed 30/32 in batch 64
2026-08-17 02:01:55,229 | INFO     | main:670 | Processing batch 65/282 (32 profiles)...
2026-08-17 02:02:38,233 | DEBUG    | main:744 |   Processed 5/32 in batch 65
2026-08-17 02:02:38,234 | DEBUG    | main:744 |   Processed 10/32 in batch 65
2026-08-17 02:02:38,234 | DEBUG    | main:744 |   Processed 15/32 in batch 65
2026-08-17 02:02:38,235 | DEBUG    | main:744 |   Processed 20/32 in batch 65
2026-08-17 02:02:38,235 | DEBUG    | main:744 |   Processed 25/32 in batch 65
2026-08-17 02:02:38,235 | DEBUG    | main:744 |   Processed 30/32 in batch 65
2026-08-17 02:02:38,235 | INFO     | main:670 | Processing batch 66/282 (32 profiles)...
2026-08-17 02:03:21,188 | DEBUG    | main:744 |   Processed 5/32 in batch 66
2026-08-17 02:03:21,188 | DEBUG    | main:744 |   Processed 10/32 in batch 66
2026-08-17 02:03:21,189 | DEBUG    | main:744 |   Processed 15/32 in batch 66
2026-08-17 02:03:21,189 | DEBUG    | main:744 |   Processed 20/32 in batch 66
2026-08-17 02:03:21,189 | DEBUG    | main:744 |   Processed 25/32 in batch 66
2026-08-17 02:03:21,190 | DEBUG    | main:744 |   Processed 30/32 in batch 66
2026-08-17 02:03:21,190 | INFO     | main:670 | Processing batch 67/282 (32 profiles)...
2026-08-17 02:04:04,194 | DEBUG    | main:744 |   Processed 5/32 in batch 67
2026-08-17 02:04:04,194 | DEBUG    | main:744 |   Processed 10/32 in batch 67
2026-08-17 02:04:04,195 | DEBUG    | main:744 |   Processed 15/32 in batch 67
2026-08-17 02:04:04,195 | DEBUG    | main:744 |   Processed 20/32 in batch 67
2026-08-17 02:04:04,195 | DEBUG    | main:744 |   Processed 25/32 in batch 67
2026-08-17 02:04:04,196 | DEBUG    | main:744 |   Processed 30/32 in batch 67
2026-08-17 02:04:04,196 | INFO     | main:670 | Processing batch 68/282 (32 profiles)...
2026-08-17 02:04:47,099 | DEBUG    | main:744 |   Processed 5/32 in batch 68
2026-08-17 02:04:47,099 | DEBUG    | main:744 |   Processed 10/32 in batch 68
2026-08-17 02:04:47,099 | DEBUG    | main:744 |   Processed 15/32 in batch 68
2026-08-17 02:04:47,100 | DEBUG    | main:744 |   Processed 20/32 in batch 68
2026-08-17 02:04:47,100 | DEBUG    | main:744 |   Processed 25/32 in batch 68
2026-08-17 02:04:47,100 | DEBUG    | main:744 |   Processed 30/32 in batch 68
2026-08-17 02:04:47,101 | INFO     | main:670 | Processing batch 69/282 (32 profiles)...
2026-08-17 02:05:30,059 | DEBUG    | main:744 |   Processed 5/32 in batch 69
2026-08-17 02:05:30,060 | DEBUG    | main:744 |   Processed 10/32 in batch 69
2026-08-17 02:05:30,060 | DEBUG    | main:744 |   Processed 15/32 in batch 69
2026-08-17 02:05:30,060 | DEBUG    | main:744 |   Processed 20/32 in batch 69
2026-08-17 02:05:30,061 | DEBUG    | main:744 |   Processed 25/32 in batch 69
2026-08-17 02:05:30,061 | DEBUG    | main:744 |   Processed 30/32 in batch 69
2026-08-17 02:05:30,061 | INFO     | main:670 | Processing batch 70/282 (32 profiles)...
2026-08-17 02:06:12,999 | DEBUG    | main:744 |   Processed 5/32 in batch 70
2026-08-17 02:06:12,999 | DEBUG    | main:744 |   Processed 10/32 in batch 70
2026-08-17 02:06:13,000 | DEBUG    | main:744 |   Processed 15/32 in batch 70
2026-08-17 02:06:13,000 | DEBUG    | main:744 |   Processed 20/32 in batch 70
2026-08-17 02:06:13,000 | DEBUG    | main:744 |   Processed 25/32 in batch 70
2026-08-17 02:06:13,001 | DEBUG    | main:744 |   Processed 30/32 in batch 70
2026-08-17 02:06:13,001 | INFO     | main:670 | Processing batch 71/282 (32 profiles)...
2026-08-17 02:06:55,933 | DEBUG    | main:744 |   Processed 5/32 in batch 71
2026-08-17 02:06:55,934 | DEBUG    | main:744 |   Processed 10/32 in batch 71
2026-08-17 02:06:55,934 | DEBUG    | main:744 |   Processed 15/32 in batch 71
2026-08-17 02:06:55,934 | DEBUG    | main:744 |   Processed 20/32 in batch 71
2026-08-17 02:06:55,935 | DEBUG    | main:744 |   Processed 25/32 in batch 71
2026-08-17 02:06:55,935 | DEBUG    | main:744 |   Processed 30/32 in batch 71
2026-08-17 02:06:55,935 | INFO     | main:670 | Processing batch 72/282 (32 profiles)...
2026-08-17 02:07:38,818 | DEBUG    | main:744 |   Processed 5/32 in batch 72
2026-08-17 02:07:38,819 | DEBUG    | main:744 |   Processed 10/32 in batch 72
2026-08-17 02:07:38,819 | DEBUG    | main:744 |   Processed 15/32 in batch 72
2026-08-17 02:07:38,820 | DEBUG    | main:744 |   Processed 20/32 in batch 72
2026-08-17 02:07:38,820 | DEBUG    | main:744 |   Processed 25/32 in batch 72
2026-08-17 02:07:38,820 | DEBUG    | main:744 |   Processed 30/32 in batch 72
2026-08-17 02:07:38,820 | INFO     | main:670 | Processing batch 73/282 (32 profiles)...
2026-08-17 02:08:21,716 | DEBUG    | main:744 |   Processed 5/32 in batch 73
2026-08-17 02:08:21,716 | DEBUG    | main:744 |   Processed 10/32 in batch 73
2026-08-17 02:08:21,717 | DEBUG    | main:744 |   Processed 15/32 in batch 73
2026-08-17 02:08:21,717 | DEBUG    | main:744 |   Processed 20/32 in batch 73
2026-08-17 02:08:21,717 | DEBUG    | main:744 |   Processed 25/32 in batch 73
2026-08-17 02:08:21,718 | DEBUG    | main:744 |   Processed 30/32 in batch 73
2026-08-17 02:08:21,718 | INFO     | main:670 | Processing batch 74/282 (32 profiles)...
2026-08-17 02:09:04,641 | DEBUG    | main:744 |   Processed 5/32 in batch 74
2026-08-17 02:09:04,642 | DEBUG    | main:744 |   Processed 10/32 in batch 74
2026-08-17 02:09:04,642 | DEBUG    | main:744 |   Processed 15/32 in batch 74
2026-08-17 02:09:04,642 | DEBUG    | main:744 |   Processed 20/32 in batch 74
2026-08-17 02:09:04,643 | DEBUG    | main:744 |   Processed 25/32 in batch 74
2026-08-17 02:09:04,643 | DEBUG    | main:744 |   Processed 30/32 in batch 74
2026-08-17 02:09:04,643 | INFO     | main:670 | Processing batch 75/282 (32 profiles)...
2026-08-17 02:09:47,558 | DEBUG    | main:744 |   Processed 5/32 in batch 75
2026-08-17 02:09:47,559 | DEBUG    | main:744 |   Processed 10/32 in batch 75
2026-08-17 02:09:47,559 | DEBUG    | main:744 |   Processed 15/32 in batch 75
2026-08-17 02:09:47,560 | DEBUG    | main:744 |   Processed 20/32 in batch 75
2026-08-17 02:09:47,560 | DEBUG    | main:744 |   Processed 25/32 in batch 75
2026-08-17 02:09:47,560 | DEBUG    | main:744 |   Processed 30/32 in batch 75
2026-08-17 02:09:47,560 | INFO     | main:670 | Processing batch 76/282 (32 profiles)...
2026-08-17 02:10:31,071 | DEBUG    | main:744 |   Processed 5/32 in batch 76
2026-08-17 02:10:31,072 | DEBUG    | main:744 |   Processed 10/32 in batch 76
2026-08-17 02:10:31,072 | DEBUG    | main:744 |   Processed 15/32 in batch 76
2026-08-17 02:10:31,072 | DEBUG    | main:744 |   Processed 20/32 in batch 76
2026-08-17 02:10:31,073 | DEBUG    | main:744 |   Processed 25/32 in batch 76
2026-08-17 02:10:31,073 | DEBUG    | main:744 |   Processed 30/32 in batch 76
2026-08-17 02:10:31,073 | INFO     | main:670 | Processing batch 77/282 (32 profiles)...
2026-08-17 02:11:13,964 | DEBUG    | main:744 |   Processed 5/32 in batch 77
2026-08-17 02:11:13,964 | DEBUG    | main:744 |   Processed 10/32 in batch 77
2026-08-17 02:11:13,965 | DEBUG    | main:744 |   Processed 15/32 in batch 77
2026-08-17 02:11:13,965 | DEBUG    | main:744 |   Processed 20/32 in batch 77
2026-08-17 02:11:13,965 | DEBUG    | main:744 |   Processed 25/32 in batch 77
2026-08-17 02:11:13,966 | DEBUG    | main:744 |   Processed 30/32 in batch 77
2026-08-17 02:11:13,966 | INFO     | main:670 | Processing batch 78/282 (32 profiles)...
2026-08-17 02:11:56,854 | DEBUG    | main:744 |   Processed 5/32 in batch 78
2026-08-17 02:11:56,855 | DEBUG    | main:744 |   Processed 10/32 in batch 78
2026-08-17 02:11:56,855 | DEBUG    | main:744 |   Processed 15/32 in batch 78
2026-08-17 02:11:56,855 | DEBUG    | main:744 |   Processed 20/32 in batch 78
2026-08-17 02:11:56,856 | DEBUG    | main:744 |   Processed 25/32 in batch 78
2026-08-17 02:11:56,856 | DEBUG    | main:744 |   Processed 30/32 in batch 78
2026-08-17 02:11:56,856 | INFO     | main:670 | Processing batch 79/282 (32 profiles)...
2026-08-17 02:12:39,778 | DEBUG    | main:744 |   Processed 5/32 in batch 79
2026-08-17 02:12:39,779 | DEBUG    | main:744 |   Processed 10/32 in batch 79
2026-08-17 02:12:39,779 | DEBUG    | main:744 |   Processed 15/32 in batch 79
2026-08-17 02:12:39,779 | DEBUG    | main:744 |   Processed 20/32 in batch 79
2026-08-17 02:12:39,780 | DEBUG    | main:744 |   Processed 25/32 in batch 79
2026-08-17 02:12:39,780 | DEBUG    | main:744 |   Processed 30/32 in batch 79
2026-08-17 02:12:39,780 | INFO     | main:670 | Processing batch 80/282 (32 profiles)...
2026-08-17 02:13:22,665 | DEBUG    | main:744 |   Processed 5/32 in batch 80
2026-08-17 02:13:22,665 | DEBUG    | main:744 |   Processed 10/32 in batch 80
2026-08-17 02:13:22,665 | DEBUG    | main:744 |   Processed 15/32 in batch 80
2026-08-17 02:13:22,666 | DEBUG    | main:744 |   Processed 20/32 in batch 80
2026-08-17 02:13:22,666 | DEBUG    | main:744 |   Processed 25/32 in batch 80
2026-08-17 02:13:22,666 | DEBUG    | main:744 |   Processed 30/32 in batch 80
2026-08-17 02:13:22,667 | INFO     | main:670 | Processing batch 81/282 (32 profiles)...
2026-08-17 02:14:05,441 | DEBUG    | main:744 |   Processed 5/32 in batch 81
2026-08-17 02:14:05,442 | DEBUG    | main:744 |   Processed 10/32 in batch 81
2026-08-17 02:14:05,442 | DEBUG    | main:744 |   Processed 15/32 in batch 81
2026-08-17 02:14:05,443 | DEBUG    | main:744 |   Processed 20/32 in batch 81
2026-08-17 02:14:05,443 | DEBUG    | main:744 |   Processed 25/32 in batch 81
2026-08-17 02:14:05,443 | DEBUG    | main:744 |   Processed 30/32 in batch 81
2026-08-17 02:14:05,443 | INFO     | main:670 | Processing batch 82/282 (32 profiles)...
2026-08-17 02:14:49,043 | DEBUG    | main:744 |   Processed 5/32 in batch 82
2026-08-17 02:14:49,044 | DEBUG    | main:744 |   Processed 10/32 in batch 82
2026-08-17 02:14:49,044 | DEBUG    | main:744 |   Processed 15/32 in batch 82
2026-08-17 02:14:49,044 | DEBUG    | main:744 |   Processed 20/32 in batch 82
2026-08-17 02:14:49,045 | DEBUG    | main:744 |   Processed 25/32 in batch 82
2026-08-17 02:14:49,045 | DEBUG    | main:744 |   Processed 30/32 in batch 82
2026-08-17 02:14:49,045 | INFO     | main:670 | Processing batch 83/282 (32 profiles)...
2026-08-17 02:15:32,565 | DEBUG    | main:744 |   Processed 5/32 in batch 83
2026-08-17 02:15:32,565 | DEBUG    | main:744 |   Processed 10/32 in batch 83
2026-08-17 02:15:32,566 | DEBUG    | main:744 |   Processed 15/32 in batch 83
2026-08-17 02:15:32,566 | DEBUG    | main:744 |   Processed 20/32 in batch 83
2026-08-17 02:15:32,566 | DEBUG    | main:744 |   Processed 25/32 in batch 83
2026-08-17 02:15:32,567 | DEBUG    | main:744 |   Processed 30/32 in batch 83
2026-08-17 02:15:32,567 | INFO     | main:670 | Processing batch 84/282 (32 profiles)...
2026-08-17 02:16:16,069 | DEBUG    | main:744 |   Processed 5/32 in batch 84
2026-08-17 02:16:16,069 | DEBUG    | main:744 |   Processed 10/32 in batch 84
2026-08-17 02:16:16,070 | DEBUG    | main:744 |   Processed 15/32 in batch 84
2026-08-17 02:16:16,070 | DEBUG    | main:744 |   Processed 20/32 in batch 84
2026-08-17 02:16:16,070 | DEBUG    | main:744 |   Processed 25/32 in batch 84
2026-08-17 02:16:16,071 | DEBUG    | main:744 |   Processed 30/32 in batch 84
2026-08-17 02:16:16,071 | INFO     | main:670 | Processing batch 85/282 (32 profiles)...
2026-08-17 02:16:59,622 | DEBUG    | main:744 |   Processed 5/32 in batch 85
2026-08-17 02:16:59,623 | DEBUG    | main:744 |   Processed 10/32 in batch 85
2026-08-17 02:16:59,623 | DEBUG    | main:744 |   Processed 15/32 in batch 85
2026-08-17 02:16:59,623 | DEBUG    | main:744 |   Processed 20/32 in batch 85
2026-08-17 02:16:59,624 | DEBUG    | main:744 |   Processed 25/32 in batch 85
2026-08-17 02:16:59,624 | DEBUG    | main:744 |   Processed 30/32 in batch 85
2026-08-17 02:16:59,624 | INFO     | main:670 | Processing batch 86/282 (32 profiles)...
2026-08-17 02:17:43,068 | DEBUG    | main:744 |   Processed 5/32 in batch 86
2026-08-17 02:17:43,068 | DEBUG    | main:744 |   Processed 10/32 in batch 86
2026-08-17 02:17:43,068 | DEBUG    | main:744 |   Processed 15/32 in batch 86
2026-08-17 02:17:43,069 | DEBUG    | main:744 |   Processed 20/32 in batch 86
2026-08-17 02:17:43,069 | DEBUG    | main:744 |   Processed 25/32 in batch 86
2026-08-17 02:17:43,069 | DEBUG    | main:744 |   Processed 30/32 in batch 86
2026-08-17 02:17:43,070 | INFO     | main:670 | Processing batch 87/282 (32 profiles)...
2026-08-17 02:18:26,218 | DEBUG    | main:744 |   Processed 5/32 in batch 87
2026-08-17 02:18:26,219 | DEBUG    | main:744 |   Processed 10/32 in batch 87
2026-08-17 02:18:26,219 | DEBUG    | main:744 |   Processed 15/32 in batch 87
2026-08-17 02:18:26,219 | DEBUG    | main:744 |   Processed 20/32 in batch 87
2026-08-17 02:18:26,220 | DEBUG    | main:744 |   Processed 25/32 in batch 87
2026-08-17 02:18:26,220 | DEBUG    | main:744 |   Processed 30/32 in batch 87
2026-08-17 02:18:26,220 | INFO     | main:670 | Processing batch 88/282 (32 profiles)...
2026-08-17 02:19:09,262 | DEBUG    | main:744 |   Processed 5/32 in batch 88
2026-08-17 02:19:09,262 | DEBUG    | main:744 |   Processed 10/32 in batch 88
2026-08-17 02:19:09,263 | DEBUG    | main:744 |   Processed 15/32 in batch 88
2026-08-17 02:19:09,263 | DEBUG    | main:744 |   Processed 20/32 in batch 88
2026-08-17 02:19:09,263 | DEBUG    | main:744 |   Processed 25/32 in batch 88
2026-08-17 02:19:09,264 | DEBUG    | main:744 |   Processed 30/32 in batch 88
2026-08-17 02:19:09,264 | INFO     | main:670 | Processing batch 89/282 (32 profiles)...
2026-08-17 02:19:52,311 | DEBUG    | main:744 |   Processed 5/32 in batch 89
2026-08-17 02:19:52,311 | DEBUG    | main:744 |   Processed 10/32 in batch 89
2026-08-17 02:19:52,312 | DEBUG    | main:744 |   Processed 15/32 in batch 89
2026-08-17 02:19:52,312 | DEBUG    | main:744 |   Processed 20/32 in batch 89
2026-08-17 02:19:52,313 | DEBUG    | main:744 |   Processed 25/32 in batch 89
2026-08-17 02:19:52,313 | DEBUG    | main:744 |   Processed 30/32 in batch 89
2026-08-17 02:19:52,313 | INFO     | main:670 | Processing batch 90/282 (32 profiles)...
2026-08-17 02:20:35,402 | DEBUG    | main:744 |   Processed 5/32 in batch 90
2026-08-17 02:20:35,402 | DEBUG    | main:744 |   Processed 10/32 in batch 90
2026-08-17 02:20:35,403 | DEBUG    | main:744 |   Processed 15/32 in batch 90
2026-08-17 02:20:35,403 | DEBUG    | main:744 |   Processed 20/32 in batch 90
2026-08-17 02:20:35,403 | DEBUG    | main:744 |   Processed 25/32 in batch 90
2026-08-17 02:20:35,404 | DEBUG    | main:744 |   Processed 30/32 in batch 90
2026-08-17 02:20:35,404 | INFO     | main:670 | Processing batch 91/282 (32 profiles)...
2026-08-17 02:21:18,516 | DEBUG    | main:744 |   Processed 5/32 in batch 91
2026-08-17 02:21:18,516 | DEBUG    | main:744 |   Processed 10/32 in batch 91
2026-08-17 02:21:18,517 | DEBUG    | main:744 |   Processed 15/32 in batch 91
2026-08-17 02:21:18,517 | DEBUG    | main:744 |   Processed 20/32 in batch 91
2026-08-17 02:21:18,517 | DEBUG    | main:744 |   Processed 25/32 in batch 91
2026-08-17 02:21:18,518 | DEBUG    | main:744 |   Processed 30/32 in batch 91
2026-08-17 02:21:18,518 | INFO     | main:670 | Processing batch 92/282 (32 profiles)...
2026-08-17 02:22:01,851 | DEBUG    | main:744 |   Processed 5/32 in batch 92
2026-08-17 02:22:01,852 | DEBUG    | main:744 |   Processed 10/32 in batch 92
2026-08-17 02:22:01,852 | DEBUG    | main:744 |   Processed 15/32 in batch 92
2026-08-17 02:22:01,852 | DEBUG    | main:744 |   Processed 20/32 in batch 92
2026-08-17 02:22:01,853 | DEBUG    | main:744 |   Processed 25/32 in batch 92
2026-08-17 02:22:01,853 | DEBUG    | main:744 |   Processed 30/32 in batch 92
2026-08-17 02:22:01,853 | INFO     | main:670 | Processing batch 93/282 (32 profiles)...
2026-08-17 02:22:45,021 | DEBUG    | main:744 |   Processed 5/32 in batch 93
2026-08-17 02:22:45,022 | DEBUG    | main:744 |   Processed 10/32 in batch 93
2026-08-17 02:22:45,022 | DEBUG    | main:744 |   Processed 15/32 in batch 93
2026-08-17 02:22:45,023 | DEBUG    | main:744 |   Processed 20/32 in batch 93
2026-08-17 02:22:45,023 | DEBUG    | main:744 |   Processed 25/32 in batch 93
2026-08-17 02:22:45,023 | DEBUG    | main:744 |   Processed 30/32 in batch 93
2026-08-17 02:22:45,024 | INFO     | main:670 | Processing batch 94/282 (32 profiles)...
2026-08-17 02:23:27,795 | DEBUG    | main:744 |   Processed 5/32 in batch 94
2026-08-17 02:23:27,796 | DEBUG    | main:744 |   Processed 10/32 in batch 94
2026-08-17 02:23:27,796 | DEBUG    | main:744 |   Processed 15/32 in batch 94
2026-08-17 02:23:27,796 | DEBUG    | main:744 |   Processed 20/32 in batch 94
2026-08-17 02:23:27,797 | DEBUG    | main:744 |   Processed 25/32 in batch 94
2026-08-17 02:23:27,797 | DEBUG    | main:744 |   Processed 30/32 in batch 94
2026-08-17 02:23:27,797 | INFO     | main:670 | Processing batch 95/282 (32 profiles)...
2026-08-17 02:24:12,061 | DEBUG    | main:744 |   Processed 5/32 in batch 95
2026-08-17 02:24:12,061 | DEBUG    | main:744 |   Processed 10/32 in batch 95
2026-08-17 02:24:12,061 | DEBUG    | main:744 |   Processed 15/32 in batch 95
2026-08-17 02:24:12,062 | DEBUG    | main:744 |   Processed 20/32 in batch 95
2026-08-17 02:24:12,062 | DEBUG    | main:744 |   Processed 25/32 in batch 95
2026-08-17 02:24:12,063 | DEBUG    | main:744 |   Processed 30/32 in batch 95
2026-08-17 02:24:12,063 | INFO     | main:670 | Processing batch 96/282 (32 profiles)...
2026-08-17 02:24:55,458 | DEBUG    | main:744 |   Processed 5/32 in batch 96
2026-08-17 02:24:55,459 | DEBUG    | main:744 |   Processed 10/32 in batch 96
2026-08-17 02:24:55,459 | DEBUG    | main:744 |   Processed 15/32 in batch 96
2026-08-17 02:24:55,459 | DEBUG    | main:744 |   Processed 20/32 in batch 96
2026-08-17 02:24:55,460 | DEBUG    | main:744 |   Processed 25/32 in batch 96
2026-08-17 02:24:55,460 | DEBUG    | main:744 |   Processed 30/32 in batch 96
2026-08-17 02:24:55,460 | INFO     | main:670 | Processing batch 97/282 (32 profiles)...
2026-08-17 02:25:38,769 | DEBUG    | main:744 |   Processed 5/32 in batch 97
2026-08-17 02:25:38,770 | DEBUG    | main:744 |   Processed 10/32 in batch 97
2026-08-17 02:25:38,770 | DEBUG    | main:744 |   Processed 15/32 in batch 97
2026-08-17 02:25:38,771 | DEBUG    | main:744 |   Processed 20/32 in batch 97
2026-08-17 02:25:38,771 | DEBUG    | main:744 |   Processed 25/32 in batch 97
2026-08-17 02:25:38,771 | DEBUG    | main:744 |   Processed 30/32 in batch 97
2026-08-17 02:25:38,771 | INFO     | main:670 | Processing batch 98/282 (32 profiles)...
2026-08-17 02:26:21,827 | DEBUG    | main:744 |   Processed 5/32 in batch 98
2026-08-17 02:26:21,827 | DEBUG    | main:744 |   Processed 10/32 in batch 98
2026-08-17 02:26:21,828 | DEBUG    | main:744 |   Processed 15/32 in batch 98
2026-08-17 02:26:21,828 | DEBUG    | main:744 |   Processed 20/32 in batch 98
2026-08-17 02:26:21,828 | DEBUG    | main:744 |   Processed 25/32 in batch 98
2026-08-17 02:26:21,829 | DEBUG    | main:744 |   Processed 30/32 in batch 98
2026-08-17 02:26:21,829 | INFO     | main:670 | Processing batch 99/282 (32 profiles)...
2026-08-17 02:27:04,831 | DEBUG    | main:744 |   Processed 5/32 in batch 99
2026-08-17 02:27:04,832 | DEBUG    | main:744 |   Processed 10/32 in batch 99
2026-08-17 02:27:04,832 | DEBUG    | main:744 |   Processed 15/32 in batch 99
2026-08-17 02:27:04,833 | DEBUG    | main:744 |   Processed 20/32 in batch 99
2026-08-17 02:27:04,833 | DEBUG    | main:744 |   Processed 25/32 in batch 99
2026-08-17 02:27:04,833 | DEBUG    | main:744 |   Processed 30/32 in batch 99
2026-08-17 02:27:04,833 | INFO     | main:670 | Processing batch 100/282 (32 profiles)...
2026-08-17 02:27:47,735 | DEBUG    | main:744 |   Processed 5/32 in batch 100
2026-08-17 02:27:47,735 | DEBUG    | main:744 |   Processed 10/32 in batch 100
2026-08-17 02:27:47,736 | DEBUG    | main:744 |   Processed 15/32 in batch 100
2026-08-17 02:27:47,736 | DEBUG    | main:744 |   Processed 20/32 in batch 100
2026-08-17 02:27:47,736 | DEBUG    | main:744 |   Processed 25/32 in batch 100
2026-08-17 02:27:47,737 | DEBUG    | main:744 |   Processed 30/32 in batch 100
2026-08-17 02:27:47,737 | INFO     | main:670 | Processing batch 101/282 (32 profiles)...
2026-08-17 02:28:30,691 | DEBUG    | main:744 |   Processed 5/32 in batch 101
2026-08-17 02:28:30,692 | DEBUG    | main:744 |   Processed 10/32 in batch 101
2026-08-17 02:28:30,692 | DEBUG    | main:744 |   Processed 15/32 in batch 101
2026-08-17 02:28:30,693 | DEBUG    | main:744 |   Processed 20/32 in batch 101
2026-08-17 02:28:30,693 | DEBUG    | main:744 |   Processed 25/32 in batch 101
2026-08-17 02:28:30,693 | DEBUG    | main:744 |   Processed 30/32 in batch 101
2026-08-17 02:28:30,694 | INFO     | main:670 | Processing batch 102/282 (32 profiles)...
2026-08-17 02:29:13,690 | DEBUG    | main:744 |   Processed 5/32 in batch 102
2026-08-17 02:29:13,690 | DEBUG    | main:744 |   Processed 10/32 in batch 102
2026-08-17 02:29:13,690 | DEBUG    | main:744 |   Processed 15/32 in batch 102
2026-08-17 02:29:13,691 | DEBUG    | main:744 |   Processed 20/32 in batch 102
2026-08-17 02:29:13,691 | DEBUG    | main:744 |   Processed 25/32 in batch 102
2026-08-17 02:29:13,691 | DEBUG    | main:744 |   Processed 30/32 in batch 102
2026-08-17 02:29:13,692 | INFO     | main:670 | Processing batch 103/282 (32 profiles)...
2026-08-17 02:29:56,679 | DEBUG    | main:744 |   Processed 5/32 in batch 103
2026-08-17 02:29:56,679 | DEBUG    | main:744 |   Processed 10/32 in batch 103
2026-08-17 02:29:56,680 | DEBUG    | main:744 |   Processed 15/32 in batch 103
2026-08-17 02:29:56,680 | DEBUG    | main:744 |   Processed 20/32 in batch 103
2026-08-17 02:29:56,680 | DEBUG    | main:744 |   Processed 25/32 in batch 103
2026-08-17 02:29:56,681 | DEBUG    | main:744 |   Processed 30/32 in batch 103
2026-08-17 02:29:56,681 | INFO     | main:670 | Processing batch 104/282 (32 profiles)...
2026-08-17 02:30:40,338 | DEBUG    | main:744 |   Processed 5/32 in batch 104
2026-08-17 02:30:40,339 | DEBUG    | main:744 |   Processed 10/32 in batch 104
2026-08-17 02:30:40,339 | DEBUG    | main:744 |   Processed 15/32 in batch 104
2026-08-17 02:30:40,339 | DEBUG    | main:744 |   Processed 20/32 in batch 104
2026-08-17 02:30:40,340 | DEBUG    | main:744 |   Processed 25/32 in batch 104
2026-08-17 02:30:40,340 | DEBUG    | main:744 |   Processed 30/32 in batch 104
2026-08-17 02:30:40,340 | INFO     | main:670 | Processing batch 105/282 (32 profiles)...
2026-08-17 02:31:23,969 | DEBUG    | main:744 |   Processed 5/32 in batch 105
2026-08-17 02:31:23,969 | DEBUG    | main:744 |   Processed 10/32 in batch 105
2026-08-17 02:31:23,970 | DEBUG    | main:744 |   Processed 15/32 in batch 105
2026-08-17 02:31:23,970 | DEBUG    | main:744 |   Processed 20/32 in batch 105
2026-08-17 02:31:23,970 | DEBUG    | main:744 |   Processed 25/32 in batch 105
2026-08-17 02:31:23,971 | DEBUG    | main:744 |   Processed 30/32 in batch 105
2026-08-17 02:31:23,971 | INFO     | main:670 | Processing batch 106/282 (32 profiles)...
2026-08-17 02:32:07,615 | DEBUG    | main:744 |   Processed 5/32 in batch 106
2026-08-17 02:32:07,615 | DEBUG    | main:744 |   Processed 10/32 in batch 106
2026-08-17 02:32:07,616 | DEBUG    | main:744 |   Processed 15/32 in batch 106
2026-08-17 02:32:07,616 | DEBUG    | main:744 |   Processed 20/32 in batch 106
2026-08-17 02:32:07,616 | DEBUG    | main:744 |   Processed 25/32 in batch 106
2026-08-17 02:32:07,617 | DEBUG    | main:744 |   Processed 30/32 in batch 106
2026-08-17 02:32:07,617 | INFO     | main:670 | Processing batch 107/282 (32 profiles)...
2026-08-17 02:32:51,218 | DEBUG    | main:744 |   Processed 5/32 in batch 107
2026-08-17 02:32:51,218 | DEBUG    | main:744 |   Processed 10/32 in batch 107
2026-08-17 02:32:51,219 | DEBUG    | main:744 |   Processed 15/32 in batch 107
2026-08-17 02:32:51,219 | DEBUG    | main:744 |   Processed 20/32 in batch 107
2026-08-17 02:32:51,219 | DEBUG    | main:744 |   Processed 25/32 in batch 107
2026-08-17 02:32:51,220 | DEBUG    | main:744 |   Processed 30/32 in batch 107
2026-08-17 02:32:51,220 | INFO     | main:670 | Processing batch 108/282 (32 profiles)...
2026-08-17 02:33:34,827 | DEBUG    | main:744 |   Processed 5/32 in batch 108
2026-08-17 02:33:34,827 | DEBUG    | main:744 |   Processed 10/32 in batch 108
2026-08-17 02:33:34,827 | DEBUG    | main:744 |   Processed 15/32 in batch 108
2026-08-17 02:33:34,828 | DEBUG    | main:744 |   Processed 20/32 in batch 108
2026-08-17 02:33:34,828 | DEBUG    | main:744 |   Processed 25/32 in batch 108
2026-08-17 02:33:34,828 | DEBUG    | main:744 |   Processed 30/32 in batch 108
2026-08-17 02:33:34,829 | INFO     | main:670 | Processing batch 109/282 (32 profiles)...
2026-08-17 02:34:18,500 | DEBUG    | main:744 |   Processed 5/32 in batch 109
2026-08-17 02:34:18,516 | DEBUG    | main:744 |   Processed 10/32 in batch 109
2026-08-17 02:34:18,516 | DEBUG    | main:744 |   Processed 15/32 in batch 109
2026-08-17 02:34:18,517 | DEBUG    | main:744 |   Processed 20/32 in batch 109
2026-08-17 02:34:18,517 | DEBUG    | main:744 |   Processed 25/32 in batch 109
2026-08-17 02:34:18,517 | DEBUG    | main:744 |   Processed 30/32 in batch 109
2026-08-17 02:34:18,517 | INFO     | main:670 | Processing batch 110/282 (32 profiles)...
2026-08-17 02:35:02,135 | DEBUG    | main:744 |   Processed 5/32 in batch 110
2026-08-17 02:35:02,135 | DEBUG    | main:744 |   Processed 10/32 in batch 110
2026-08-17 02:35:02,136 | DEBUG    | main:744 |   Processed 15/32 in batch 110
2026-08-17 02:35:02,136 | DEBUG    | main:744 |   Processed 20/32 in batch 110
2026-08-17 02:35:02,137 | DEBUG    | main:744 |   Processed 25/32 in batch 110
2026-08-17 02:35:02,137 | DEBUG    | main:744 |   Processed 30/32 in batch 110
2026-08-17 02:35:02,137 | INFO     | main:670 | Processing batch 111/282 (32 profiles)...
2026-08-17 02:35:45,829 | DEBUG    | main:744 |   Processed 5/32 in batch 111
2026-08-17 02:35:45,829 | DEBUG    | main:744 |   Processed 10/32 in batch 111
2026-08-17 02:35:45,830 | DEBUG    | main:744 |   Processed 15/32 in batch 111
2026-08-17 02:35:45,830 | DEBUG    | main:744 |   Processed 20/32 in batch 111
2026-08-17 02:35:45,830 | DEBUG    | main:744 |   Processed 25/32 in batch 111
2026-08-17 02:35:45,831 | DEBUG    | main:744 |   Processed 30/32 in batch 111
2026-08-17 02:35:45,831 | INFO     | main:670 | Processing batch 112/282 (32 profiles)...
2026-08-17 02:36:29,503 | DEBUG    | main:744 |   Processed 5/32 in batch 112
2026-08-17 02:36:29,503 | DEBUG    | main:744 |   Processed 10/32 in batch 112
2026-08-17 02:36:29,504 | DEBUG    | main:744 |   Processed 15/32 in batch 112
2026-08-17 02:36:29,504 | DEBUG    | main:744 |   Processed 20/32 in batch 112
2026-08-17 02:36:29,504 | DEBUG    | main:744 |   Processed 25/32 in batch 112
2026-08-17 02:36:29,505 | DEBUG    | main:744 |   Processed 30/32 in batch 112
2026-08-17 02:36:29,505 | INFO     | main:670 | Processing batch 113/282 (32 profiles)...
2026-08-17 02:37:13,204 | DEBUG    | main:744 |   Processed 5/32 in batch 113
2026-08-17 02:37:13,205 | DEBUG    | main:744 |   Processed 10/32 in batch 113
2026-08-17 02:37:13,205 | DEBUG    | main:744 |   Processed 15/32 in batch 113
2026-08-17 02:37:13,206 | DEBUG    | main:744 |   Processed 20/32 in batch 113
2026-08-17 02:37:13,206 | DEBUG    | main:744 |   Processed 25/32 in batch 113
2026-08-17 02:37:13,206 | DEBUG    | main:744 |   Processed 30/32 in batch 113
2026-08-17 02:37:13,206 | INFO     | main:670 | Processing batch 114/282 (32 profiles)...
2026-08-17 02:37:56,783 | DEBUG    | main:744 |   Processed 5/32 in batch 114
2026-08-17 02:37:56,784 | DEBUG    | main:744 |   Processed 10/32 in batch 114
2026-08-17 02:37:56,784 | DEBUG    | main:744 |   Processed 15/32 in batch 114
2026-08-17 02:37:56,784 | DEBUG    | main:744 |   Processed 20/32 in batch 114
2026-08-17 02:37:56,785 | DEBUG    | main:744 |   Processed 25/32 in batch 114
2026-08-17 02:37:56,785 | DEBUG    | main:744 |   Processed 30/32 in batch 114
2026-08-17 02:37:56,785 | INFO     | main:670 | Processing batch 115/282 (32 profiles)...
2026-08-17 02:38:40,469 | DEBUG    | main:744 |   Processed 5/32 in batch 115
2026-08-17 02:38:40,470 | DEBUG    | main:744 |   Processed 10/32 in batch 115
2026-08-17 02:38:40,470 | DEBUG    | main:744 |   Processed 15/32 in batch 115
2026-08-17 02:38:40,471 | DEBUG    | main:744 |   Processed 20/32 in batch 115
2026-08-17 02:38:40,471 | DEBUG    | main:744 |   Processed 25/32 in batch 115
2026-08-17 02:38:40,471 | DEBUG    | main:744 |   Processed 30/32 in batch 115
2026-08-17 02:38:40,471 | INFO     | main:670 | Processing batch 116/282 (32 profiles)...
2026-08-17 02:39:24,156 | DEBUG    | main:744 |   Processed 5/32 in batch 116
2026-08-17 02:39:24,156 | DEBUG    | main:744 |   Processed 10/32 in batch 116
2026-08-17 02:39:24,156 | DEBUG    | main:744 |   Processed 15/32 in batch 116
2026-08-17 02:39:24,157 | DEBUG    | main:744 |   Processed 20/32 in batch 116
2026-08-17 02:39:24,158 | DEBUG    | main:744 |   Processed 25/32 in batch 116
2026-08-17 02:39:24,158 | DEBUG    | main:744 |   Processed 30/32 in batch 116
2026-08-17 02:39:24,158 | INFO     | main:670 | Processing batch 117/282 (32 profiles)...
2026-08-17 02:40:07,891 | DEBUG    | main:744 |   Processed 5/32 in batch 117
2026-08-17 02:40:07,891 | DEBUG    | main:744 |   Processed 10/32 in batch 117
2026-08-17 02:40:07,891 | DEBUG    | main:744 |   Processed 15/32 in batch 117
2026-08-17 02:40:07,892 | DEBUG    | main:744 |   Processed 20/32 in batch 117
2026-08-17 02:40:07,892 | DEBUG    | main:744 |   Processed 25/32 in batch 117
2026-08-17 02:40:07,893 | DEBUG    | main:744 |   Processed 30/32 in batch 117
2026-08-17 02:40:07,893 | INFO     | main:670 | Processing batch 118/282 (32 profiles)...
2026-08-17 02:40:51,618 | DEBUG    | main:744 |   Processed 5/32 in batch 118
2026-08-17 02:40:51,619 | DEBUG    | main:744 |   Processed 10/32 in batch 118
2026-08-17 02:40:51,619 | DEBUG    | main:744 |   Processed 15/32 in batch 118
2026-08-17 02:40:51,620 | DEBUG    | main:744 |   Processed 20/32 in batch 118
2026-08-17 02:40:51,620 | DEBUG    | main:744 |   Processed 25/32 in batch 118
2026-08-17 02:40:51,620 | DEBUG    | main:744 |   Processed 30/32 in batch 118
2026-08-17 02:40:51,621 | INFO     | main:670 | Processing batch 119/282 (32 profiles)...
2026-08-17 02:41:35,337 | DEBUG    | main:744 |   Processed 5/32 in batch 119
2026-08-17 02:41:35,337 | DEBUG    | main:744 |   Processed 10/32 in batch 119
2026-08-17 02:41:35,338 | DEBUG    | main:744 |   Processed 15/32 in batch 119
2026-08-17 02:41:35,338 | DEBUG    | main:744 |   Processed 20/32 in batch 119
2026-08-17 02:41:35,338 | DEBUG    | main:744 |   Processed 25/32 in batch 119
2026-08-17 02:41:35,339 | DEBUG    | main:744 |   Processed 30/32 in batch 119
2026-08-17 02:41:35,339 | INFO     | main:670 | Processing batch 120/282 (32 profiles)...
2026-08-17 02:42:19,096 | DEBUG    | main:744 |   Processed 5/32 in batch 120
2026-08-17 02:42:19,096 | DEBUG    | main:744 |   Processed 10/32 in batch 120
2026-08-17 02:42:19,097 | DEBUG    | main:744 |   Processed 15/32 in batch 120
2026-08-17 02:42:19,097 | DEBUG    | main:744 |   Processed 20/32 in batch 120
2026-08-17 02:42:19,097 | DEBUG    | main:744 |   Processed 25/32 in batch 120
2026-08-17 02:42:19,098 | DEBUG    | main:744 |   Processed 30/32 in batch 120
2026-08-17 02:42:19,098 | INFO     | main:670 | Processing batch 121/282 (32 profiles)...
2026-08-17 02:43:02,811 | DEBUG    | main:744 |   Processed 5/32 in batch 121
2026-08-17 02:43:02,812 | DEBUG    | main:744 |   Processed 10/32 in batch 121
2026-08-17 02:43:02,812 | DEBUG    | main:744 |   Processed 15/32 in batch 121
2026-08-17 02:43:02,813 | DEBUG    | main:744 |   Processed 20/32 in batch 121
2026-08-17 02:43:02,813 | DEBUG    | main:744 |   Processed 25/32 in batch 121
2026-08-17 02:43:02,813 | DEBUG    | main:744 |   Processed 30/32 in batch 121
2026-08-17 02:43:02,813 | INFO     | main:670 | Processing batch 122/282 (32 profiles)...
2026-08-17 02:43:46,617 | DEBUG    | main:744 |   Processed 5/32 in batch 122
2026-08-17 02:43:46,618 | DEBUG    | main:744 |   Processed 10/32 in batch 122
2026-08-17 02:43:46,618 | DEBUG    | main:744 |   Processed 15/32 in batch 122
2026-08-17 02:43:46,619 | DEBUG    | main:744 |   Processed 20/32 in batch 122
2026-08-17 02:43:46,619 | DEBUG    | main:744 |   Processed 25/32 in batch 122
2026-08-17 02:43:46,619 | DEBUG    | main:744 |   Processed 30/32 in batch 122
2026-08-17 02:43:46,619 | INFO     | main:670 | Processing batch 123/282 (32 profiles)...
2026-08-17 02:44:30,007 | DEBUG    | main:744 |   Processed 5/32 in batch 123
2026-08-17 02:44:30,008 | DEBUG    | main:744 |   Processed 10/32 in batch 123
2026-08-17 02:44:30,008 | DEBUG    | main:744 |   Processed 15/32 in batch 123
2026-08-17 02:44:30,008 | DEBUG    | main:744 |   Processed 20/32 in batch 123
2026-08-17 02:44:30,009 | DEBUG    | main:744 |   Processed 25/32 in batch 123
2026-08-17 02:44:30,009 | DEBUG    | main:744 |   Processed 30/32 in batch 123
2026-08-17 02:44:30,010 | INFO     | main:670 | Processing batch 124/282 (32 profiles)...
2026-08-17 02:45:13,169 | DEBUG    | main:744 |   Processed 5/32 in batch 124
2026-08-17 02:45:13,169 | DEBUG    | main:744 |   Processed 10/32 in batch 124
2026-08-17 02:45:13,170 | DEBUG    | main:744 |   Processed 15/32 in batch 124
2026-08-17 02:45:13,170 | DEBUG    | main:744 |   Processed 20/32 in batch 124
2026-08-17 02:45:13,170 | DEBUG    | main:744 |   Processed 25/32 in batch 124
2026-08-17 02:45:13,171 | DEBUG    | main:744 |   Processed 30/32 in batch 124
2026-08-17 02:45:13,171 | INFO     | main:670 | Processing batch 125/282 (32 profiles)...
2026-08-17 02:45:56,308 | DEBUG    | main:744 |   Processed 5/32 in batch 125
2026-08-17 02:45:56,309 | DEBUG    | main:744 |   Processed 10/32 in batch 125
2026-08-17 02:45:56,309 | DEBUG    | main:744 |   Processed 15/32 in batch 125
2026-08-17 02:45:56,309 | DEBUG    | main:744 |   Processed 20/32 in batch 125
2026-08-17 02:45:56,310 | DEBUG    | main:744 |   Processed 25/32 in batch 125
2026-08-17 02:45:56,310 | DEBUG    | main:744 |   Processed 30/32 in batch 125
2026-08-17 02:45:56,310 | INFO     | main:670 | Processing batch 126/282 (32 profiles)...
2026-08-17 02:46:39,442 | DEBUG    | main:744 |   Processed 5/32 in batch 126
2026-08-17 02:46:39,443 | DEBUG    | main:744 |   Processed 10/32 in batch 126
2026-08-17 02:46:39,443 | DEBUG    | main:744 |   Processed 15/32 in batch 126
2026-08-17 02:46:39,444 | DEBUG    | main:744 |   Processed 20/32 in batch 126
2026-08-17 02:46:39,444 | DEBUG    | main:744 |   Processed 25/32 in batch 126
2026-08-17 02:46:39,444 | DEBUG    | main:744 |   Processed 30/32 in batch 126
2026-08-17 02:46:39,444 | INFO     | main:670 | Processing batch 127/282 (32 profiles)...
2026-08-17 02:47:22,587 | DEBUG    | main:744 |   Processed 5/32 in batch 127
2026-08-17 02:47:22,588 | DEBUG    | main:744 |   Processed 10/32 in batch 127
2026-08-17 02:47:22,588 | DEBUG    | main:744 |   Processed 15/32 in batch 127
2026-08-17 02:47:22,593 | DEBUG    | main:744 |   Processed 20/32 in batch 127
2026-08-17 02:47:22,593 | DEBUG    | main:744 |   Processed 25/32 in batch 127
2026-08-17 02:47:22,593 | DEBUG    | main:744 |   Processed 30/32 in batch 127
2026-08-17 02:47:22,594 | INFO     | main:670 | Processing batch 128/282 (32 profiles)...
2026-08-17 02:48:05,707 | DEBUG    | main:744 |   Processed 5/32 in batch 128
2026-08-17 02:48:05,707 | DEBUG    | main:744 |   Processed 10/32 in batch 128
2026-08-17 02:48:05,707 | DEBUG    | main:744 |   Processed 15/32 in batch 128
2026-08-17 02:48:05,708 | DEBUG    | main:744 |   Processed 20/32 in batch 128
2026-08-17 02:48:05,708 | DEBUG    | main:744 |   Processed 25/32 in batch 128
2026-08-17 02:48:05,708 | DEBUG    | main:744 |   Processed 30/32 in batch 128
2026-08-17 02:48:05,709 | INFO     | main:670 | Processing batch 129/282 (32 profiles)...
2026-08-17 02:48:48,829 | DEBUG    | main:744 |   Processed 5/32 in batch 129
2026-08-17 02:48:48,829 | DEBUG    | main:744 |   Processed 10/32 in batch 129
2026-08-17 02:48:48,830 | DEBUG    | main:744 |   Processed 15/32 in batch 129
2026-08-17 02:48:48,830 | DEBUG    | main:744 |   Processed 20/32 in batch 129
2026-08-17 02:48:48,830 | DEBUG    | main:744 |   Processed 25/32 in batch 129
2026-08-17 02:48:48,831 | DEBUG    | main:744 |   Processed 30/32 in batch 129
2026-08-17 02:48:48,831 | INFO     | main:670 | Processing batch 130/282 (32 profiles)...
2026-08-17 02:49:31,943 | DEBUG    | main:744 |   Processed 5/32 in batch 130
2026-08-17 02:49:31,943 | DEBUG    | main:744 |   Processed 10/32 in batch 130
2026-08-17 02:49:31,944 | DEBUG    | main:744 |   Processed 15/32 in batch 130
2026-08-17 02:49:31,944 | DEBUG    | main:744 |   Processed 20/32 in batch 130
2026-08-17 02:49:31,944 | DEBUG    | main:744 |   Processed 25/32 in batch 130
2026-08-17 02:49:31,945 | DEBUG    | main:744 |   Processed 30/32 in batch 130
2026-08-17 02:49:31,945 | INFO     | main:670 | Processing batch 131/282 (32 profiles)...
2026-08-17 02:50:15,050 | DEBUG    | main:744 |   Processed 5/32 in batch 131
2026-08-17 02:50:15,050 | DEBUG    | main:744 |   Processed 10/32 in batch 131
2026-08-17 02:50:15,051 | DEBUG    | main:744 |   Processed 15/32 in batch 131
2026-08-17 02:50:15,051 | DEBUG    | main:744 |   Processed 20/32 in batch 131
2026-08-17 02:50:15,051 | DEBUG    | main:744 |   Processed 25/32 in batch 131
2026-08-17 02:50:15,052 | DEBUG    | main:744 |   Processed 30/32 in batch 131
2026-08-17 02:50:15,052 | INFO     | main:670 | Processing batch 132/282 (32 profiles)...
2026-08-17 02:50:58,076 | DEBUG    | main:744 |   Processed 5/32 in batch 132
2026-08-17 02:50:58,076 | DEBUG    | main:744 |   Processed 10/32 in batch 132
2026-08-17 02:50:58,077 | DEBUG    | main:744 |   Processed 15/32 in batch 132
2026-08-17 02:50:58,077 | DEBUG    | main:744 |   Processed 20/32 in batch 132
2026-08-17 02:50:58,077 | DEBUG    | main:744 |   Processed 25/32 in batch 132
2026-08-17 02:50:58,078 | DEBUG    | main:744 |   Processed 30/32 in batch 132
2026-08-17 02:50:58,078 | INFO     | main:670 | Processing batch 133/282 (32 profiles)...
2026-08-17 02:51:41,039 | DEBUG    | main:744 |   Processed 5/32 in batch 133
2026-08-17 02:51:41,040 | DEBUG    | main:744 |   Processed 10/32 in batch 133
2026-08-17 02:51:41,040 | DEBUG    | main:744 |   Processed 15/32 in batch 133
2026-08-17 02:51:41,040 | DEBUG    | main:744 |   Processed 20/32 in batch 133
2026-08-17 02:51:41,041 | DEBUG    | main:744 |   Processed 25/32 in batch 133
2026-08-17 02:51:41,041 | DEBUG    | main:744 |   Processed 30/32 in batch 133
2026-08-17 02:51:41,041 | INFO     | main:670 | Processing batch 134/282 (32 profiles)...
2026-08-17 02:52:24,080 | DEBUG    | main:744 |   Processed 5/32 in batch 134
2026-08-17 02:52:24,081 | DEBUG    | main:744 |   Processed 10/32 in batch 134
2026-08-17 02:52:24,081 | DEBUG    | main:744 |   Processed 15/32 in batch 134
2026-08-17 02:52:24,081 | DEBUG    | main:744 |   Processed 20/32 in batch 134
2026-08-17 02:52:24,082 | DEBUG    | main:744 |   Processed 25/32 in batch 134
2026-08-17 02:52:24,082 | DEBUG    | main:744 |   Processed 30/32 in batch 134
2026-08-17 02:52:24,082 | INFO     | main:670 | Processing batch 135/282 (32 profiles)...
2026-08-17 02:53:07,076 | DEBUG    | main:744 |   Processed 5/32 in batch 135
2026-08-17 02:53:07,076 | DEBUG    | main:744 |   Processed 10/32 in batch 135
2026-08-17 02:53:07,076 | DEBUG    | main:744 |   Processed 15/32 in batch 135
2026-08-17 02:53:07,077 | DEBUG    | main:744 |   Processed 20/32 in batch 135
2026-08-17 02:53:07,077 | DEBUG    | main:744 |   Processed 25/32 in batch 135
2026-08-17 02:53:07,077 | DEBUG    | main:744 |   Processed 30/32 in batch 135
2026-08-17 02:53:07,078 | INFO     | main:670 | Processing batch 136/282 (32 profiles)...
2026-08-17 02:53:50,121 | DEBUG    | main:744 |   Processed 5/32 in batch 136
2026-08-17 02:53:50,122 | DEBUG    | main:744 |   Processed 10/32 in batch 136
2026-08-17 02:53:50,122 | DEBUG    | main:744 |   Processed 15/32 in batch 136
2026-08-17 02:53:50,122 | DEBUG    | main:744 |   Processed 20/32 in batch 136
2026-08-17 02:53:50,123 | DEBUG    | main:744 |   Processed 25/32 in batch 136
2026-08-17 02:53:50,123 | DEBUG    | main:744 |   Processed 30/32 in batch 136
2026-08-17 02:53:50,123 | INFO     | main:670 | Processing batch 137/282 (32 profiles)...
2026-08-17 02:54:33,171 | DEBUG    | main:744 |   Processed 5/32 in batch 137
2026-08-17 02:54:33,172 | DEBUG    | main:744 |   Processed 10/32 in batch 137
2026-08-17 02:54:33,172 | DEBUG    | main:744 |   Processed 15/32 in batch 137
2026-08-17 02:54:33,173 | DEBUG    | main:744 |   Processed 20/32 in batch 137
2026-08-17 02:54:33,173 | DEBUG    | main:744 |   Processed 25/32 in batch 137
2026-08-17 02:54:33,173 | DEBUG    | main:744 |   Processed 30/32 in batch 137
2026-08-17 02:54:33,173 | INFO     | main:670 | Processing batch 138/282 (32 profiles)...
2026-08-17 02:55:16,226 | DEBUG    | main:744 |   Processed 5/32 in batch 138
2026-08-17 02:55:16,227 | DEBUG    | main:744 |   Processed 10/32 in batch 138
2026-08-17 02:55:16,227 | DEBUG    | main:744 |   Processed 15/32 in batch 138
2026-08-17 02:55:16,228 | DEBUG    | main:744 |   Processed 20/32 in batch 138
2026-08-17 02:55:16,228 | DEBUG    | main:744 |   Processed 25/32 in batch 138
2026-08-17 02:55:16,228 | DEBUG    | main:744 |   Processed 30/32 in batch 138
2026-08-17 02:55:16,229 | INFO     | main:670 | Processing batch 139/282 (32 profiles)...
2026-08-17 02:55:59,322 | DEBUG    | main:744 |   Processed 5/32 in batch 139
2026-08-17 02:55:59,323 | DEBUG    | main:744 |   Processed 10/32 in batch 139
2026-08-17 02:55:59,323 | DEBUG    | main:744 |   Processed 15/32 in batch 139
2026-08-17 02:55:59,324 | DEBUG    | main:744 |   Processed 20/32 in batch 139
2026-08-17 02:55:59,324 | DEBUG    | main:744 |   Processed 25/32 in batch 139
2026-08-17 02:55:59,324 | DEBUG    | main:744 |   Processed 30/32 in batch 139
2026-08-17 02:55:59,324 | INFO     | main:670 | Processing batch 140/282 (32 profiles)...
2026-08-17 02:56:42,356 | DEBUG    | main:744 |   Processed 5/32 in batch 140
2026-08-17 02:56:42,357 | DEBUG    | main:744 |   Processed 10/32 in batch 140
2026-08-17 02:56:42,357 | DEBUG    | main:744 |   Processed 15/32 in batch 140
2026-08-17 02:56:42,357 | DEBUG    | main:744 |   Processed 20/32 in batch 140
2026-08-17 02:56:42,358 | DEBUG    | main:744 |   Processed 25/32 in batch 140
2026-08-17 02:56:42,358 | DEBUG    | main:744 |   Processed 30/32 in batch 140
2026-08-17 02:56:42,358 | INFO     | main:670 | Processing batch 141/282 (32 profiles)...
2026-08-17 02:57:25,873 | DEBUG    | main:744 |   Processed 5/32 in batch 141
2026-08-17 02:57:25,873 | DEBUG    | main:744 |   Processed 10/32 in batch 141
2026-08-17 02:57:25,874 | DEBUG    | main:744 |   Processed 15/32 in batch 141
2026-08-17 02:57:25,874 | DEBUG    | main:744 |   Processed 20/32 in batch 141
2026-08-17 02:57:25,874 | DEBUG    | main:744 |   Processed 25/32 in batch 141
2026-08-17 02:57:25,875 | DEBUG    | main:744 |   Processed 30/32 in batch 141
2026-08-17 02:57:25,875 | INFO     | main:670 | Processing batch 142/282 (32 profiles)...
2026-08-17 02:58:08,746 | DEBUG    | main:744 |   Processed 5/32 in batch 142
2026-08-17 02:58:08,747 | DEBUG    | main:744 |   Processed 10/32 in batch 142
2026-08-17 02:58:08,747 | DEBUG    | main:744 |   Processed 15/32 in batch 142
2026-08-17 02:58:08,747 | DEBUG    | main:744 |   Processed 20/32 in batch 142
2026-08-17 02:58:08,748 | DEBUG    | main:744 |   Processed 25/32 in batch 142
2026-08-17 02:58:08,748 | DEBUG    | main:744 |   Processed 30/32 in batch 142
2026-08-17 02:58:08,748 | INFO     | main:670 | Processing batch 143/282 (32 profiles)...
2026-08-17 02:58:51,759 | DEBUG    | main:744 |   Processed 5/32 in batch 143
2026-08-17 02:58:51,760 | DEBUG    | main:744 |   Processed 10/32 in batch 143
2026-08-17 02:58:51,760 | DEBUG    | main:744 |   Processed 15/32 in batch 143
2026-08-17 02:58:51,760 | DEBUG    | main:744 |   Processed 20/32 in batch 143
2026-08-17 02:58:51,761 | DEBUG    | main:744 |   Processed 25/32 in batch 143
2026-08-17 02:58:51,761 | DEBUG    | main:744 |   Processed 30/32 in batch 143
2026-08-17 02:58:51,761 | INFO     | main:670 | Processing batch 144/282 (32 profiles)...
2026-08-17 02:59:35,381 | DEBUG    | main:744 |   Processed 5/32 in batch 144
2026-08-17 02:59:35,382 | DEBUG    | main:744 |   Processed 10/32 in batch 144
2026-08-17 02:59:35,382 | DEBUG    | main:744 |   Processed 15/32 in batch 144
2026-08-17 02:59:35,382 | DEBUG    | main:744 |   Processed 20/32 in batch 144
2026-08-17 02:59:35,383 | DEBUG    | main:744 |   Processed 25/32 in batch 144
2026-08-17 02:59:35,383 | DEBUG    | main:744 |   Processed 30/32 in batch 144
2026-08-17 02:59:35,383 | INFO     | main:670 | Processing batch 145/282 (32 profiles)...
2026-08-17 03:00:18,818 | DEBUG    | main:744 |   Processed 5/32 in batch 145
2026-08-17 03:00:18,819 | DEBUG    | main:744 |   Processed 10/32 in batch 145
2026-08-17 03:00:18,819 | DEBUG    | main:744 |   Processed 15/32 in batch 145
2026-08-17 03:00:18,820 | DEBUG    | main:744 |   Processed 20/32 in batch 145
2026-08-17 03:00:18,820 | DEBUG    | main:744 |   Processed 25/32 in batch 145
2026-08-17 03:00:18,820 | DEBUG    | main:744 |   Processed 30/32 in batch 145
2026-08-17 03:00:18,821 | INFO     | main:670 | Processing batch 146/282 (32 profiles)...
2026-08-17 03:01:01,793 | DEBUG    | main:744 |   Processed 5/32 in batch 146
2026-08-17 03:01:01,794 | DEBUG    | main:744 |   Processed 10/32 in batch 146
2026-08-17 03:01:01,794 | DEBUG    | main:744 |   Processed 15/32 in batch 146
2026-08-17 03:01:01,795 | DEBUG    | main:744 |   Processed 20/32 in batch 146
2026-08-17 03:01:01,795 | DEBUG    | main:744 |   Processed 25/32 in batch 146
2026-08-17 03:01:01,795 | DEBUG    | main:744 |   Processed 30/32 in batch 146
2026-08-17 03:01:01,795 | INFO     | main:670 | Processing batch 147/282 (32 profiles)...
2026-08-17 03:01:45,198 | DEBUG    | main:744 |   Processed 5/32 in batch 147
2026-08-17 03:01:45,199 | DEBUG    | main:744 |   Processed 10/32 in batch 147
2026-08-17 03:01:45,199 | DEBUG    | main:744 |   Processed 15/32 in batch 147
2026-08-17 03:01:45,200 | DEBUG    | main:744 |   Processed 20/32 in batch 147
2026-08-17 03:01:45,200 | DEBUG    | main:744 |   Processed 25/32 in batch 147
2026-08-17 03:01:45,200 | DEBUG    | main:744 |   Processed 30/32 in batch 147
2026-08-17 03:01:45,200 | INFO     | main:670 | Processing batch 148/282 (32 profiles)...
2026-08-17 03:02:28,450 | DEBUG    | main:744 |   Processed 5/32 in batch 148
2026-08-17 03:02:28,451 | DEBUG    | main:744 |   Processed 10/32 in batch 148
2026-08-17 03:02:28,451 | DEBUG    | main:744 |   Processed 15/32 in batch 148
2026-08-17 03:02:28,451 | DEBUG    | main:744 |   Processed 20/32 in batch 148
2026-08-17 03:02:28,452 | DEBUG    | main:744 |   Processed 25/32 in batch 148
2026-08-17 03:02:28,452 | DEBUG    | main:744 |   Processed 30/32 in batch 148
2026-08-17 03:02:28,452 | INFO     | main:670 | Processing batch 149/282 (32 profiles)...
2026-08-17 03:03:11,880 | DEBUG    | main:744 |   Processed 5/32 in batch 149
2026-08-17 03:03:11,880 | DEBUG    | main:744 |   Processed 10/32 in batch 149
2026-08-17 03:03:11,881 | DEBUG    | main:744 |   Processed 15/32 in batch 149
2026-08-17 03:03:11,881 | DEBUG    | main:744 |   Processed 20/32 in batch 149
2026-08-17 03:03:11,881 | DEBUG    | main:744 |   Processed 25/32 in batch 149
2026-08-17 03:03:11,882 | DEBUG    | main:744 |   Processed 30/32 in batch 149
2026-08-17 03:03:11,882 | INFO     | main:670 | Processing batch 150/282 (32 profiles)...
2026-08-17 03:03:55,932 | DEBUG    | main:744 |   Processed 5/32 in batch 150
2026-08-17 03:03:55,933 | DEBUG    | main:744 |   Processed 10/32 in batch 150
2026-08-17 03:03:55,933 | DEBUG    | main:744 |   Processed 15/32 in batch 150
2026-08-17 03:03:55,933 | DEBUG    | main:744 |   Processed 20/32 in batch 150
2026-08-17 03:03:55,934 | DEBUG    | main:744 |   Processed 25/32 in batch 150
2026-08-17 03:03:55,934 | DEBUG    | main:744 |   Processed 30/32 in batch 150
2026-08-17 03:03:55,934 | INFO     | main:670 | Processing batch 151/282 (32 profiles)...
2026-08-17 03:04:39,908 | DEBUG    | main:744 |   Processed 5/32 in batch 151
2026-08-17 03:04:39,908 | DEBUG    | main:744 |   Processed 10/32 in batch 151
2026-08-17 03:04:39,909 | DEBUG    | main:744 |   Processed 15/32 in batch 151
2026-08-17 03:04:39,909 | DEBUG    | main:744 |   Processed 20/32 in batch 151
2026-08-17 03:04:39,910 | DEBUG    | main:744 |   Processed 25/32 in batch 151
2026-08-17 03:04:39,910 | DEBUG    | main:744 |   Processed 30/32 in batch 151
2026-08-17 03:04:39,910 | INFO     | main:670 | Processing batch 152/282 (32 profiles)...
2026-08-17 03:05:22,862 | DEBUG    | main:744 |   Processed 5/32 in batch 152
2026-08-17 03:05:22,862 | DEBUG    | main:744 |   Processed 10/32 in batch 152
2026-08-17 03:05:22,863 | DEBUG    | main:744 |   Processed 15/32 in batch 152
2026-08-17 03:05:22,863 | DEBUG    | main:744 |   Processed 20/32 in batch 152
2026-08-17 03:05:22,864 | DEBUG    | main:744 |   Processed 25/32 in batch 152
2026-08-17 03:05:22,864 | DEBUG    | main:744 |   Processed 30/32 in batch 152
2026-08-17 03:05:22,864 | INFO     | main:670 | Processing batch 153/282 (32 profiles)...
2026-08-17 03:06:05,832 | DEBUG    | main:744 |   Processed 5/32 in batch 153
2026-08-17 03:06:05,832 | DEBUG    | main:744 |   Processed 10/32 in batch 153
2026-08-17 03:06:05,832 | DEBUG    | main:744 |   Processed 15/32 in batch 153
2026-08-17 03:06:05,833 | DEBUG    | main:744 |   Processed 20/32 in batch 153
2026-08-17 03:06:05,833 | DEBUG    | main:744 |   Processed 25/32 in batch 153
2026-08-17 03:06:05,833 | DEBUG    | main:744 |   Processed 30/32 in batch 153
2026-08-17 03:06:05,834 | INFO     | main:670 | Processing batch 154/282 (32 profiles)...
2026-08-17 03:06:49,154 | DEBUG    | main:744 |   Processed 5/32 in batch 154
2026-08-17 03:06:49,154 | DEBUG    | main:744 |   Processed 10/32 in batch 154
2026-08-17 03:06:49,155 | DEBUG    | main:744 |   Processed 15/32 in batch 154
2026-08-17 03:06:49,155 | DEBUG    | main:744 |   Processed 20/32 in batch 154
2026-08-17 03:06:49,156 | DEBUG    | main:744 |   Processed 25/32 in batch 154
2026-08-17 03:06:49,156 | DEBUG    | main:744 |   Processed 30/32 in batch 154
2026-08-17 03:06:49,156 | INFO     | main:670 | Processing batch 155/282 (32 profiles)...
2026-08-17 03:07:32,628 | DEBUG    | main:744 |   Processed 5/32 in batch 155
2026-08-17 03:07:32,629 | DEBUG    | main:744 |   Processed 10/32 in batch 155
2026-08-17 03:07:32,629 | DEBUG    | main:744 |   Processed 15/32 in batch 155
2026-08-17 03:07:32,630 | DEBUG    | main:744 |   Processed 20/32 in batch 155
2026-08-17 03:07:32,630 | DEBUG    | main:744 |   Processed 25/32 in batch 155
2026-08-17 03:07:32,630 | DEBUG    | main:744 |   Processed 30/32 in batch 155
2026-08-17 03:07:32,630 | INFO     | main:670 | Processing batch 156/282 (32 profiles)...
2026-08-17 03:08:16,470 | DEBUG    | main:744 |   Processed 5/32 in batch 156
2026-08-17 03:08:16,471 | DEBUG    | main:744 |   Processed 10/32 in batch 156
2026-08-17 03:08:16,471 | DEBUG    | main:744 |   Processed 15/32 in batch 156
2026-08-17 03:08:16,472 | DEBUG    | main:744 |   Processed 20/32 in batch 156
2026-08-17 03:08:16,472 | DEBUG    | main:744 |   Processed 25/32 in batch 156
2026-08-17 03:08:16,472 | DEBUG    | main:744 |   Processed 30/32 in batch 156
2026-08-17 03:08:16,472 | INFO     | main:670 | Processing batch 157/282 (32 profiles)...
2026-08-17 03:08:59,955 | DEBUG    | main:744 |   Processed 5/32 in batch 157
2026-08-17 03:08:59,956 | DEBUG    | main:744 |   Processed 10/32 in batch 157
2026-08-17 03:08:59,956 | DEBUG    | main:744 |   Processed 15/32 in batch 157
2026-08-17 03:08:59,956 | DEBUG    | main:744 |   Processed 20/32 in batch 157
2026-08-17 03:08:59,957 | DEBUG    | main:744 |   Processed 25/32 in batch 157
2026-08-17 03:08:59,957 | DEBUG    | main:744 |   Processed 30/32 in batch 157
2026-08-17 03:08:59,957 | INFO     | main:670 | Processing batch 158/282 (32 profiles)...
2026-08-17 03:09:43,439 | DEBUG    | main:744 |   Processed 5/32 in batch 158
2026-08-17 03:09:43,440 | DEBUG    | main:744 |   Processed 10/32 in batch 158
2026-08-17 03:09:43,440 | DEBUG    | main:744 |   Processed 15/32 in batch 158
2026-08-17 03:09:43,440 | DEBUG    | main:744 |   Processed 20/32 in batch 158
2026-08-17 03:09:43,441 | DEBUG    | main:744 |   Processed 25/32 in batch 158
2026-08-17 03:09:43,441 | DEBUG    | main:744 |   Processed 30/32 in batch 158
2026-08-17 03:09:43,441 | INFO     | main:670 | Processing batch 159/282 (32 profiles)...
2026-08-17 03:10:26,876 | DEBUG    | main:744 |   Processed 5/32 in batch 159
2026-08-17 03:10:26,877 | DEBUG    | main:744 |   Processed 10/32 in batch 159
2026-08-17 03:10:26,877 | DEBUG    | main:744 |   Processed 15/32 in batch 159
2026-08-17 03:10:26,877 | DEBUG    | main:744 |   Processed 20/32 in batch 159
2026-08-17 03:10:26,878 | DEBUG    | main:744 |   Processed 25/32 in batch 159
2026-08-17 03:10:26,878 | DEBUG    | main:744 |   Processed 30/32 in batch 159
2026-08-17 03:10:26,878 | INFO     | main:670 | Processing batch 160/282 (32 profiles)...
2026-08-17 03:11:10,335 | DEBUG    | main:744 |   Processed 5/32 in batch 160
2026-08-17 03:11:10,335 | DEBUG    | main:744 |   Processed 10/32 in batch 160
2026-08-17 03:11:10,336 | DEBUG    | main:744 |   Processed 15/32 in batch 160
2026-08-17 03:11:10,336 | DEBUG    | main:744 |   Processed 20/32 in batch 160
2026-08-17 03:11:10,336 | DEBUG    | main:744 |   Processed 25/32 in batch 160
2026-08-17 03:11:10,337 | DEBUG    | main:744 |   Processed 30/32 in batch 160
2026-08-17 03:11:10,337 | INFO     | main:670 | Processing batch 161/282 (32 profiles)...
2026-08-17 03:11:53,695 | DEBUG    | main:744 |   Processed 5/32 in batch 161
2026-08-17 03:11:53,696 | DEBUG    | main:744 |   Processed 10/32 in batch 161
2026-08-17 03:11:53,696 | DEBUG    | main:744 |   Processed 15/32 in batch 161
2026-08-17 03:11:53,697 | DEBUG    | main:744 |   Processed 20/32 in batch 161
2026-08-17 03:11:53,697 | DEBUG    | main:744 |   Processed 25/32 in batch 161
2026-08-17 03:11:53,697 | DEBUG    | main:744 |   Processed 30/32 in batch 161
2026-08-17 03:11:53,698 | INFO     | main:670 | Processing batch 162/282 (32 profiles)...
2026-08-17 03:12:36,663 | DEBUG    | main:744 |   Processed 5/32 in batch 162
2026-08-17 03:12:36,663 | DEBUG    | main:744 |   Processed 10/32 in batch 162
2026-08-17 03:12:36,664 | DEBUG    | main:744 |   Processed 15/32 in batch 162
2026-08-17 03:12:36,664 | DEBUG    | main:744 |   Processed 20/32 in batch 162
2026-08-17 03:12:36,665 | DEBUG    | main:744 |   Processed 25/32 in batch 162
2026-08-17 03:12:36,665 | DEBUG    | main:744 |   Processed 30/32 in batch 162
2026-08-17 03:12:36,665 | INFO     | main:670 | Processing batch 163/282 (32 profiles)...
2026-08-17 03:13:20,549 | DEBUG    | main:744 |   Processed 5/32 in batch 163
2026-08-17 03:13:20,549 | DEBUG    | main:744 |   Processed 10/32 in batch 163
2026-08-17 03:13:20,550 | DEBUG    | main:744 |   Processed 15/32 in batch 163
2026-08-17 03:13:20,550 | DEBUG    | main:744 |   Processed 20/32 in batch 163
2026-08-17 03:13:20,550 | DEBUG    | main:744 |   Processed 25/32 in batch 163
2026-08-17 03:13:20,551 | DEBUG    | main:744 |   Processed 30/32 in batch 163
2026-08-17 03:13:20,551 | INFO     | main:670 | Processing batch 164/282 (32 profiles)...
2026-08-17 03:14:04,025 | DEBUG    | main:744 |   Processed 5/32 in batch 164
2026-08-17 03:14:04,026 | DEBUG    | main:744 |   Processed 10/32 in batch 164
2026-08-17 03:14:04,026 | DEBUG    | main:744 |   Processed 15/32 in batch 164
2026-08-17 03:14:04,027 | DEBUG    | main:744 |   Processed 20/32 in batch 164
2026-08-17 03:14:04,027 | DEBUG    | main:744 |   Processed 25/32 in batch 164
2026-08-17 03:14:04,027 | DEBUG    | main:744 |   Processed 30/32 in batch 164
2026-08-17 03:14:04,027 | INFO     | main:670 | Processing batch 165/282 (32 profiles)...
2026-08-17 03:14:47,583 | DEBUG    | main:744 |   Processed 5/32 in batch 165
2026-08-17 03:14:47,584 | DEBUG    | main:744 |   Processed 10/32 in batch 165
2026-08-17 03:14:47,584 | DEBUG    | main:744 |   Processed 15/32 in batch 165
2026-08-17 03:14:47,585 | DEBUG    | main:744 |   Processed 20/32 in batch 165
2026-08-17 03:14:47,585 | DEBUG    | main:744 |   Processed 25/32 in batch 165
2026-08-17 03:14:47,585 | DEBUG    | main:744 |   Processed 30/32 in batch 165
2026-08-17 03:14:47,585 | INFO     | main:670 | Processing batch 166/282 (32 profiles)...
2026-08-17 03:15:31,209 | DEBUG    | main:744 |   Processed 5/32 in batch 166
2026-08-17 03:15:31,210 | DEBUG    | main:744 |   Processed 10/32 in batch 166
2026-08-17 03:15:31,210 | DEBUG    | main:744 |   Processed 15/32 in batch 166
2026-08-17 03:15:31,211 | DEBUG    | main:744 |   Processed 20/32 in batch 166
2026-08-17 03:15:31,211 | DEBUG    | main:744 |   Processed 25/32 in batch 166
2026-08-17 03:15:31,211 | DEBUG    | main:744 |   Processed 30/32 in batch 166
2026-08-17 03:15:31,212 | INFO     | main:670 | Processing batch 167/282 (32 profiles)...
2026-08-17 03:16:15,256 | DEBUG    | main:744 |   Processed 5/32 in batch 167
2026-08-17 03:16:15,257 | DEBUG    | main:744 |   Processed 10/32 in batch 167
2026-08-17 03:16:15,265 | DEBUG    | main:744 |   Processed 15/32 in batch 167
2026-08-17 03:16:15,265 | DEBUG    | main:744 |   Processed 20/32 in batch 167
2026-08-17 03:16:15,266 | DEBUG    | main:744 |   Processed 25/32 in batch 167
2026-08-17 03:16:15,266 | DEBUG    | main:744 |   Processed 30/32 in batch 167
2026-08-17 03:16:15,266 | INFO     | main:670 | Processing batch 168/282 (32 profiles)...
2026-08-17 03:16:59,338 | DEBUG    | main:744 |   Processed 5/32 in batch 168
2026-08-17 03:16:59,339 | DEBUG    | main:744 |   Processed 10/32 in batch 168
2026-08-17 03:16:59,339 | DEBUG    | main:744 |   Processed 15/32 in batch 168
2026-08-17 03:16:59,339 | DEBUG    | main:744 |   Processed 20/32 in batch 168
2026-08-17 03:16:59,340 | DEBUG    | main:744 |   Processed 25/32 in batch 168
2026-08-17 03:16:59,340 | DEBUG    | main:744 |   Processed 30/32 in batch 168
2026-08-17 03:16:59,340 | INFO     | main:670 | Processing batch 169/282 (32 profiles)...
2026-08-17 03:17:43,288 | DEBUG    | main:744 |   Processed 5/32 in batch 169
2026-08-17 03:17:43,289 | DEBUG    | main:744 |   Processed 10/32 in batch 169
2026-08-17 03:17:43,289 | DEBUG    | main:744 |   Processed 15/32 in batch 169
2026-08-17 03:17:43,289 | DEBUG    | main:744 |   Processed 20/32 in batch 169
2026-08-17 03:17:43,290 | DEBUG    | main:744 |   Processed 25/32 in batch 169
2026-08-17 03:17:43,290 | DEBUG    | main:744 |   Processed 30/32 in batch 169
2026-08-17 03:17:43,290 | INFO     | main:670 | Processing batch 170/282 (32 profiles)...
2026-08-17 03:18:26,859 | DEBUG    | main:744 |   Processed 5/32 in batch 170
2026-08-17 03:18:26,860 | DEBUG    | main:744 |   Processed 10/32 in batch 170
2026-08-17 03:18:26,860 | DEBUG    | main:744 |   Processed 15/32 in batch 170
2026-08-17 03:18:26,860 | DEBUG    | main:744 |   Processed 20/32 in batch 170
2026-08-17 03:18:26,861 | DEBUG    | main:744 |   Processed 25/32 in batch 170
2026-08-17 03:18:26,861 | DEBUG    | main:744 |   Processed 30/32 in batch 170
2026-08-17 03:18:26,861 | INFO     | main:670 | Processing batch 171/282 (32 profiles)...
2026-08-17 03:19:10,450 | DEBUG    | main:744 |   Processed 5/32 in batch 171
2026-08-17 03:19:10,450 | DEBUG    | main:744 |   Processed 10/32 in batch 171
2026-08-17 03:19:10,450 | DEBUG    | main:744 |   Processed 15/32 in batch 171
2026-08-17 03:19:10,451 | DEBUG    | main:744 |   Processed 20/32 in batch 171
2026-08-17 03:19:10,451 | DEBUG    | main:744 |   Processed 25/32 in batch 171
2026-08-17 03:19:10,451 | DEBUG    | main:744 |   Processed 30/32 in batch 171
2026-08-17 03:19:10,452 | INFO     | main:670 | Processing batch 172/282 (32 profiles)...
2026-08-17 03:19:54,600 | DEBUG    | main:744 |   Processed 5/32 in batch 172
2026-08-17 03:19:54,600 | DEBUG    | main:744 |   Processed 10/32 in batch 172
2026-08-17 03:19:54,601 | DEBUG    | main:744 |   Processed 15/32 in batch 172
2026-08-17 03:19:54,601 | DEBUG    | main:744 |   Processed 20/32 in batch 172
2026-08-17 03:19:54,601 | DEBUG    | main:744 |   Processed 25/32 in batch 172
2026-08-17 03:19:54,602 | DEBUG    | main:744 |   Processed 30/32 in batch 172
2026-08-17 03:19:54,602 | INFO     | main:670 | Processing batch 173/282 (32 profiles)...
2026-08-17 03:20:38,084 | DEBUG    | main:744 |   Processed 5/32 in batch 173
2026-08-17 03:20:38,085 | DEBUG    | main:744 |   Processed 10/32 in batch 173
2026-08-17 03:20:38,085 | DEBUG    | main:744 |   Processed 15/32 in batch 173
2026-08-17 03:20:38,085 | DEBUG    | main:744 |   Processed 20/32 in batch 173
2026-08-17 03:20:38,086 | DEBUG    | main:744 |   Processed 25/32 in batch 173
2026-08-17 03:20:38,086 | DEBUG    | main:744 |   Processed 30/32 in batch 173
2026-08-17 03:20:38,086 | INFO     | main:670 | Processing batch 174/282 (32 profiles)...
2026-08-17 03:21:21,557 | DEBUG    | main:744 |   Processed 5/32 in batch 174
2026-08-17 03:21:21,557 | DEBUG    | main:744 |   Processed 10/32 in batch 174
2026-08-17 03:21:21,558 | DEBUG    | main:744 |   Processed 15/32 in batch 174
2026-08-17 03:21:21,558 | DEBUG    | main:744 |   Processed 20/32 in batch 174
2026-08-17 03:21:21,558 | DEBUG    | main:744 |   Processed 25/32 in batch 174
2026-08-17 03:21:21,559 | DEBUG    | main:744 |   Processed 30/32 in batch 174
2026-08-17 03:21:21,559 | INFO     | main:670 | Processing batch 175/282 (32 profiles)...
2026-08-17 03:22:05,696 | DEBUG    | main:744 |   Processed 5/32 in batch 175
2026-08-17 03:22:05,697 | DEBUG    | main:744 |   Processed 10/32 in batch 175
2026-08-17 03:22:05,697 | DEBUG    | main:744 |   Processed 15/32 in batch 175
2026-08-17 03:22:05,697 | DEBUG    | main:744 |   Processed 20/32 in batch 175
2026-08-17 03:22:05,698 | DEBUG    | main:744 |   Processed 25/32 in batch 175
2026-08-17 03:22:05,698 | DEBUG    | main:744 |   Processed 30/32 in batch 175
2026-08-17 03:22:05,698 | INFO     | main:670 | Processing batch 176/282 (32 profiles)...
2026-08-17 03:22:49,080 | DEBUG    | main:744 |   Processed 5/32 in batch 176
2026-08-17 03:22:49,081 | DEBUG    | main:744 |   Processed 10/32 in batch 176
2026-08-17 03:22:49,081 | DEBUG    | main:744 |   Processed 15/32 in batch 176
2026-08-17 03:22:49,081 | DEBUG    | main:744 |   Processed 20/32 in batch 176
2026-08-17 03:22:49,082 | DEBUG    | main:744 |   Processed 25/32 in batch 176
2026-08-17 03:22:49,082 | DEBUG    | main:744 |   Processed 30/32 in batch 176
2026-08-17 03:22:49,082 | INFO     | main:670 | Processing batch 177/282 (32 profiles)...
2026-08-17 03:23:32,444 | DEBUG    | main:744 |   Processed 5/32 in batch 177
2026-08-17 03:23:32,444 | DEBUG    | main:744 |   Processed 10/32 in batch 177
2026-08-17 03:23:32,444 | DEBUG    | main:744 |   Processed 15/32 in batch 177
2026-08-17 03:23:32,445 | DEBUG    | main:744 |   Processed 20/32 in batch 177
2026-08-17 03:23:32,445 | DEBUG    | main:744 |   Processed 25/32 in batch 177
2026-08-17 03:23:32,445 | DEBUG    | main:744 |   Processed 30/32 in batch 177
2026-08-17 03:23:32,446 | INFO     | main:670 | Processing batch 178/282 (32 profiles)...
2026-08-17 03:24:16,666 | DEBUG    | main:744 |   Processed 5/32 in batch 178
2026-08-17 03:24:16,666 | DEBUG    | main:744 |   Processed 10/32 in batch 178
2026-08-17 03:24:16,666 | DEBUG    | main:744 |   Processed 15/32 in batch 178
2026-08-17 03:24:16,667 | DEBUG    | main:744 |   Processed 20/32 in batch 178
2026-08-17 03:24:16,667 | DEBUG    | main:744 |   Processed 25/32 in batch 178
2026-08-17 03:24:16,668 | DEBUG    | main:744 |   Processed 30/32 in batch 178
2026-08-17 03:24:16,668 | INFO     | main:670 | Processing batch 179/282 (32 profiles)...
2026-08-17 03:25:00,081 | DEBUG    | main:744 |   Processed 5/32 in batch 179
2026-08-17 03:25:00,081 | DEBUG    | main:744 |   Processed 10/32 in batch 179
2026-08-17 03:25:00,082 | DEBUG    | main:744 |   Processed 15/32 in batch 179
2026-08-17 03:25:00,082 | DEBUG    | main:744 |   Processed 20/32 in batch 179
2026-08-17 03:25:00,082 | DEBUG    | main:744 |   Processed 25/32 in batch 179
2026-08-17 03:25:00,083 | DEBUG    | main:744 |   Processed 30/32 in batch 179
2026-08-17 03:25:00,083 | INFO     | main:670 | Processing batch 180/282 (32 profiles)...
2026-08-17 03:25:43,429 | DEBUG    | main:744 |   Processed 5/32 in batch 180
2026-08-17 03:25:43,430 | DEBUG    | main:744 |   Processed 10/32 in batch 180
2026-08-17 03:25:43,430 | DEBUG    | main:744 |   Processed 15/32 in batch 180
2026-08-17 03:25:43,430 | DEBUG    | main:744 |   Processed 20/32 in batch 180
2026-08-17 03:25:43,431 | DEBUG    | main:744 |   Processed 25/32 in batch 180
2026-08-17 03:25:43,431 | DEBUG    | main:744 |   Processed 30/32 in batch 180
2026-08-17 03:25:43,431 | INFO     | main:670 | Processing batch 181/282 (32 profiles)...
2026-08-17 03:26:28,035 | DEBUG    | main:744 |   Processed 5/32 in batch 181
2026-08-17 03:26:28,035 | DEBUG    | main:744 |   Processed 10/32 in batch 181
2026-08-17 03:26:28,035 | DEBUG    | main:744 |   Processed 15/32 in batch 181
2026-08-17 03:26:28,036 | DEBUG    | main:744 |   Processed 20/32 in batch 181
2026-08-17 03:26:28,036 | DEBUG    | main:744 |   Processed 25/32 in batch 181
2026-08-17 03:26:28,037 | DEBUG    | main:744 |   Processed 30/32 in batch 181
2026-08-17 03:26:28,037 | INFO     | main:670 | Processing batch 182/282 (32 profiles)...
2026-08-17 03:27:11,431 | DEBUG    | main:744 |   Processed 5/32 in batch 182
2026-08-17 03:27:11,431 | DEBUG    | main:744 |   Processed 10/32 in batch 182
2026-08-17 03:27:11,431 | DEBUG    | main:744 |   Processed 15/32 in batch 182
2026-08-17 03:27:11,432 | DEBUG    | main:744 |   Processed 20/32 in batch 182
2026-08-17 03:27:11,432 | DEBUG    | main:744 |   Processed 25/32 in batch 182
2026-08-17 03:27:11,432 | DEBUG    | main:744 |   Processed 30/32 in batch 182
2026-08-17 03:27:11,433 | INFO     | main:670 | Processing batch 183/282 (32 profiles)...
2026-08-17 03:27:54,859 | DEBUG    | main:744 |   Processed 5/32 in batch 183
2026-08-17 03:27:54,859 | DEBUG    | main:744 |   Processed 10/32 in batch 183
2026-08-17 03:27:54,860 | DEBUG    | main:744 |   Processed 15/32 in batch 183
2026-08-17 03:27:54,860 | DEBUG    | main:744 |   Processed 20/32 in batch 183
2026-08-17 03:27:54,860 | DEBUG    | main:744 |   Processed 25/32 in batch 183
2026-08-17 03:27:54,861 | DEBUG    | main:744 |   Processed 30/32 in batch 183
2026-08-17 03:27:54,861 | INFO     | main:670 | Processing batch 184/282 (32 profiles)...
2026-08-17 03:28:38,998 | DEBUG    | main:744 |   Processed 5/32 in batch 184
2026-08-17 03:28:38,999 | DEBUG    | main:744 |   Processed 10/32 in batch 184
2026-08-17 03:28:38,999 | DEBUG    | main:744 |   Processed 15/32 in batch 184
2026-08-17 03:28:38,999 | DEBUG    | main:744 |   Processed 20/32 in batch 184
2026-08-17 03:28:39,000 | DEBUG    | main:744 |   Processed 25/32 in batch 184
2026-08-17 03:28:39,000 | DEBUG    | main:744 |   Processed 30/32 in batch 184
2026-08-17 03:28:39,000 | INFO     | main:670 | Processing batch 185/282 (32 profiles)...
2026-08-17 03:29:22,381 | DEBUG    | main:744 |   Processed 5/32 in batch 185
2026-08-17 03:29:22,381 | DEBUG    | main:744 |   Processed 10/32 in batch 185
2026-08-17 03:29:22,382 | DEBUG    | main:744 |   Processed 15/32 in batch 185
2026-08-17 03:29:22,382 | DEBUG    | main:744 |   Processed 20/32 in batch 185
2026-08-17 03:29:22,382 | DEBUG    | main:744 |   Processed 25/32 in batch 185
2026-08-17 03:29:22,383 | DEBUG    | main:744 |   Processed 30/32 in batch 185
2026-08-17 03:29:22,383 | INFO     | main:670 | Processing batch 186/282 (32 profiles)...
2026-08-17 03:30:05,734 | DEBUG    | main:744 |   Processed 5/32 in batch 186
2026-08-17 03:30:05,735 | DEBUG    | main:744 |   Processed 10/32 in batch 186
2026-08-17 03:30:05,735 | DEBUG    | main:744 |   Processed 15/32 in batch 186
2026-08-17 03:30:05,735 | DEBUG    | main:744 |   Processed 20/32 in batch 186
2026-08-17 03:30:05,736 | DEBUG    | main:744 |   Processed 25/32 in batch 186
2026-08-17 03:30:05,736 | DEBUG    | main:744 |   Processed 30/32 in batch 186
2026-08-17 03:30:05,736 | INFO     | main:670 | Processing batch 187/282 (32 profiles)...
2026-08-17 03:30:49,038 | DEBUG    | main:744 |   Processed 5/32 in batch 187
2026-08-17 03:30:49,039 | DEBUG    | main:744 |   Processed 10/32 in batch 187
2026-08-17 03:30:49,039 | DEBUG    | main:744 |   Processed 15/32 in batch 187
2026-08-17 03:30:49,039 | DEBUG    | main:744 |   Processed 20/32 in batch 187
2026-08-17 03:30:49,040 | DEBUG    | main:744 |   Processed 25/32 in batch 187
2026-08-17 03:30:49,040 | DEBUG    | main:744 |   Processed 30/32 in batch 187
2026-08-17 03:30:49,040 | INFO     | main:670 | Processing batch 188/282 (32 profiles)...
2026-08-17 03:31:32,019 | DEBUG    | main:744 |   Processed 5/32 in batch 188
2026-08-17 03:31:32,020 | DEBUG    | main:744 |   Processed 10/32 in batch 188
2026-08-17 03:31:32,020 | DEBUG    | main:744 |   Processed 15/32 in batch 188
2026-08-17 03:31:32,021 | DEBUG    | main:744 |   Processed 20/32 in batch 188
2026-08-17 03:31:32,021 | DEBUG    | main:744 |   Processed 25/32 in batch 188
2026-08-17 03:31:32,021 | DEBUG    | main:744 |   Processed 30/32 in batch 188
2026-08-17 03:31:32,022 | INFO     | main:670 | Processing batch 189/282 (32 profiles)...
2026-08-17 03:32:15,009 | DEBUG    | main:744 |   Processed 5/32 in batch 189
2026-08-17 03:32:15,010 | DEBUG    | main:744 |   Processed 10/32 in batch 189
2026-08-17 03:32:15,010 | DEBUG    | main:744 |   Processed 15/32 in batch 189
2026-08-17 03:32:15,011 | DEBUG    | main:744 |   Processed 20/32 in batch 189
2026-08-17 03:32:15,011 | DEBUG    | main:744 |   Processed 25/32 in batch 189
2026-08-17 03:32:15,011 | DEBUG    | main:744 |   Processed 30/32 in batch 189
2026-08-17 03:32:15,011 | INFO     | main:670 | Processing batch 190/282 (32 profiles)...
2026-08-17 03:32:58,067 | DEBUG    | main:744 |   Processed 5/32 in batch 190
2026-08-17 03:32:58,067 | DEBUG    | main:744 |   Processed 10/32 in batch 190
2026-08-17 03:32:58,067 | DEBUG    | main:744 |   Processed 15/32 in batch 190
2026-08-17 03:32:58,068 | DEBUG    | main:744 |   Processed 20/32 in batch 190
2026-08-17 03:32:58,068 | DEBUG    | main:744 |   Processed 25/32 in batch 190
2026-08-17 03:32:58,068 | DEBUG    | main:744 |   Processed 30/32 in batch 190
2026-08-17 03:32:58,069 | INFO     | main:670 | Processing batch 191/282 (32 profiles)...
2026-08-17 03:33:41,146 | DEBUG    | main:744 |   Processed 5/32 in batch 191
2026-08-17 03:33:41,147 | DEBUG    | main:744 |   Processed 10/32 in batch 191
2026-08-17 03:33:41,147 | DEBUG    | main:744 |   Processed 15/32 in batch 191
2026-08-17 03:33:41,147 | DEBUG    | main:744 |   Processed 20/32 in batch 191
2026-08-17 03:33:41,148 | DEBUG    | main:744 |   Processed 25/32 in batch 191
2026-08-17 03:33:41,148 | DEBUG    | main:744 |   Processed 30/32 in batch 191
2026-08-17 03:33:41,148 | INFO     | main:670 | Processing batch 192/282 (32 profiles)...
2026-08-17 03:34:24,124 | DEBUG    | main:744 |   Processed 5/32 in batch 192
2026-08-17 03:34:24,124 | DEBUG    | main:744 |   Processed 10/32 in batch 192
2026-08-17 03:34:24,125 | DEBUG    | main:744 |   Processed 15/32 in batch 192
2026-08-17 03:34:24,125 | DEBUG    | main:744 |   Processed 20/32 in batch 192
2026-08-17 03:34:24,125 | DEBUG    | main:744 |   Processed 25/32 in batch 192
2026-08-17 03:34:24,126 | DEBUG    | main:744 |   Processed 30/32 in batch 192
2026-08-17 03:34:24,126 | INFO     | main:670 | Processing batch 193/282 (32 profiles)...
2026-08-17 03:35:07,128 | DEBUG    | main:744 |   Processed 5/32 in batch 193
2026-08-17 03:35:07,129 | DEBUG    | main:744 |   Processed 10/32 in batch 193
2026-08-17 03:35:07,129 | DEBUG    | main:744 |   Processed 15/32 in batch 193
2026-08-17 03:35:07,129 | DEBUG    | main:744 |   Processed 20/32 in batch 193
2026-08-17 03:35:07,130 | DEBUG    | main:744 |   Processed 25/32 in batch 193
2026-08-17 03:35:07,130 | DEBUG    | main:744 |   Processed 30/32 in batch 193
2026-08-17 03:35:07,130 | INFO     | main:670 | Processing batch 194/282 (32 profiles)...
2026-08-17 03:35:50,597 | DEBUG    | main:744 |   Processed 5/32 in batch 194
2026-08-17 03:35:50,598 | DEBUG    | main:744 |   Processed 10/32 in batch 194
2026-08-17 03:35:50,598 | DEBUG    | main:744 |   Processed 15/32 in batch 194
2026-08-17 03:35:50,598 | DEBUG    | main:744 |   Processed 20/32 in batch 194
2026-08-17 03:35:50,599 | DEBUG    | main:744 |   Processed 25/32 in batch 194
2026-08-17 03:35:50,599 | DEBUG    | main:744 |   Processed 30/32 in batch 194
2026-08-17 03:35:50,599 | INFO     | main:670 | Processing batch 195/282 (32 profiles)...
2026-08-17 03:36:33,414 | DEBUG    | main:744 |   Processed 5/32 in batch 195
2026-08-17 03:36:33,414 | DEBUG    | main:744 |   Processed 10/32 in batch 195
2026-08-17 03:36:33,415 | DEBUG    | main:744 |   Processed 15/32 in batch 195
2026-08-17 03:36:33,415 | DEBUG    | main:744 |   Processed 20/32 in batch 195
2026-08-17 03:36:33,416 | DEBUG    | main:744 |   Processed 25/32 in batch 195
2026-08-17 03:36:33,416 | DEBUG    | main:744 |   Processed 30/32 in batch 195
2026-08-17 03:36:33,416 | INFO     | main:670 | Processing batch 196/282 (32 profiles)...
2026-08-17 03:37:16,471 | DEBUG    | main:744 |   Processed 5/32 in batch 196
2026-08-17 03:37:16,472 | DEBUG    | main:744 |   Processed 10/32 in batch 196
2026-08-17 03:37:16,472 | DEBUG    | main:744 |   Processed 15/32 in batch 196
2026-08-17 03:37:16,473 | DEBUG    | main:744 |   Processed 20/32 in batch 196
2026-08-17 03:37:16,473 | DEBUG    | main:744 |   Processed 25/32 in batch 196
2026-08-17 03:37:16,474 | DEBUG    | main:744 |   Processed 30/32 in batch 196
2026-08-17 03:37:16,474 | INFO     | main:670 | Processing batch 197/282 (32 profiles)...
2026-08-17 03:37:59,591 | DEBUG    | main:744 |   Processed 5/32 in batch 197
2026-08-17 03:37:59,591 | DEBUG    | main:744 |   Processed 10/32 in batch 197
2026-08-17 03:37:59,592 | DEBUG    | main:744 |   Processed 15/32 in batch 197
2026-08-17 03:37:59,592 | DEBUG    | main:744 |   Processed 20/32 in batch 197
2026-08-17 03:37:59,593 | DEBUG    | main:744 |   Processed 25/32 in batch 197
2026-08-17 03:37:59,593 | DEBUG    | main:744 |   Processed 30/32 in batch 197
2026-08-17 03:37:59,593 | INFO     | main:670 | Processing batch 198/282 (32 profiles)...
2026-08-17 03:38:42,687 | DEBUG    | main:744 |   Processed 5/32 in batch 198
2026-08-17 03:38:42,688 | DEBUG    | main:744 |   Processed 10/32 in batch 198
2026-08-17 03:38:42,688 | DEBUG    | main:744 |   Processed 15/32 in batch 198
2026-08-17 03:38:42,688 | DEBUG    | main:744 |   Processed 20/32 in batch 198
2026-08-17 03:38:42,689 | DEBUG    | main:744 |   Processed 25/32 in batch 198
2026-08-17 03:38:42,689 | DEBUG    | main:744 |   Processed 30/32 in batch 198
2026-08-17 03:38:42,689 | INFO     | main:670 | Processing batch 199/282 (32 profiles)...
2026-08-17 03:39:25,684 | DEBUG    | main:744 |   Processed 5/32 in batch 199
2026-08-17 03:39:25,685 | DEBUG    | main:744 |   Processed 10/32 in batch 199
2026-08-17 03:39:25,685 | DEBUG    | main:744 |   Processed 15/32 in batch 199
2026-08-17 03:39:25,685 | DEBUG    | main:744 |   Processed 20/32 in batch 199
2026-08-17 03:39:25,686 | DEBUG    | main:744 |   Processed 25/32 in batch 199
2026-08-17 03:39:25,686 | DEBUG    | main:744 |   Processed 30/32 in batch 199
2026-08-17 03:39:25,686 | INFO     | main:670 | Processing batch 200/282 (32 profiles)...
2026-08-17 03:40:09,082 | DEBUG    | main:744 |   Processed 5/32 in batch 200
2026-08-17 03:40:09,082 | DEBUG    | main:744 |   Processed 10/32 in batch 200
2026-08-17 03:40:09,083 | DEBUG    | main:744 |   Processed 15/32 in batch 200
2026-08-17 03:40:09,083 | DEBUG    | main:744 |   Processed 20/32 in batch 200
2026-08-17 03:40:09,084 | DEBUG    | main:744 |   Processed 25/32 in batch 200
2026-08-17 03:40:09,084 | DEBUG    | main:744 |   Processed 30/32 in batch 200
2026-08-17 03:40:09,084 | INFO     | main:670 | Processing batch 201/282 (32 profiles)...
2026-08-17 03:40:52,186 | DEBUG    | main:744 |   Processed 5/32 in batch 201
2026-08-17 03:40:52,186 | DEBUG    | main:744 |   Processed 10/32 in batch 201
2026-08-17 03:40:52,187 | DEBUG    | main:744 |   Processed 15/32 in batch 201
2026-08-17 03:40:52,187 | DEBUG    | main:744 |   Processed 20/32 in batch 201
2026-08-17 03:40:52,187 | DEBUG    | main:744 |   Processed 25/32 in batch 201
2026-08-17 03:40:52,188 | DEBUG    | main:744 |   Processed 30/32 in batch 201
2026-08-17 03:40:52,188 | INFO     | main:670 | Processing batch 202/282 (32 profiles)...
2026-08-17 03:41:35,359 | DEBUG    | main:744 |   Processed 5/32 in batch 202
2026-08-17 03:41:35,360 | DEBUG    | main:744 |   Processed 10/32 in batch 202
2026-08-17 03:41:35,360 | DEBUG    | main:744 |   Processed 15/32 in batch 202
2026-08-17 03:41:35,360 | DEBUG    | main:744 |   Processed 20/32 in batch 202
2026-08-17 03:41:35,361 | DEBUG    | main:744 |   Processed 25/32 in batch 202
2026-08-17 03:41:35,361 | DEBUG    | main:744 |   Processed 30/32 in batch 202
2026-08-17 03:41:35,361 | INFO     | main:670 | Processing batch 203/282 (32 profiles)...
2026-08-17 03:42:18,530 | DEBUG    | main:744 |   Processed 5/32 in batch 203
2026-08-17 03:42:18,530 | DEBUG    | main:744 |   Processed 10/32 in batch 203
2026-08-17 03:42:18,531 | DEBUG    | main:744 |   Processed 15/32 in batch 203
2026-08-17 03:42:18,531 | DEBUG    | main:744 |   Processed 20/32 in batch 203
2026-08-17 03:42:18,531 | DEBUG    | main:744 |   Processed 25/32 in batch 203
2026-08-17 03:42:18,532 | DEBUG    | main:744 |   Processed 30/32 in batch 203
2026-08-17 03:42:18,532 | INFO     | main:670 | Processing batch 204/282 (32 profiles)...
2026-08-17 03:43:01,771 | DEBUG    | main:744 |   Processed 5/32 in batch 204
2026-08-17 03:43:01,771 | DEBUG    | main:744 |   Processed 10/32 in batch 204
2026-08-17 03:43:01,772 | DEBUG    | main:744 |   Processed 15/32 in batch 204
2026-08-17 03:43:01,772 | DEBUG    | main:744 |   Processed 20/32 in batch 204
2026-08-17 03:43:01,772 | DEBUG    | main:744 |   Processed 25/32 in batch 204
2026-08-17 03:43:01,773 | DEBUG    | main:744 |   Processed 30/32 in batch 204
2026-08-17 03:43:01,773 | INFO     | main:670 | Processing batch 205/282 (32 profiles)...
2026-08-17 03:43:44,917 | DEBUG    | main:744 |   Processed 5/32 in batch 205
2026-08-17 03:43:44,917 | DEBUG    | main:744 |   Processed 10/32 in batch 205
2026-08-17 03:43:44,918 | DEBUG    | main:744 |   Processed 15/32 in batch 205
2026-08-17 03:43:44,918 | DEBUG    | main:744 |   Processed 20/32 in batch 205
2026-08-17 03:43:44,918 | DEBUG    | main:744 |   Processed 25/32 in batch 205
2026-08-17 03:43:44,919 | DEBUG    | main:744 |   Processed 30/32 in batch 205
2026-08-17 03:43:44,919 | INFO     | main:670 | Processing batch 206/282 (32 profiles)...
2026-08-17 03:44:28,480 | DEBUG    | main:744 |   Processed 5/32 in batch 206
2026-08-17 03:44:28,481 | DEBUG    | main:744 |   Processed 10/32 in batch 206
2026-08-17 03:44:28,481 | DEBUG    | main:744 |   Processed 15/32 in batch 206
2026-08-17 03:44:28,481 | DEBUG    | main:744 |   Processed 20/32 in batch 206
2026-08-17 03:44:28,482 | DEBUG    | main:744 |   Processed 25/32 in batch 206
2026-08-17 03:44:28,482 | DEBUG    | main:744 |   Processed 30/32 in batch 206
2026-08-17 03:44:28,482 | INFO     | main:670 | Processing batch 207/282 (32 profiles)...
2026-08-17 03:45:11,663 | DEBUG    | main:744 |   Processed 5/32 in batch 207
2026-08-17 03:45:11,664 | DEBUG    | main:744 |   Processed 10/32 in batch 207
2026-08-17 03:45:11,664 | DEBUG    | main:744 |   Processed 15/32 in batch 207
2026-08-17 03:45:11,665 | DEBUG    | main:744 |   Processed 20/32 in batch 207
2026-08-17 03:45:11,665 | DEBUG    | main:744 |   Processed 25/32 in batch 207
2026-08-17 03:45:11,665 | DEBUG    | main:744 |   Processed 30/32 in batch 207
2026-08-17 03:45:11,666 | INFO     | main:670 | Processing batch 208/282 (32 profiles)...
2026-08-17 03:45:54,784 | DEBUG    | main:744 |   Processed 5/32 in batch 208
2026-08-17 03:45:54,784 | DEBUG    | main:744 |   Processed 10/32 in batch 208
2026-08-17 03:45:54,785 | DEBUG    | main:744 |   Processed 15/32 in batch 208
2026-08-17 03:45:54,785 | DEBUG    | main:744 |   Processed 20/32 in batch 208
2026-08-17 03:45:54,786 | DEBUG    | main:744 |   Processed 25/32 in batch 208
2026-08-17 03:45:54,786 | DEBUG    | main:744 |   Processed 30/32 in batch 208
2026-08-17 03:45:54,786 | INFO     | main:670 | Processing batch 209/282 (32 profiles)...
2026-08-17 03:46:37,931 | DEBUG    | main:744 |   Processed 5/32 in batch 209
2026-08-17 03:46:37,931 | DEBUG    | main:744 |   Processed 10/32 in batch 209
2026-08-17 03:46:37,932 | DEBUG    | main:744 |   Processed 15/32 in batch 209
2026-08-17 03:46:37,932 | DEBUG    | main:744 |   Processed 20/32 in batch 209
2026-08-17 03:46:37,932 | DEBUG    | main:744 |   Processed 25/32 in batch 209
2026-08-17 03:46:37,933 | DEBUG    | main:744 |   Processed 30/32 in batch 209
2026-08-17 03:46:37,933 | INFO     | main:670 | Processing batch 210/282 (32 profiles)...
2026-08-17 03:47:21,104 | DEBUG    | main:744 |   Processed 5/32 in batch 210
2026-08-17 03:47:21,104 | DEBUG    | main:744 |   Processed 10/32 in batch 210
2026-08-17 03:47:21,105 | DEBUG    | main:744 |   Processed 15/32 in batch 210
2026-08-17 03:47:21,105 | DEBUG    | main:744 |   Processed 20/32 in batch 210
2026-08-17 03:47:21,105 | DEBUG    | main:744 |   Processed 25/32 in batch 210
2026-08-17 03:47:21,106 | DEBUG    | main:744 |   Processed 30/32 in batch 210
2026-08-17 03:47:21,106 | INFO     | main:670 | Processing batch 211/282 (32 profiles)...
2026-08-17 03:48:04,114 | DEBUG    | main:744 |   Processed 5/32 in batch 211
2026-08-17 03:48:04,115 | DEBUG    | main:744 |   Processed 10/32 in batch 211
2026-08-17 03:48:04,115 | DEBUG    | main:744 |   Processed 15/32 in batch 211
2026-08-17 03:48:04,116 | DEBUG    | main:744 |   Processed 20/32 in batch 211
2026-08-17 03:48:04,116 | DEBUG    | main:744 |   Processed 25/32 in batch 211
2026-08-17 03:48:04,116 | DEBUG    | main:744 |   Processed 30/32 in batch 211
2026-08-17 03:48:04,116 | INFO     | main:670 | Processing batch 212/282 (32 profiles)...
2026-08-17 03:48:47,245 | DEBUG    | main:744 |   Processed 5/32 in batch 212
2026-08-17 03:48:47,246 | DEBUG    | main:744 |   Processed 10/32 in batch 212
2026-08-17 03:48:47,246 | DEBUG    | main:744 |   Processed 15/32 in batch 212
2026-08-17 03:48:47,246 | DEBUG    | main:744 |   Processed 20/32 in batch 212
2026-08-17 03:48:47,247 | DEBUG    | main:744 |   Processed 25/32 in batch 212
2026-08-17 03:48:47,247 | DEBUG    | main:744 |   Processed 30/32 in batch 212
2026-08-17 03:48:47,247 | INFO     | main:670 | Processing batch 213/282 (32 profiles)...
2026-08-17 03:49:30,446 | DEBUG    | main:744 |   Processed 5/32 in batch 213
2026-08-17 03:49:30,447 | DEBUG    | main:744 |   Processed 10/32 in batch 213
2026-08-17 03:49:30,447 | DEBUG    | main:744 |   Processed 15/32 in batch 213
2026-08-17 03:49:30,448 | DEBUG    | main:744 |   Processed 20/32 in batch 213
2026-08-17 03:49:30,448 | DEBUG    | main:744 |   Processed 25/32 in batch 213
2026-08-17 03:49:30,448 | DEBUG    | main:744 |   Processed 30/32 in batch 213
2026-08-17 03:49:30,449 | INFO     | main:670 | Processing batch 214/282 (32 profiles)...
2026-08-17 03:50:13,602 | DEBUG    | main:744 |   Processed 5/32 in batch 214
2026-08-17 03:50:13,603 | DEBUG    | main:744 |   Processed 10/32 in batch 214
2026-08-17 03:50:13,603 | DEBUG    | main:744 |   Processed 15/32 in batch 214
2026-08-17 03:50:13,604 | DEBUG    | main:744 |   Processed 20/32 in batch 214
2026-08-17 03:50:13,604 | DEBUG    | main:744 |   Processed 25/32 in batch 214
2026-08-17 03:50:13,604 | DEBUG    | main:744 |   Processed 30/32 in batch 214
2026-08-17 03:50:13,604 | INFO     | main:670 | Processing batch 215/282 (32 profiles)...
2026-08-17 03:50:56,744 | DEBUG    | main:744 |   Processed 5/32 in batch 215
2026-08-17 03:50:56,744 | DEBUG    | main:744 |   Processed 10/32 in batch 215
2026-08-17 03:50:56,745 | DEBUG    | main:744 |   Processed 15/32 in batch 215
2026-08-17 03:50:56,745 | DEBUG    | main:744 |   Processed 20/32 in batch 215
2026-08-17 03:50:56,745 | DEBUG    | main:744 |   Processed 25/32 in batch 215
2026-08-17 03:50:56,746 | DEBUG    | main:744 |   Processed 30/32 in batch 215
2026-08-17 03:50:56,746 | INFO     | main:670 | Processing batch 216/282 (32 profiles)...
2026-08-17 03:51:40,605 | DEBUG    | main:744 |   Processed 5/32 in batch 216
2026-08-17 03:51:40,606 | DEBUG    | main:744 |   Processed 10/32 in batch 216
2026-08-17 03:51:40,606 | DEBUG    | main:744 |   Processed 15/32 in batch 216
2026-08-17 03:51:40,607 | DEBUG    | main:744 |   Processed 20/32 in batch 216
2026-08-17 03:51:40,607 | DEBUG    | main:744 |   Processed 25/32 in batch 216
2026-08-17 03:51:40,608 | DEBUG    | main:744 |   Processed 30/32 in batch 216
2026-08-17 03:51:40,608 | INFO     | main:670 | Processing batch 217/282 (32 profiles)...
2026-08-17 03:52:23,716 | DEBUG    | main:744 |   Processed 5/32 in batch 217
2026-08-17 03:52:23,717 | DEBUG    | main:744 |   Processed 10/32 in batch 217
2026-08-17 03:52:23,717 | DEBUG    | main:744 |   Processed 15/32 in batch 217
2026-08-17 03:52:23,718 | DEBUG    | main:744 |   Processed 20/32 in batch 217
2026-08-17 03:52:23,718 | DEBUG    | main:744 |   Processed 25/32 in batch 217
2026-08-17 03:52:23,718 | DEBUG    | main:744 |   Processed 30/32 in batch 217
2026-08-17 03:52:23,719 | INFO     | main:670 | Processing batch 218/282 (32 profiles)...
2026-08-17 03:53:06,889 | DEBUG    | main:744 |   Processed 5/32 in batch 218
2026-08-17 03:53:06,890 | DEBUG    | main:744 |   Processed 10/32 in batch 218
2026-08-17 03:53:06,890 | DEBUG    | main:744 |   Processed 15/32 in batch 218
2026-08-17 03:53:06,891 | DEBUG    | main:744 |   Processed 20/32 in batch 218
2026-08-17 03:53:06,891 | DEBUG    | main:744 |   Processed 25/32 in batch 218
2026-08-17 03:53:06,891 | DEBUG    | main:744 |   Processed 30/32 in batch 218
2026-08-17 03:53:06,892 | INFO     | main:670 | Processing batch 219/282 (32 profiles)...
2026-08-17 03:53:50,051 | DEBUG    | main:744 |   Processed 5/32 in batch 219
2026-08-17 03:53:50,052 | DEBUG    | main:744 |   Processed 10/32 in batch 219
2026-08-17 03:53:50,052 | DEBUG    | main:744 |   Processed 15/32 in batch 219
2026-08-17 03:53:50,052 | DEBUG    | main:744 |   Processed 20/32 in batch 219
2026-08-17 03:53:50,053 | DEBUG    | main:744 |   Processed 25/32 in batch 219
2026-08-17 03:53:50,053 | DEBUG    | main:744 |   Processed 30/32 in batch 219
2026-08-17 03:53:50,053 | INFO     | main:670 | Processing batch 220/282 (32 profiles)...
2026-08-17 03:54:33,348 | DEBUG    | main:744 |   Processed 5/32 in batch 220
2026-08-17 03:54:33,349 | DEBUG    | main:744 |   Processed 10/32 in batch 220
2026-08-17 03:54:33,349 | DEBUG    | main:744 |   Processed 15/32 in batch 220
2026-08-17 03:54:33,349 | DEBUG    | main:744 |   Processed 20/32 in batch 220
2026-08-17 03:54:33,350 | DEBUG    | main:744 |   Processed 25/32 in batch 220
2026-08-17 03:54:33,350 | DEBUG    | main:744 |   Processed 30/32 in batch 220
2026-08-17 03:54:33,350 | INFO     | main:670 | Processing batch 221/282 (32 profiles)...
2026-08-17 03:55:16,673 | DEBUG    | main:744 |   Processed 5/32 in batch 221
2026-08-17 03:55:16,674 | DEBUG    | main:744 |   Processed 10/32 in batch 221
2026-08-17 03:55:16,674 | DEBUG    | main:744 |   Processed 15/32 in batch 221
2026-08-17 03:55:16,674 | DEBUG    | main:744 |   Processed 20/32 in batch 221
2026-08-17 03:55:16,675 | DEBUG    | main:744 |   Processed 25/32 in batch 221
2026-08-17 03:55:16,675 | DEBUG    | main:744 |   Processed 30/32 in batch 221
2026-08-17 03:55:16,675 | INFO     | main:670 | Processing batch 222/282 (32 profiles)...
2026-08-17 03:56:00,096 | DEBUG    | main:744 |   Processed 5/32 in batch 222
2026-08-17 03:56:00,097 | DEBUG    | main:744 |   Processed 10/32 in batch 222
2026-08-17 03:56:00,097 | DEBUG    | main:744 |   Processed 15/32 in batch 222
2026-08-17 03:56:00,097 | DEBUG    | main:744 |   Processed 20/32 in batch 222
2026-08-17 03:56:00,098 | DEBUG    | main:744 |   Processed 25/32 in batch 222
2026-08-17 03:56:00,098 | DEBUG    | main:744 |   Processed 30/32 in batch 222
2026-08-17 03:56:00,098 | INFO     | main:670 | Processing batch 223/282 (32 profiles)...
2026-08-17 03:56:43,256 | DEBUG    | main:744 |   Processed 5/32 in batch 223
2026-08-17 03:56:43,256 | DEBUG    | main:744 |   Processed 10/32 in batch 223
2026-08-17 03:56:43,257 | DEBUG    | main:744 |   Processed 15/32 in batch 223
2026-08-17 03:56:43,257 | DEBUG    | main:744 |   Processed 20/32 in batch 223
2026-08-17 03:56:43,257 | DEBUG    | main:744 |   Processed 25/32 in batch 223
2026-08-17 03:56:43,258 | DEBUG    | main:744 |   Processed 30/32 in batch 223
2026-08-17 03:56:43,258 | INFO     | main:670 | Processing batch 224/282 (32 profiles)...
2026-08-17 03:57:26,521 | DEBUG    | main:744 |   Processed 5/32 in batch 224
2026-08-17 03:57:26,521 | DEBUG    | main:744 |   Processed 10/32 in batch 224
2026-08-17 03:57:26,522 | DEBUG    | main:744 |   Processed 15/32 in batch 224
2026-08-17 03:57:26,522 | DEBUG    | main:744 |   Processed 20/32 in batch 224
2026-08-17 03:57:26,522 | DEBUG    | main:744 |   Processed 25/32 in batch 224
2026-08-17 03:57:26,523 | DEBUG    | main:744 |   Processed 30/32 in batch 224
2026-08-17 03:57:26,523 | INFO     | main:670 | Processing batch 225/282 (32 profiles)...
2026-08-17 03:58:09,719 | DEBUG    | main:744 |   Processed 5/32 in batch 225
2026-08-17 03:58:09,720 | DEBUG    | main:744 |   Processed 10/32 in batch 225
2026-08-17 03:58:09,720 | DEBUG    | main:744 |   Processed 15/32 in batch 225
2026-08-17 03:58:09,720 | DEBUG    | main:744 |   Processed 20/32 in batch 225
2026-08-17 03:58:09,731 | DEBUG    | main:744 |   Processed 25/32 in batch 225
2026-08-17 03:58:09,731 | DEBUG    | main:744 |   Processed 30/32 in batch 225
2026-08-17 03:58:09,731 | INFO     | main:670 | Processing batch 226/282 (32 profiles)...
2026-08-17 03:58:53,019 | DEBUG    | main:744 |   Processed 5/32 in batch 226
2026-08-17 03:58:53,019 | DEBUG    | main:744 |   Processed 10/32 in batch 226
2026-08-17 03:58:53,020 | DEBUG    | main:744 |   Processed 15/32 in batch 226
2026-08-17 03:58:53,020 | DEBUG    | main:744 |   Processed 20/32 in batch 226
2026-08-17 03:58:53,021 | DEBUG    | main:744 |   Processed 25/32 in batch 226
2026-08-17 03:58:53,021 | DEBUG    | main:744 |   Processed 30/32 in batch 226
2026-08-17 03:58:53,021 | INFO     | main:670 | Processing batch 227/282 (32 profiles)...
2026-08-17 03:59:36,198 | DEBUG    | main:744 |   Processed 5/32 in batch 227
2026-08-17 03:59:36,199 | DEBUG    | main:744 |   Processed 10/32 in batch 227
2026-08-17 03:59:36,199 | DEBUG    | main:744 |   Processed 15/32 in batch 227
2026-08-17 03:59:36,199 | DEBUG    | main:744 |   Processed 20/32 in batch 227
2026-08-17 03:59:36,200 | DEBUG    | main:744 |   Processed 25/32 in batch 227
2026-08-17 03:59:36,200 | DEBUG    | main:744 |   Processed 30/32 in batch 227
2026-08-17 03:59:36,200 | INFO     | main:670 | Processing batch 228/282 (32 profiles)...
2026-08-17 04:00:19,280 | DEBUG    | main:744 |   Processed 5/32 in batch 228
2026-08-17 04:00:19,280 | DEBUG    | main:744 |   Processed 10/32 in batch 228
2026-08-17 04:00:19,280 | DEBUG    | main:744 |   Processed 15/32 in batch 228
2026-08-17 04:00:19,281 | DEBUG    | main:744 |   Processed 20/32 in batch 228
2026-08-17 04:00:19,281 | DEBUG    | main:744 |   Processed 25/32 in batch 228
2026-08-17 04:00:19,281 | DEBUG    | main:744 |   Processed 30/32 in batch 228
2026-08-17 04:00:19,282 | INFO     | main:670 | Processing batch 229/282 (32 profiles)...
2026-08-17 04:01:02,426 | DEBUG    | main:744 |   Processed 5/32 in batch 229
2026-08-17 04:01:02,427 | DEBUG    | main:744 |   Processed 10/32 in batch 229
2026-08-17 04:01:02,427 | DEBUG    | main:744 |   Processed 15/32 in batch 229
2026-08-17 04:01:02,427 | DEBUG    | main:744 |   Processed 20/32 in batch 229
2026-08-17 04:01:02,428 | DEBUG    | main:744 |   Processed 25/32 in batch 229
2026-08-17 04:01:02,428 | DEBUG    | main:744 |   Processed 30/32 in batch 229
2026-08-17 04:01:02,428 | INFO     | main:670 | Processing batch 230/282 (32 profiles)...
2026-08-17 04:01:45,884 | DEBUG    | main:744 |   Processed 5/32 in batch 230
2026-08-17 04:01:45,885 | DEBUG    | main:744 |   Processed 10/32 in batch 230
2026-08-17 04:01:45,885 | DEBUG    | main:744 |   Processed 15/32 in batch 230
2026-08-17 04:01:45,886 | DEBUG    | main:744 |   Processed 20/32 in batch 230
2026-08-17 04:01:45,886 | DEBUG    | main:744 |   Processed 25/32 in batch 230
2026-08-17 04:01:45,886 | DEBUG    | main:744 |   Processed 30/32 in batch 230
2026-08-17 04:01:45,887 | INFO     | main:670 | Processing batch 231/282 (32 profiles)...
2026-08-17 04:02:29,059 | DEBUG    | main:744 |   Processed 5/32 in batch 231
2026-08-17 04:02:29,059 | DEBUG    | main:744 |   Processed 10/32 in batch 231
2026-08-17 04:02:29,059 | DEBUG    | main:744 |   Processed 15/32 in batch 231
2026-08-17 04:02:29,060 | DEBUG    | main:744 |   Processed 20/32 in batch 231
2026-08-17 04:02:29,060 | DEBUG    | main:744 |   Processed 25/32 in batch 231
2026-08-17 04:02:29,060 | DEBUG    | main:744 |   Processed 30/32 in batch 231
2026-08-17 04:02:29,061 | INFO     | main:670 | Processing batch 232/282 (32 profiles)...
2026-08-17 04:03:12,264 | DEBUG    | main:744 |   Processed 5/32 in batch 232
2026-08-17 04:03:12,264 | DEBUG    | main:744 |   Processed 10/32 in batch 232
2026-08-17 04:03:12,265 | DEBUG    | main:744 |   Processed 15/32 in batch 232
2026-08-17 04:03:12,265 | DEBUG    | main:744 |   Processed 20/32 in batch 232
2026-08-17 04:03:12,265 | DEBUG    | main:744 |   Processed 25/32 in batch 232
2026-08-17 04:03:12,266 | DEBUG    | main:744 |   Processed 30/32 in batch 232
2026-08-17 04:03:12,266 | INFO     | main:670 | Processing batch 233/282 (32 profiles)...
2026-08-17 04:03:55,534 | DEBUG    | main:744 |   Processed 5/32 in batch 233
2026-08-17 04:03:55,535 | DEBUG    | main:744 |   Processed 10/32 in batch 233
2026-08-17 04:03:55,535 | DEBUG    | main:744 |   Processed 15/32 in batch 233
2026-08-17 04:03:55,536 | DEBUG    | main:744 |   Processed 20/32 in batch 233
2026-08-17 04:03:55,536 | DEBUG    | main:744 |   Processed 25/32 in batch 233
2026-08-17 04:03:55,536 | DEBUG    | main:744 |   Processed 30/32 in batch 233
2026-08-17 04:03:55,537 | INFO     | main:670 | Processing batch 234/282 (32 profiles)...
2026-08-17 04:04:38,730 | DEBUG    | main:744 |   Processed 5/32 in batch 234
2026-08-17 04:04:38,731 | DEBUG    | main:744 |   Processed 10/32 in batch 234
2026-08-17 04:04:38,731 | DEBUG    | main:744 |   Processed 15/32 in batch 234
2026-08-17 04:04:38,732 | DEBUG    | main:744 |   Processed 20/32 in batch 234
2026-08-17 04:04:38,732 | DEBUG    | main:744 |   Processed 25/32 in batch 234
2026-08-17 04:04:38,732 | DEBUG    | main:744 |   Processed 30/32 in batch 234
2026-08-17 04:04:38,732 | INFO     | main:670 | Processing batch 235/282 (32 profiles)...
2026-08-17 04:05:22,228 | DEBUG    | main:744 |   Processed 5/32 in batch 235
2026-08-17 04:05:22,228 | DEBUG    | main:744 |   Processed 10/32 in batch 235
2026-08-17 04:05:22,228 | DEBUG    | main:744 |   Processed 15/32 in batch 235
2026-08-17 04:05:22,229 | DEBUG    | main:744 |   Processed 20/32 in batch 235
2026-08-17 04:05:22,229 | DEBUG    | main:744 |   Processed 25/32 in batch 235
2026-08-17 04:05:22,229 | DEBUG    | main:744 |   Processed 30/32 in batch 235
2026-08-17 04:05:22,230 | INFO     | main:670 | Processing batch 236/282 (32 profiles)...
2026-08-17 04:06:05,721 | DEBUG    | main:744 |   Processed 5/32 in batch 236
2026-08-17 04:06:05,721 | DEBUG    | main:744 |   Processed 10/32 in batch 236
2026-08-17 04:06:05,722 | DEBUG    | main:744 |   Processed 15/32 in batch 236
2026-08-17 04:06:05,722 | DEBUG    | main:744 |   Processed 20/32 in batch 236
2026-08-17 04:06:05,722 | DEBUG    | main:744 |   Processed 25/32 in batch 236
2026-08-17 04:06:05,723 | DEBUG    | main:744 |   Processed 30/32 in batch 236
2026-08-17 04:06:05,723 | INFO     | main:670 | Processing batch 237/282 (32 profiles)...
2026-08-17 04:06:49,260 | DEBUG    | main:744 |   Processed 5/32 in batch 237
2026-08-17 04:06:49,260 | DEBUG    | main:744 |   Processed 10/32 in batch 237
2026-08-17 04:06:49,261 | DEBUG    | main:744 |   Processed 15/32 in batch 237
2026-08-17 04:06:49,261 | DEBUG    | main:744 |   Processed 20/32 in batch 237
2026-08-17 04:06:49,261 | DEBUG    | main:744 |   Processed 25/32 in batch 237
2026-08-17 04:06:49,262 | DEBUG    | main:744 |   Processed 30/32 in batch 237
2026-08-17 04:06:49,262 | INFO     | main:670 | Processing batch 238/282 (32 profiles)...
2026-08-17 04:07:32,754 | DEBUG    | main:744 |   Processed 5/32 in batch 238
2026-08-17 04:07:32,754 | DEBUG    | main:744 |   Processed 10/32 in batch 238
2026-08-17 04:07:32,755 | DEBUG    | main:744 |   Processed 15/32 in batch 238
2026-08-17 04:07:32,755 | DEBUG    | main:744 |   Processed 20/32 in batch 238
2026-08-17 04:07:32,755 | DEBUG    | main:744 |   Processed 25/32 in batch 238
2026-08-17 04:07:32,756 | DEBUG    | main:744 |   Processed 30/32 in batch 238
2026-08-17 04:07:32,756 | INFO     | main:670 | Processing batch 239/282 (32 profiles)...
2026-08-17 04:08:15,956 | DEBUG    | main:744 |   Processed 5/32 in batch 239
2026-08-17 04:08:15,957 | DEBUG    | main:744 |   Processed 10/32 in batch 239
2026-08-17 04:08:15,957 | DEBUG    | main:744 |   Processed 15/32 in batch 239
2026-08-17 04:08:15,958 | DEBUG    | main:744 |   Processed 20/32 in batch 239
2026-08-17 04:08:15,958 | DEBUG    | main:744 |   Processed 25/32 in batch 239
2026-08-17 04:08:15,958 | DEBUG    | main:744 |   Processed 30/32 in batch 239
2026-08-17 04:08:15,958 | INFO     | main:670 | Processing batch 240/282 (32 profiles)...
2026-08-17 04:08:59,107 | DEBUG    | main:744 |   Processed 5/32 in batch 240
2026-08-17 04:08:59,107 | DEBUG    | main:744 |   Processed 10/32 in batch 240
2026-08-17 04:08:59,108 | DEBUG    | main:744 |   Processed 15/32 in batch 240
2026-08-17 04:08:59,108 | DEBUG    | main:744 |   Processed 20/32 in batch 240
2026-08-17 04:08:59,108 | DEBUG    | main:744 |   Processed 25/32 in batch 240
2026-08-17 04:08:59,109 | DEBUG    | main:744 |   Processed 30/32 in batch 240
2026-08-17 04:08:59,109 | INFO     | main:670 | Processing batch 241/282 (32 profiles)...
2026-08-17 04:09:42,331 | DEBUG    | main:744 |   Processed 5/32 in batch 241
2026-08-17 04:09:42,331 | DEBUG    | main:744 |   Processed 10/32 in batch 241
2026-08-17 04:09:42,331 | DEBUG    | main:744 |   Processed 15/32 in batch 241
2026-08-17 04:09:42,332 | DEBUG    | main:744 |   Processed 20/32 in batch 241
2026-08-17 04:09:42,332 | DEBUG    | main:744 |   Processed 25/32 in batch 241
2026-08-17 04:09:42,332 | DEBUG    | main:744 |   Processed 30/32 in batch 241
2026-08-17 04:09:42,333 | INFO     | main:670 | Processing batch 242/282 (32 profiles)...
2026-08-17 04:10:25,457 | DEBUG    | main:744 |   Processed 5/32 in batch 242
2026-08-17 04:10:25,458 | DEBUG    | main:744 |   Processed 10/32 in batch 242
2026-08-17 04:10:25,458 | DEBUG    | main:744 |   Processed 15/32 in batch 242
2026-08-17 04:10:25,458 | DEBUG    | main:744 |   Processed 20/32 in batch 242
2026-08-17 04:10:25,459 | DEBUG    | main:744 |   Processed 25/32 in batch 242
2026-08-17 04:10:25,459 | DEBUG    | main:744 |   Processed 30/32 in batch 242
2026-08-17 04:10:25,460 | INFO     | main:670 | Processing batch 243/282 (32 profiles)...
2026-08-17 04:11:08,657 | DEBUG    | main:744 |   Processed 5/32 in batch 243
2026-08-17 04:11:08,657 | DEBUG    | main:744 |   Processed 10/32 in batch 243
2026-08-17 04:11:08,658 | DEBUG    | main:744 |   Processed 15/32 in batch 243
2026-08-17 04:11:08,658 | DEBUG    | main:744 |   Processed 20/32 in batch 243
2026-08-17 04:11:08,658 | DEBUG    | main:744 |   Processed 25/32 in batch 243
2026-08-17 04:11:08,659 | DEBUG    | main:744 |   Processed 30/32 in batch 243
2026-08-17 04:11:08,659 | INFO     | main:670 | Processing batch 244/282 (32 profiles)...
2026-08-17 04:11:51,841 | DEBUG    | main:744 |   Processed 5/32 in batch 244
2026-08-17 04:11:51,841 | DEBUG    | main:744 |   Processed 10/32 in batch 244
2026-08-17 04:11:51,842 | DEBUG    | main:744 |   Processed 15/32 in batch 244
2026-08-17 04:11:51,842 | DEBUG    | main:744 |   Processed 20/32 in batch 244
2026-08-17 04:11:51,842 | DEBUG    | main:744 |   Processed 25/32 in batch 244
2026-08-17 04:11:51,843 | DEBUG    | main:744 |   Processed 30/32 in batch 244
2026-08-17 04:11:51,843 | INFO     | main:670 | Processing batch 245/282 (32 profiles)...
2026-08-17 04:12:35,041 | DEBUG    | main:744 |   Processed 5/32 in batch 245
2026-08-17 04:12:35,041 | DEBUG    | main:744 |   Processed 10/32 in batch 245
2026-08-17 04:12:35,042 | DEBUG    | main:744 |   Processed 15/32 in batch 245
2026-08-17 04:12:35,042 | DEBUG    | main:744 |   Processed 20/32 in batch 245
2026-08-17 04:12:35,042 | DEBUG    | main:744 |   Processed 25/32 in batch 245
2026-08-17 04:12:35,043 | DEBUG    | main:744 |   Processed 30/32 in batch 245
2026-08-17 04:12:35,043 | INFO     | main:670 | Processing batch 246/282 (32 profiles)...
2026-08-17 04:13:18,324 | DEBUG    | main:744 |   Processed 5/32 in batch 246
2026-08-17 04:13:18,325 | DEBUG    | main:744 |   Processed 10/32 in batch 246
2026-08-17 04:13:18,325 | DEBUG    | main:744 |   Processed 15/32 in batch 246
2026-08-17 04:13:18,326 | DEBUG    | main:744 |   Processed 20/32 in batch 246
2026-08-17 04:13:18,326 | DEBUG    | main:744 |   Processed 25/32 in batch 246
2026-08-17 04:13:18,326 | DEBUG    | main:744 |   Processed 30/32 in batch 246
2026-08-17 04:13:18,327 | INFO     | main:670 | Processing batch 247/282 (32 profiles)...
2026-08-17 04:14:01,826 | DEBUG    | main:744 |   Processed 5/32 in batch 247
2026-08-17 04:14:01,827 | DEBUG    | main:744 |   Processed 10/32 in batch 247
2026-08-17 04:14:01,828 | DEBUG    | main:744 |   Processed 15/32 in batch 247
2026-08-17 04:14:01,828 | DEBUG    | main:744 |   Processed 20/32 in batch 247
2026-08-17 04:14:01,828 | DEBUG    | main:744 |   Processed 25/32 in batch 247
2026-08-17 04:14:01,829 | DEBUG    | main:744 |   Processed 30/32 in batch 247
2026-08-17 04:14:01,829 | INFO     | main:670 | Processing batch 248/282 (32 profiles)...
2026-08-17 04:14:45,897 | DEBUG    | main:744 |   Processed 5/32 in batch 248
2026-08-17 04:14:45,897 | DEBUG    | main:744 |   Processed 10/32 in batch 248
2026-08-17 04:14:45,897 | DEBUG    | main:744 |   Processed 15/32 in batch 248
2026-08-17 04:14:45,898 | DEBUG    | main:744 |   Processed 20/32 in batch 248
2026-08-17 04:14:45,898 | DEBUG    | main:744 |   Processed 25/32 in batch 248
2026-08-17 04:14:45,898 | DEBUG    | main:744 |   Processed 30/32 in batch 248
2026-08-17 04:14:45,899 | INFO     | main:670 | Processing batch 249/282 (32 profiles)...
2026-08-17 04:15:29,364 | DEBUG    | main:744 |   Processed 5/32 in batch 249
2026-08-17 04:15:29,364 | DEBUG    | main:744 |   Processed 10/32 in batch 249
2026-08-17 04:15:29,364 | DEBUG    | main:744 |   Processed 15/32 in batch 249
2026-08-17 04:15:29,365 | DEBUG    | main:744 |   Processed 20/32 in batch 249
2026-08-17 04:15:29,365 | DEBUG    | main:744 |   Processed 25/32 in batch 249
2026-08-17 04:15:29,365 | DEBUG    | main:744 |   Processed 30/32 in batch 249
2026-08-17 04:15:29,366 | INFO     | main:670 | Processing batch 250/282 (32 profiles)...
2026-08-17 04:16:12,817 | DEBUG    | main:744 |   Processed 5/32 in batch 250
2026-08-17 04:16:12,817 | DEBUG    | main:744 |   Processed 10/32 in batch 250
2026-08-17 04:16:12,818 | DEBUG    | main:744 |   Processed 15/32 in batch 250
2026-08-17 04:16:12,818 | DEBUG    | main:744 |   Processed 20/32 in batch 250
2026-08-17 04:16:12,818 | DEBUG    | main:744 |   Processed 25/32 in batch 250
2026-08-17 04:16:12,819 | DEBUG    | main:744 |   Processed 30/32 in batch 250
2026-08-17 04:16:12,819 | INFO     | main:670 | Processing batch 251/282 (32 profiles)...
2026-08-17 04:16:56,269 | DEBUG    | main:744 |   Processed 5/32 in batch 251
2026-08-17 04:16:56,269 | DEBUG    | main:744 |   Processed 10/32 in batch 251
2026-08-17 04:16:56,270 | DEBUG    | main:744 |   Processed 15/32 in batch 251
2026-08-17 04:16:56,270 | DEBUG    | main:744 |   Processed 20/32 in batch 251
2026-08-17 04:16:56,270 | DEBUG    | main:744 |   Processed 25/32 in batch 251
2026-08-17 04:16:56,271 | DEBUG    | main:744 |   Processed 30/32 in batch 251
2026-08-17 04:16:56,271 | INFO     | main:670 | Processing batch 252/282 (32 profiles)...
2026-08-17 04:17:39,762 | DEBUG    | main:744 |   Processed 5/32 in batch 252
2026-08-17 04:17:39,763 | DEBUG    | main:744 |   Processed 10/32 in batch 252
2026-08-17 04:17:39,763 | DEBUG    | main:744 |   Processed 15/32 in batch 252
2026-08-17 04:17:39,764 | DEBUG    | main:744 |   Processed 20/32 in batch 252
2026-08-17 04:17:39,764 | DEBUG    | main:744 |   Processed 25/32 in batch 252
2026-08-17 04:17:39,764 | DEBUG    | main:744 |   Processed 30/32 in batch 252
2026-08-17 04:17:39,764 | INFO     | main:670 | Processing batch 253/282 (32 profiles)...
2026-08-17 04:18:23,273 | DEBUG    | main:744 |   Processed 5/32 in batch 253
2026-08-17 04:18:23,274 | DEBUG    | main:744 |   Processed 10/32 in batch 253
2026-08-17 04:18:23,274 | DEBUG    | main:744 |   Processed 15/32 in batch 253
2026-08-17 04:18:23,275 | DEBUG    | main:744 |   Processed 20/32 in batch 253
2026-08-17 04:18:23,275 | DEBUG    | main:744 |   Processed 25/32 in batch 253
2026-08-17 04:18:23,275 | DEBUG    | main:744 |   Processed 30/32 in batch 253
2026-08-17 04:18:23,275 | INFO     | main:670 | Processing batch 254/282 (32 profiles)...
2026-08-17 04:19:06,642 | DEBUG    | main:744 |   Processed 5/32 in batch 254
2026-08-17 04:19:06,642 | DEBUG    | main:744 |   Processed 10/32 in batch 254
2026-08-17 04:19:06,643 | DEBUG    | main:744 |   Processed 15/32 in batch 254
2026-08-17 04:19:06,643 | DEBUG    | main:744 |   Processed 20/32 in batch 254
2026-08-17 04:19:06,643 | DEBUG    | main:744 |   Processed 25/32 in batch 254
2026-08-17 04:19:06,644 | DEBUG    | main:744 |   Processed 30/32 in batch 254
2026-08-17 04:19:06,644 | INFO     | main:670 | Processing batch 255/282 (32 profiles)...
2026-08-17 04:19:50,176 | DEBUG    | main:744 |   Processed 5/32 in batch 255
2026-08-17 04:19:50,176 | DEBUG    | main:744 |   Processed 10/32 in batch 255
2026-08-17 04:19:50,177 | DEBUG    | main:744 |   Processed 15/32 in batch 255
2026-08-17 04:19:50,177 | DEBUG    | main:744 |   Processed 20/32 in batch 255
2026-08-17 04:19:50,177 | DEBUG    | main:744 |   Processed 25/32 in batch 255
2026-08-17 04:19:50,178 | DEBUG    | main:744 |   Processed 30/32 in batch 255
2026-08-17 04:19:50,178 | INFO     | main:670 | Processing batch 256/282 (32 profiles)...
2026-08-17 04:20:33,755 | DEBUG    | main:744 |   Processed 5/32 in batch 256
2026-08-17 04:20:33,757 | DEBUG    | main:744 |   Processed 10/32 in batch 256
2026-08-17 04:20:33,757 | DEBUG    | main:744 |   Processed 15/32 in batch 256
2026-08-17 04:20:33,758 | DEBUG    | main:744 |   Processed 20/32 in batch 256
2026-08-17 04:20:33,758 | DEBUG    | main:744 |   Processed 25/32 in batch 256
2026-08-17 04:20:33,758 | DEBUG    | main:744 |   Processed 30/32 in batch 256
2026-08-17 04:20:33,759 | INFO     | main:670 | Processing batch 257/282 (32 profiles)...
2026-08-17 04:21:17,368 | DEBUG    | main:744 |   Processed 5/32 in batch 257
2026-08-17 04:21:17,369 | DEBUG    | main:744 |   Processed 10/32 in batch 257
2026-08-17 04:21:17,369 | DEBUG    | main:744 |   Processed 15/32 in batch 257
2026-08-17 04:21:17,369 | DEBUG    | main:744 |   Processed 20/32 in batch 257
2026-08-17 04:21:17,370 | DEBUG    | main:744 |   Processed 25/32 in batch 257
2026-08-17 04:21:17,370 | DEBUG    | main:744 |   Processed 30/32 in batch 257
2026-08-17 04:21:17,370 | INFO     | main:670 | Processing batch 258/282 (32 profiles)...
2026-08-17 04:22:01,682 | DEBUG    | main:744 |   Processed 5/32 in batch 258
2026-08-17 04:22:01,682 | DEBUG    | main:744 |   Processed 10/32 in batch 258
2026-08-17 04:22:01,683 | DEBUG    | main:744 |   Processed 15/32 in batch 258
2026-08-17 04:22:01,683 | DEBUG    | main:744 |   Processed 20/32 in batch 258
2026-08-17 04:22:01,683 | DEBUG    | main:744 |   Processed 25/32 in batch 258
2026-08-17 04:22:01,684 | DEBUG    | main:744 |   Processed 30/32 in batch 258
2026-08-17 04:22:01,684 | INFO     | main:670 | Processing batch 259/282 (32 profiles)...
2026-08-17 04:22:45,324 | DEBUG    | main:744 |   Processed 5/32 in batch 259
2026-08-17 04:22:45,324 | DEBUG    | main:744 |   Processed 10/32 in batch 259
2026-08-17 04:22:45,325 | DEBUG    | main:744 |   Processed 15/32 in batch 259
2026-08-17 04:22:45,325 | DEBUG    | main:744 |   Processed 20/32 in batch 259
2026-08-17 04:22:45,325 | DEBUG    | main:744 |   Processed 25/32 in batch 259
2026-08-17 04:22:45,326 | DEBUG    | main:744 |   Processed 30/32 in batch 259
2026-08-17 04:22:45,326 | INFO     | main:670 | Processing batch 260/282 (32 profiles)...
2026-08-17 04:23:29,118 | DEBUG    | main:744 |   Processed 5/32 in batch 260
2026-08-17 04:23:29,119 | DEBUG    | main:744 |   Processed 10/32 in batch 260
2026-08-17 04:23:29,119 | DEBUG    | main:744 |   Processed 15/32 in batch 260
2026-08-17 04:23:29,119 | DEBUG    | main:744 |   Processed 20/32 in batch 260
2026-08-17 04:23:29,120 | DEBUG    | main:744 |   Processed 25/32 in batch 260
2026-08-17 04:23:29,120 | DEBUG    | main:744 |   Processed 30/32 in batch 260
2026-08-17 04:23:29,120 | INFO     | main:670 | Processing batch 261/282 (32 profiles)...
2026-08-17 04:24:13,166 | DEBUG    | main:744 |   Processed 5/32 in batch 261
2026-08-17 04:24:13,167 | DEBUG    | main:744 |   Processed 10/32 in batch 261
2026-08-17 04:24:13,167 | DEBUG    | main:744 |   Processed 15/32 in batch 261
2026-08-17 04:24:13,167 | DEBUG    | main:744 |   Processed 20/32 in batch 261
2026-08-17 04:24:13,168 | DEBUG    | main:744 |   Processed 25/32 in batch 261
2026-08-17 04:24:13,168 | DEBUG    | main:744 |   Processed 30/32 in batch 261
2026-08-17 04:24:13,168 | INFO     | main:670 | Processing batch 262/282 (32 profiles)...
2026-08-17 04:24:56,686 | DEBUG    | main:744 |   Processed 5/32 in batch 262
2026-08-17 04:24:56,687 | DEBUG    | main:744 |   Processed 10/32 in batch 262
2026-08-17 04:24:56,687 | DEBUG    | main:744 |   Processed 15/32 in batch 262
2026-08-17 04:24:56,688 | DEBUG    | main:744 |   Processed 20/32 in batch 262
2026-08-17 04:24:56,688 | DEBUG    | main:744 |   Processed 25/32 in batch 262
2026-08-17 04:24:56,688 | DEBUG    | main:744 |   Processed 30/32 in batch 262
2026-08-17 04:24:56,688 | INFO     | main:670 | Processing batch 263/282 (32 profiles)...
2026-08-17 04:25:40,311 | DEBUG    | main:744 |   Processed 5/32 in batch 263
2026-08-17 04:25:40,311 | DEBUG    | main:744 |   Processed 10/32 in batch 263
2026-08-17 04:25:40,311 | DEBUG    | main:744 |   Processed 15/32 in batch 263
2026-08-17 04:25:40,312 | DEBUG    | main:744 |   Processed 20/32 in batch 263
2026-08-17 04:25:40,312 | DEBUG    | main:744 |   Processed 25/32 in batch 263
2026-08-17 04:25:40,312 | DEBUG    | main:744 |   Processed 30/32 in batch 263
2026-08-17 04:25:40,313 | INFO     | main:670 | Processing batch 264/282 (32 profiles)...
2026-08-17 04:26:23,891 | DEBUG    | main:744 |   Processed 5/32 in batch 264
2026-08-17 04:26:23,891 | DEBUG    | main:744 |   Processed 10/32 in batch 264
2026-08-17 04:26:23,892 | DEBUG    | main:744 |   Processed 15/32 in batch 264
2026-08-17 04:26:23,892 | DEBUG    | main:744 |   Processed 20/32 in batch 264
2026-08-17 04:26:23,892 | DEBUG    | main:744 |   Processed 25/32 in batch 264
2026-08-17 04:26:23,893 | DEBUG    | main:744 |   Processed 30/32 in batch 264
2026-08-17 04:26:23,893 | INFO     | main:670 | Processing batch 265/282 (32 profiles)...
2026-08-17 04:27:07,427 | DEBUG    | main:744 |   Processed 5/32 in batch 265
2026-08-17 04:27:07,427 | DEBUG    | main:744 |   Processed 10/32 in batch 265
2026-08-17 04:27:07,428 | DEBUG    | main:744 |   Processed 15/32 in batch 265
2026-08-17 04:27:07,428 | DEBUG    | main:744 |   Processed 20/32 in batch 265
2026-08-17 04:27:07,428 | DEBUG    | main:744 |   Processed 25/32 in batch 265
2026-08-17 04:27:07,429 | DEBUG    | main:744 |   Processed 30/32 in batch 265
2026-08-17 04:27:07,429 | INFO     | main:670 | Processing batch 266/282 (32 profiles)...
2026-08-17 04:27:50,922 | DEBUG    | main:744 |   Processed 5/32 in batch 266
2026-08-17 04:27:50,922 | DEBUG    | main:744 |   Processed 10/32 in batch 266
2026-08-17 04:27:50,923 | DEBUG    | main:744 |   Processed 15/32 in batch 266
2026-08-17 04:27:50,923 | DEBUG    | main:744 |   Processed 20/32 in batch 266
2026-08-17 04:27:50,923 | DEBUG    | main:744 |   Processed 25/32 in batch 266
2026-08-17 04:27:50,924 | DEBUG    | main:744 |   Processed 30/32 in batch 266
2026-08-17 04:27:50,924 | INFO     | main:670 | Processing batch 267/282 (32 profiles)...
2026-08-17 04:28:34,485 | DEBUG    | main:744 |   Processed 5/32 in batch 267
2026-08-17 04:28:34,485 | DEBUG    | main:744 |   Processed 10/32 in batch 267
2026-08-17 04:28:34,486 | DEBUG    | main:744 |   Processed 15/32 in batch 267
2026-08-17 04:28:34,486 | DEBUG    | main:744 |   Processed 20/32 in batch 267
2026-08-17 04:28:34,487 | DEBUG    | main:744 |   Processed 25/32 in batch 267
2026-08-17 04:28:34,487 | DEBUG    | main:744 |   Processed 30/32 in batch 267
2026-08-17 04:28:34,487 | INFO     | main:670 | Processing batch 268/282 (32 profiles)...
2026-08-17 04:29:18,054 | DEBUG    | main:744 |   Processed 5/32 in batch 268
2026-08-17 04:29:18,054 | DEBUG    | main:744 |   Processed 10/32 in batch 268
2026-08-17 04:29:18,054 | DEBUG    | main:744 |   Processed 15/32 in batch 268
2026-08-17 04:29:18,055 | DEBUG    | main:744 |   Processed 20/32 in batch 268
2026-08-17 04:29:18,055 | DEBUG    | main:744 |   Processed 25/32 in batch 268
2026-08-17 04:29:18,055 | DEBUG    | main:744 |   Processed 30/32 in batch 268
2026-08-17 04:29:18,056 | INFO     | main:670 | Processing batch 269/282 (32 profiles)...
2026-08-17 04:30:01,610 | DEBUG    | main:744 |   Processed 5/32 in batch 269
2026-08-17 04:30:01,610 | DEBUG    | main:744 |   Processed 10/32 in batch 269
2026-08-17 04:30:01,611 | DEBUG    | main:744 |   Processed 15/32 in batch 269
2026-08-17 04:30:01,611 | DEBUG    | main:744 |   Processed 20/32 in batch 269
2026-08-17 04:30:01,612 | DEBUG    | main:744 |   Processed 25/32 in batch 269
2026-08-17 04:30:01,612 | DEBUG    | main:744 |   Processed 30/32 in batch 269
2026-08-17 04:30:01,612 | INFO     | main:670 | Processing batch 270/282 (32 profiles)...
2026-08-17 04:30:45,312 | DEBUG    | main:744 |   Processed 5/32 in batch 270
2026-08-17 04:30:45,312 | DEBUG    | main:744 |   Processed 10/32 in batch 270
2026-08-17 04:30:45,313 | DEBUG    | main:744 |   Processed 15/32 in batch 270
2026-08-17 04:30:45,313 | DEBUG    | main:744 |   Processed 20/32 in batch 270
2026-08-17 04:30:45,313 | DEBUG    | main:744 |   Processed 25/32 in batch 270
2026-08-17 04:30:45,314 | DEBUG    | main:744 |   Processed 30/32 in batch 270
2026-08-17 04:30:45,314 | INFO     | main:670 | Processing batch 271/282 (32 profiles)...
2026-08-17 04:31:29,092 | DEBUG    | main:744 |   Processed 5/32 in batch 271
2026-08-17 04:31:29,093 | DEBUG    | main:744 |   Processed 10/32 in batch 271
2026-08-17 04:31:29,093 | DEBUG    | main:744 |   Processed 15/32 in batch 271
2026-08-17 04:31:29,093 | DEBUG    | main:744 |   Processed 20/32 in batch 271
2026-08-17 04:31:29,094 | DEBUG    | main:744 |   Processed 25/32 in batch 271
2026-08-17 04:31:29,094 | DEBUG    | main:744 |   Processed 30/32 in batch 271
2026-08-17 04:31:29,094 | INFO     | main:670 | Processing batch 272/282 (32 profiles)...
2026-08-17 04:32:12,839 | DEBUG    | main:744 |   Processed 5/32 in batch 272
2026-08-17 04:32:12,839 | DEBUG    | main:744 |   Processed 10/32 in batch 272
2026-08-17 04:32:12,839 | DEBUG    | main:744 |   Processed 15/32 in batch 272
2026-08-17 04:32:12,840 | DEBUG    | main:744 |   Processed 20/32 in batch 272
2026-08-17 04:32:12,840 | DEBUG    | main:744 |   Processed 25/32 in batch 272
2026-08-17 04:32:12,840 | DEBUG    | main:744 |   Processed 30/32 in batch 272
2026-08-17 04:32:12,841 | INFO     | main:670 | Processing batch 273/282 (32 profiles)...
2026-08-17 04:32:56,672 | DEBUG    | main:744 |   Processed 5/32 in batch 273
2026-08-17 04:32:56,672 | DEBUG    | main:744 |   Processed 10/32 in batch 273
2026-08-17 04:32:56,673 | DEBUG    | main:744 |   Processed 15/32 in batch 273
2026-08-17 04:32:56,673 | DEBUG    | main:744 |   Processed 20/32 in batch 273
2026-08-17 04:32:56,673 | DEBUG    | main:744 |   Processed 25/32 in batch 273
2026-08-17 04:32:56,674 | DEBUG    | main:744 |   Processed 30/32 in batch 273
2026-08-17 04:32:56,674 | INFO     | main:670 | Processing batch 274/282 (32 profiles)...
2026-08-17 04:33:40,493 | DEBUG    | main:744 |   Processed 5/32 in batch 274
2026-08-17 04:33:40,494 | DEBUG    | main:744 |   Processed 10/32 in batch 274
2026-08-17 04:33:40,494 | DEBUG    | main:744 |   Processed 15/32 in batch 274
2026-08-17 04:33:40,495 | DEBUG    | main:744 |   Processed 20/32 in batch 274
2026-08-17 04:33:40,495 | DEBUG    | main:744 |   Processed 25/32 in batch 274
2026-08-17 04:33:40,495 | DEBUG    | main:744 |   Processed 30/32 in batch 274
2026-08-17 04:33:40,496 | INFO     | main:670 | Processing batch 275/282 (32 profiles)...
2026-08-17 04:34:24,593 | DEBUG    | main:744 |   Processed 5/32 in batch 275
2026-08-17 04:34:24,594 | DEBUG    | main:744 |   Processed 10/32 in batch 275
2026-08-17 04:34:24,594 | DEBUG    | main:744 |   Processed 15/32 in batch 275
2026-08-17 04:34:24,594 | DEBUG    | main:744 |   Processed 20/32 in batch 275
2026-08-17 04:34:24,595 | DEBUG    | main:744 |   Processed 25/32 in batch 275
2026-08-17 04:34:24,595 | DEBUG    | main:744 |   Processed 30/32 in batch 275
2026-08-17 04:34:24,595 | INFO     | main:670 | Processing batch 276/282 (32 profiles)...
2026-08-17 04:35:08,060 | DEBUG    | main:744 |   Processed 5/32 in batch 276
2026-08-17 04:35:08,061 | DEBUG    | main:744 |   Processed 10/32 in batch 276
2026-08-17 04:35:08,061 | DEBUG    | main:744 |   Processed 15/32 in batch 276
2026-08-17 04:35:08,062 | DEBUG    | main:744 |   Processed 20/32 in batch 276
2026-08-17 04:35:08,062 | DEBUG    | main:744 |   Processed 25/32 in batch 276
2026-08-17 04:35:08,063 | DEBUG    | main:744 |   Processed 30/32 in batch 276
2026-08-17 04:35:08,063 | INFO     | main:670 | Processing batch 277/282 (32 profiles)...
2026-08-17 04:35:51,738 | DEBUG    | main:744 |   Processed 5/32 in batch 277
2026-08-17 04:35:51,739 | DEBUG    | main:744 |   Processed 10/32 in batch 277
2026-08-17 04:35:51,739 | DEBUG    | main:744 |   Processed 15/32 in batch 277
2026-08-17 04:35:51,739 | DEBUG    | main:744 |   Processed 20/32 in batch 277
2026-08-17 04:35:51,740 | DEBUG    | main:744 |   Processed 25/32 in batch 277
2026-08-17 04:35:51,740 | DEBUG    | main:744 |   Processed 30/32 in batch 277
2026-08-17 04:35:51,740 | INFO     | main:670 | Processing batch 278/282 (32 profiles)...
2026-08-17 04:36:35,342 | DEBUG    | main:744 |   Processed 5/32 in batch 278
2026-08-17 04:36:35,342 | DEBUG    | main:744 |   Processed 10/32 in batch 278
2026-08-17 04:36:35,343 | DEBUG    | main:744 |   Processed 15/32 in batch 278
2026-08-17 04:36:35,343 | DEBUG    | main:744 |   Processed 20/32 in batch 278
2026-08-17 04:36:35,343 | DEBUG    | main:744 |   Processed 25/32 in batch 278
2026-08-17 04:36:35,344 | DEBUG    | main:744 |   Processed 30/32 in batch 278
2026-08-17 04:36:35,344 | INFO     | main:670 | Processing batch 279/282 (32 profiles)...
2026-08-17 04:37:18,865 | DEBUG    | main:744 |   Processed 5/32 in batch 279
2026-08-17 04:37:18,866 | DEBUG    | main:744 |   Processed 10/32 in batch 279
2026-08-17 04:37:18,866 | DEBUG    | main:744 |   Processed 15/32 in batch 279
2026-08-17 04:37:18,867 | DEBUG    | main:744 |   Processed 20/32 in batch 279
2026-08-17 04:37:18,867 | DEBUG    | main:744 |   Processed 25/32 in batch 279
2026-08-17 04:37:18,867 | DEBUG    | main:744 |   Processed 30/32 in batch 279
2026-08-17 04:37:18,868 | INFO     | main:670 | Processing batch 280/282 (32 profiles)...
2026-08-17 04:38:02,217 | DEBUG    | main:744 |   Processed 5/32 in batch 280
2026-08-17 04:38:02,217 | DEBUG    | main:744 |   Processed 10/32 in batch 280
2026-08-17 04:38:02,218 | DEBUG    | main:744 |   Processed 15/32 in batch 280
2026-08-17 04:38:02,218 | DEBUG    | main:744 |   Processed 20/32 in batch 280
2026-08-17 04:38:02,218 | DEBUG    | main:744 |   Processed 25/32 in batch 280
2026-08-17 04:38:02,219 | DEBUG    | main:744 |   Processed 30/32 in batch 280
2026-08-17 04:38:02,219 | INFO     | main:670 | Processing batch 281/282 (32 profiles)...
2026-08-17 04:38:45,303 | DEBUG    | main:744 |   Processed 5/32 in batch 281
2026-08-17 04:38:45,303 | DEBUG    | main:744 |   Processed 10/32 in batch 281
2026-08-17 04:38:45,303 | DEBUG    | main:744 |   Processed 15/32 in batch 281
2026-08-17 04:38:45,304 | DEBUG    | main:744 |   Processed 20/32 in batch 281
2026-08-17 04:38:45,304 | DEBUG    | main:744 |   Processed 25/32 in batch 281
2026-08-17 04:38:45,304 | DEBUG    | main:744 |   Processed 30/32 in batch 281
2026-08-17 04:38:45,305 | INFO     | main:670 | Processing batch 282/282 (8 profiles)...
2026-08-17 04:39:21,169 | DEBUG    | main:744 |   Processed 5/8 in batch 282
2026-08-17 04:39:21,186 | INFO     | main:750 | Raw output saved to ../raw_data_deposit/raw_output_20260817_011246.jsonl
2026-08-17 04:39:21,186 | INFO     | main:753 | Assembling final Tier-1 submission CSV...
2026-08-17 04:39:21,516 | INFO     | main:776 | Final Tier-1 CSV saved to ../raw_data_deposit/tier1_submission_20260817_011246.csv
2026-08-17 04:39:21,516 | INFO     | main:777 |   Rows: 9000
2026-08-17 04:39:21,516 | INFO     | main:778 |   Columns: 33
2026-08-17 04:39:21,516 | INFO     | main:781 | 
================================================================================
2026-08-17 04:39:21,516 | INFO     | main:782 | SUMMARY STATISTICS
2026-08-17 04:39:21,517 | INFO     | main:783 | ================================================================================
2026-08-17 04:39:21,540 | INFO     | main:787 | trust_multidimensional        : mean=69.69, std=12.02, min=28.75, max=91.25
2026-08-17 04:39:21,554 | INFO     | main:787 | trust_post                    : mean=72.27, std=10.94, min=25.00, max=93.00
2026-08-17 04:39:21,554 | INFO     | main:787 | donation_ams                  : mean=2.29, std=1.40, min=0.00, max=8.00
2026-08-17 04:39:21,555 | INFO     | main:787 | newsletter_signup             : mean=0.56, std=0.50, min=0.00, max=1.00
2026-08-17 04:39:21,555 | INFO     | main:790 | 
================================================================================
2026-08-17 04:39:21,555 | INFO     | main:791 | ✓ OUTCOME GENERATION COMPLETE
2026-08-17 04:39:21,555 | INFO     | main:792 | ================================================================================
2026-08-17 04:39:21,555 | INFO     | main:793 | Output files:
2026-08-17 04:39:21,555 | INFO     | main:794 |   Raw output: ../raw_data_deposit/raw_output_20260817_011246.jsonl
2026-08-17 04:39:21,555 | INFO     | main:795 |   Tier-1 CSV: ../raw_data_deposit/tier1_submission_20260817_011246.csv
2026-08-17 04:39:21,555 | INFO     | main:796 |   Log file:   ../raw_data_deposit/generate_outcomes_20260817_011246.log
2026-08-17 04:39:21,555 | INFO     | main:797 | 
Next steps:
2026-08-17 04:39:21,555 | INFO     | main:798 |   1. Review raw outputs in ../raw_data_deposit/raw_output_20260817_011246.jsonl
2026-08-17 04:39:21,555 | INFO     | main:799 |   2. Check CSV columns and data ranges in ../raw_data_deposit/tier1_submission_20260817_011246.csv
2026-08-17 04:39:21,555 | INFO     | main:800 |   3. Run: scripts/clean.R ../raw_data_deposit/tier1_submission_20260817_011246.csv
2026-08-17 04:39:21,555 | INFO     | main:801 |   4. Run: make check
