condition,moderator,moderator_level,outcome,mean
control,gender,Male,behavior_mean,46.2100903193156
control,gender,Male,belief_post,52.08916664123535
control,gender,Male,concern_mean,43.13708146413167
control,gender,Male,distrust_post,45.3600565592448
control,gender,Male,donation_ams,4.886016448338826
control,gender,Male,funding_perceptions,53.033447265625
control,gender,Male,inst_trust_mean,38.80144755045573
control,gender,Male,newsletter_signup,0.4759425322214762
control,gender,Male,policy_general,50.406575202941895
control,gender,Male,policy_role_mean,52.68779595692954
control,gender,Male,policy_specific_mean,48.786234855651855
control,gender,Male,trust_multidimensional,51.91593964894613
control,gender,Male,trust_post,46.17185592651367
control,gender,Female,behavior_mean,47.26954698562621
control,gender,Female,belief_post,53.15597057342529
control,gender,Female,concern_mean,44.40701802571614
control,gender,Female,distrust_post,46.10304832458496
control,gender,Female,donation_ams,4.9994492530822745
control,gender,Female,funding_perceptions,53.85122299194336
control,gender,Female,inst_trust_mean,39.7269606590271
control,gender,Female,newsletter_signup,0.4917762279510498
control,gender,Female,policy_general,50.72552363077799
control,gender,Female,policy_role_mean,54.020086924235024
control,gender,Female,policy_specific_mean,49.4495153427124
control,gender,Female,trust_multidimensional,52.44746208190918
control,gender,Female,trust_post,47.04426527023315
control,gender,Other,behavior_mean,48.21585019429524
control,gender,Other,belief_post,54.76877689361572
control,gender,Other,concern_mean,45.549090703328446
control,gender,Other,distrust_post,47.147484620412186
control,gender,Other,donation_ams,5.055302778879801
control,gender,Other,funding_perceptions,56.19009335835775
control,gender,Other,inst_trust_mean,40.63434998194377
control,gender,Other,newsletter_signup,0.4747533400853475
control,gender,Other,policy_general,53.67775758107504
control,gender,Other,policy_role_mean,56.55175844828288
control,gender,Other,policy_specific_mean,52.70047187805176
control,gender,Other,trust_multidimensional,54.78652318318685
control,gender,Other,trust_post,48.40726852416992
Corporate reliance,gender,Male,behavior_mean,23.0135440826416
Corporate reliance,gender,Male,belief_post,28.44157616297404
Corporate reliance,gender,Male,concern_mean,28.00877888997395
Corporate reliance,gender,Male,distrust_post,24.692344665527344
Corporate reliance,gender,Male,donation_ams,2.994482119878133
Corporate reliance,gender,Male,funding_perceptions,31.98794921239217
Corporate reliance,gender,Male,inst_trust_mean,22.61500755945841
Corporate reliance,gender,Male,newsletter_signup,0.420573075612386
Corporate reliance,gender,Male,policy_general,30.05868593851725
Corporate reliance,gender,Male,policy_role_mean,28.820812702178955
Corporate reliance,gender,Male,policy_specific_mean,30.5111050605774
Corporate reliance,gender,Male,trust_multidimensional,30.60139815012614
Corporate reliance,gender,Male,trust_post,29.47203318277995
Corporate reliance,gender,Female,behavior_mean,24.955574671427406
Corporate reliance,gender,Female,belief_post,28.8773775100708
Corporate reliance,gender,Female,concern_mean,29.18238639831543
Corporate reliance,gender,Female,distrust_post,24.51095978418987
Corporate reliance,gender,Female,donation_ams,3.185316721598308
Corporate reliance,gender,Female,funding_perceptions,31.67148431142171
Corporate reliance,gender,Female,inst_trust_mean,23.350632190704346
Corporate reliance,gender,Female,newsletter_signup,0.4323819478352864
Corporate reliance,gender,Female,policy_general,30.413997173309333
Corporate reliance,gender,Female,policy_role_mean,30.06717761357625
Corporate reliance,gender,Female,policy_specific_mean,32.05384413401286
Corporate reliance,gender,Female,trust_multidimensional,31.226539611816406
Corporate reliance,gender,Female,trust_post,29.430405298868816
Corporate reliance,gender,Other,behavior_mean,25.351436932881672
Corporate reliance,gender,Other,belief_post,29.491015275319416
Corporate reliance,gender,Other,concern_mean,29.75115776062012
Corporate reliance,gender,Other,distrust_post,25.21430651346841
Corporate reliance,gender,Other,donation_ams,3.354076544443767
Corporate reliance,gender,Other,funding_perceptions,33.36143096288045
Corporate reliance,gender,Other,inst_trust_mean,23.920083045959476
Corporate reliance,gender,Other,newsletter_signup,0.4152099688847859
Corporate reliance,gender,Other,policy_general,32.2189966837565
Corporate reliance,gender,Other,policy_role_mean,30.76719840367635
Corporate reliance,gender,Other,policy_specific_mean,33.593881130218506
Corporate reliance,gender,Other,trust_multidimensional,32.07410971323648
Corporate reliance,gender,Other,trust_post,29.873629411061604
Social justice,gender,Male,behavior_mean,23.022802670796715
Social justice,gender,Male,belief_post,36.66954040527344
Social justice,gender,Male,concern_mean,28.917801380157464
Social justice,gender,Male,distrust_post,28.191065788269043
Social justice,gender,Male,donation_ams,3.229171435038249
Social justice,gender,Male,funding_perceptions,33.705850442250565
Social justice,gender,Male,inst_trust_mean,15.787901480992636
Social justice,gender,Male,newsletter_signup,0.3646961847941081
Social justice,gender,Male,policy_general,34.90368525187175
Social justice,gender,Male,policy_role_mean,28.27697197596233
Social justice,gender,Male,policy_specific_mean,30.51658074061075
Social justice,gender,Male,trust_multidimensional,31.473815441131592
Social justice,gender,Male,trust_post,30.62431812286377
Social justice,gender,Female,behavior_mean,24.797121683756504
Social justice,gender,Female,belief_post,38.122733434041336
Social justice,gender,Female,concern_mean,30.336348215738933
Social justice,gender,Female,distrust_post,28.85117530822754
Social justice,gender,Female,donation_ams,3.34912141164144
Social justice,gender,Female,funding_perceptions,34.52075322469075
Social justice,gender,Female,inst_trust_mean,17.37180550893148
Social justice,gender,Female,newsletter_signup,0.377832293510437
Social justice,gender,Female,policy_general,36.0251506169637
Social justice,gender,Female,policy_role_mean,30.032614866892494
Social justice,gender,Female,policy_specific_mean,31.75116777420044
Social justice,gender,Female,trust_multidimensional,32.62364466985066
Social justice,gender,Female,trust_post,31.270170211791992
Social justice,gender,Other,behavior_mean,26.03079875310261
Social justice,gender,Other,belief_post,40.69921970367432
Social justice,gender,Other,concern_mean,32.446372509002686
Social justice,gender,Other,distrust_post,32.004423936208084
Social justice,gender,Other,donation_ams,3.640360832214356
Social justice,gender,Other,funding_perceptions,37.53698666890462
Social justice,gender,Other,inst_trust_mean,18.68168910344442
Social justice,gender,Other,newsletter_signup,0.3828330039978027
Social justice,gender,Other,policy_general,38.36728731791179
Social justice,gender,Other,policy_role_mean,31.108272075653083
Social justice,gender,Other,policy_specific_mean,34.556055068969734
Social justice,gender,Other,trust_multidimensional,33.9482307434082
Social justice,gender,Other,trust_post,34.0858777364095
Interview Prof. Maraun,gender,Male,behavior_mean,28.111902872721345
Interview Prof. Maraun,gender,Male,belief_post,45.476730664571136
Interview Prof. Maraun,gender,Male,concern_mean,32.549190521240234
Interview Prof. Maraun,gender,Male,distrust_post,36.62391503651936
Interview Prof. Maraun,gender,Male,donation_ams,4.054479598999023
Interview Prof. Maraun,gender,Male,funding_perceptions,47.85013198852538
Interview Prof. Maraun,gender,Male,inst_trust_mean,24.623223145802815
Interview Prof. Maraun,gender,Male,newsletter_signup,0.4980730215708415
Interview Prof. Maraun,gender,Male,policy_general,43.496716022491455
Interview Prof. Maraun,gender,Male,policy_role_mean,48.37433497111003
Interview Prof. Maraun,gender,Male,policy_specific_mean,36.4247759183248
Interview Prof. Maraun,gender,Male,trust_multidimensional,40.870845317840576
Interview Prof. Maraun,gender,Male,trust_post,37.90137767791748
Interview Prof. Maraun,gender,Female,behavior_mean,29.238418738047283
Interview Prof. Maraun,gender,Female,belief_post,46.54165506362915
Interview Prof. Maraun,gender,Female,concern_mean,33.650362491607666
Interview Prof. Maraun,gender,Female,distrust_post,36.482950051625565
Interview Prof. Maraun,gender,Female,donation_ams,4.126855532328288
Interview Prof. Maraun,gender,Female,funding_perceptions,47.53036499023439
Interview Prof. Maraun,gender,Female,inst_trust_mean,25.13089577356975
Interview Prof. Maraun,gender,Female,newsletter_signup,0.5076470375061035
Interview Prof. Maraun,gender,Female,policy_general,44.35575008392333
Interview Prof. Maraun,gender,Female,policy_role_mean,49.144649505615234
Interview Prof. Maraun,gender,Female,policy_specific_mean,37.32043107350667
Interview Prof. Maraun,gender,Female,trust_multidimensional,41.18121067682903
Interview Prof. Maraun,gender,Female,trust_post,38.56998284657796
Interview Prof. Maraun,gender,Other,behavior_mean,32.22407499949138
Interview Prof. Maraun,gender,Other,belief_post,49.41645860671997
Interview Prof. Maraun,gender,Other,concern_mean,36.67252063751221
Interview Prof. Maraun,gender,Other,distrust_post,41.2140687306722
Interview Prof. Maraun,gender,Other,donation_ams,4.354695479075115
Interview Prof. Maraun,gender,Other,funding_perceptions,49.14489587148029
Interview Prof. Maraun,gender,Other,inst_trust_mean,28.622849782307952
Interview Prof. Maraun,gender,Other,newsletter_signup,0.4809643427530923
Interview Prof. Maraun,gender,Other,policy_general,47.91548649470012
Interview Prof. Maraun,gender,Other,policy_role_mean,52.06852753957113
Interview Prof. Maraun,gender,Other,policy_specific_mean,41.90136591593425
Interview Prof. Maraun,gender,Other,trust_multidimensional,42.884858449300125
Interview Prof. Maraun,gender,Other,trust_post,42.369985580444336
Funding,gender,Male,behavior_mean,37.73630460103354
Funding,gender,Male,belief_post,36.56066656112671
Funding,gender,Male,concern_mean,38.47856124242146
Funding,gender,Male,distrust_post,35.04837354024251
Funding,gender,Male,donation_ams,3.442806402842204
Funding,gender,Male,funding_perceptions,35.03057559331258
Funding,gender,Male,inst_trust_mean,35.354046026865646
Funding,gender,Male,newsletter_signup,0.3729030291239421
Funding,gender,Male,policy_general,39.53907489776611
Funding,gender,Male,policy_role_mean,41.86656872431438
Funding,gender,Male,policy_specific_mean,40.96082846323648
Funding,gender,Male,trust_multidimensional,38.98054758707683
Funding,gender,Male,trust_post,39.69196478525798
Funding,gender,Female,behavior_mean,38.81078163782756
Funding,gender,Female,belief_post,36.86586221059163
Funding,gender,Female,concern_mean,38.9558990796407
Funding,gender,Female,distrust_post,34.67031319936116
Funding,gender,Female,donation_ams,3.50222905476888
Funding,gender,Female,funding_perceptions,35.45701503753662
Funding,gender,Female,inst_trust_mean,35.66446304321288
Funding,gender,Female,newsletter_signup,0.3821662267049153
Funding,gender,Female,policy_general,39.81248140335083
Funding,gender,Female,policy_role_mean,41.89087947209676
Funding,gender,Female,policy_specific_mean,41.9527808825175
Funding,gender,Female,trust_multidimensional,39.68462149302165
Funding,gender,Female,trust_post,39.53580458958943
Funding,gender,Other,behavior_mean,39.50267235438029
Funding,gender,Other,belief_post,39.08374706904094
Funding,gender,Other,concern_mean,39.83419338862102
Funding,gender,Other,distrust_post,37.30408350626628
Funding,gender,Other,donation_ams,3.510217666625977
Funding,gender,Other,funding_perceptions,36.284025510152176
Funding,gender,Other,inst_trust_mean,36.71694993972778
Funding,gender,Other,newsletter_signup,0.3684999148050944
Funding,gender,Other,policy_general,41.16241534550984
Funding,gender,Other,policy_role_mean,44.12369728088379
Funding,gender,Other,policy_specific_mean,43.02533070246379
Funding,gender,Other,trust_multidimensional,40.62944253285725
Funding,gender,Other,trust_post,41.12359682718913
Oil industry misinformation,gender,Male,behavior_mean,34.148764610290534
Oil industry misinformation,gender,Male,belief_post,34.55167611440022
Oil industry misinformation,gender,Male,concern_mean,35.42708555857341
Oil industry misinformation,gender,Male,distrust_post,28.7652850151062
Oil industry misinformation,gender,Male,donation_ams,3.380575180053711
Oil industry misinformation,gender,Male,funding_perceptions,39.97180064519246
Oil industry misinformation,gender,Male,inst_trust_mean,30.305516719818115
Oil industry misinformation,gender,Male,newsletter_signup,0.4041649103164673
Oil industry misinformation,gender,Male,policy_general,38.74530792236328
Oil industry misinformation,gender,Male,policy_role_mean,34.84001954396565
Oil industry misinformation,gender,Male,policy_specific_mean,35.372328758239746
Oil industry misinformation,gender,Male,trust_multidimensional,33.61315329869588
Oil industry misinformation,gender,Male,trust_post,36.61363522211711
Oil industry misinformation,gender,Female,behavior_mean,35.77066262563069
Oil industry misinformation,gender,Female,belief_post,34.89660422007243
Oil industry misinformation,gender,Female,concern_mean,36.38960520426433
Oil industry misinformation,gender,Female,distrust_post,28.99512847264608
Oil industry misinformation,gender,Female,donation_ams,3.3913572629292803
Oil industry misinformation,gender,Female,funding_perceptions,38.47590287526448
Oil industry misinformation,gender,Female,inst_trust_mean,31.25871022542317
Oil industry misinformation,gender,Female,newsletter_signup,0.418840487798055
Oil industry misinformation,gender,Female,policy_general,39.222876230875656
Oil industry misinformation,gender,Female,policy_role_mean,35.90363661448161
Oil industry misinformation,gender,Female,policy_specific_mean,35.93786160151164
Oil industry misinformation,gender,Female,trust_multidimensional,33.71231555938721
Oil industry misinformation,gender,Female,trust_post,37.26263046264648
Oil industry misinformation,gender,Other,behavior_mean,36.020783583323166
Oil industry misinformation,gender,Other,belief_post,37.019340197245285
Oil industry misinformation,gender,Other,concern_mean,36.32896741231282
Oil industry misinformation,gender,Other,distrust_post,30.67242701848348
Oil industry misinformation,gender,Other,donation_ams,3.557651837666829
Oil industry misinformation,gender,Other,funding_perceptions,38.839729626973465
Oil industry misinformation,gender,Other,inst_trust_mean,32.143330574035645
Oil industry misinformation,gender,Other,newsletter_signup,0.4010100364685058
Oil industry misinformation,gender,Other,policy_general,40.30304352442424
Oil industry misinformation,gender,Other,policy_role_mean,35.93908548355102
Oil industry misinformation,gender,Other,policy_specific_mean,38.10689051946004
Oil industry misinformation,gender,Other,trust_multidimensional,34.08081134160359
Oil industry misinformation,gender,Other,trust_post,38.26159636179607
Measurement & modeling (1),gender,Male,behavior_mean,28.200336297353108
Measurement & modeling (1),gender,Male,belief_post,35.304276148478195
Measurement & modeling (1),gender,Male,concern_mean,22.775367895762123
Measurement & modeling (1),gender,Male,distrust_post,28.31544876098633
Measurement & modeling (1),gender,Male,donation_ams,4.047917524973552
Measurement & modeling (1),gender,Male,funding_perceptions,42.339984575907394
Measurement & modeling (1),gender,Male,inst_trust_mean,16.253554821014408
Measurement & modeling (1),gender,Male,newsletter_signup,0.3436120748519897
Measurement & modeling (1),gender,Male,policy_general,37.721121311187744
Measurement & modeling (1),gender,Male,policy_role_mean,38.21136156717937
Measurement & modeling (1),gender,Male,policy_specific_mean,29.063065846761067
Measurement & modeling (1),gender,Male,trust_multidimensional,34.37928358713786
Measurement & modeling (1),gender,Male,trust_post,34.09315745035808
Measurement & modeling (1),gender,Female,behavior_mean,29.476761817932136
Measurement & modeling (1),gender,Female,belief_post,36.91521883010864
Measurement & modeling (1),gender,Female,concern_mean,23.83290926615397
Measurement & modeling (1),gender,Female,distrust_post,28.48056157430013
Measurement & modeling (1),gender,Female,donation_ams,4.162992636362712
Measurement & modeling (1),gender,Female,funding_perceptions,42.7769660949707
Measurement & modeling (1),gender,Female,inst_trust_mean,17.38074620564779
Measurement & modeling (1),gender,Female,newsletter_signup,0.3529380559921264
Measurement & modeling (1),gender,Female,policy_general,38.23904991149902
Measurement & modeling (1),gender,Female,policy_role_mean,40.22084474563599
Measurement & modeling (1),gender,Female,policy_specific_mean,30.034780502319336
Measurement & modeling (1),gender,Female,trust_multidimensional,35.28470198313396
Measurement & modeling (1),gender,Female,trust_post,34.38727855682373
Measurement & modeling (1),gender,Other,behavior_mean,31.140955289204918
Measurement & modeling (1),gender,Other,belief_post,36.91408236821492
Measurement & modeling (1),gender,Other,concern_mean,25.511427720387776
Measurement & modeling (1),gender,Other,distrust_post,32.16641743977864
Measurement & modeling (1),gender,Other,donation_ams,4.37971035639445
Measurement & modeling (1),gender,Other,funding_perceptions,43.20272604624431
Measurement & modeling (1),gender,Other,inst_trust_mean,19.27152474721273
Measurement & modeling (1),gender,Other,newsletter_signup,0.3414115905761719
Measurement & modeling (1),gender,Other,policy_general,41.867923736572266
Measurement & modeling (1),gender,Other,policy_role_mean,42.19067096710205
Measurement & modeling (1),gender,Other,policy_specific_mean,33.891137440999344
Measurement & modeling (1),gender,Other,trust_multidimensional,36.163330078125
Measurement & modeling (1),gender,Other,trust_post,35.72181860605876
Former skeptics,gender,Male,behavior_mean,29.41215435663859
Former skeptics,gender,Male,belief_post,46.49669329325359
Former skeptics,gender,Male,concern_mean,32.831041018168136
Former skeptics,gender,Male,distrust_post,38.53962421417236
Former skeptics,gender,Male,donation_ams,3.191277583440145
Former skeptics,gender,Male,funding_perceptions,46.34052117665608
Former skeptics,gender,Male,inst_trust_mean,27.047701676686604
Former skeptics,gender,Male,newsletter_signup,0.3914979696273803
Former skeptics,gender,Male,policy_general,45.585429668426514
Former skeptics,gender,Male,policy_role_mean,47.71211942036946
Former skeptics,gender,Male,policy_specific_mean,37.62455781300862
Former skeptics,gender,Male,trust_multidimensional,41.84040228525798
Former skeptics,gender,Male,trust_post,41.11388127009074
Former skeptics,gender,Female,behavior_mean,31.216315428415932
Former skeptics,gender,Female,belief_post,47.90324370066325
Former skeptics,gender,Female,concern_mean,34.319432576497405
Former skeptics,gender,Female,distrust_post,38.72002760569255
Former skeptics,gender,Female,donation_ams,3.3684182167053223
Former skeptics,gender,Female,funding_perceptions,46.64709170659383
Former skeptics,gender,Female,inst_trust_mean,27.91068156560261
Former skeptics,gender,Female,newsletter_signup,0.4146555264790854
Former skeptics,gender,Female,policy_general,46.21299902598064
Former skeptics,gender,Female,policy_role_mean,49.11549091339111
Former skeptics,gender,Female,policy_specific_mean,38.87020349502564
Former skeptics,gender,Female,trust_multidimensional,42.92954206466675
Former skeptics,gender,Female,trust_post,42.46611992518108
Former skeptics,gender,Other,behavior_mean,33.09338092803955
Former skeptics,gender,Other,belief_post,49.38074350357056
Former skeptics,gender,Other,concern_mean,36.79005702336629
Former skeptics,gender,Other,distrust_post,38.81980578104656
Former skeptics,gender,Other,donation_ams,3.4537335236867266
Former skeptics,gender,Other,funding_perceptions,45.91553211212158
Former skeptics,gender,Other,inst_trust_mean,30.855949719746903
Former skeptics,gender,Other,newsletter_signup,0.4044952392578125
Former skeptics,gender,Other,policy_general,49.76804653803508
Former skeptics,gender,Other,policy_role_mean,51.90386772155762
Former skeptics,gender,Other,policy_specific_mean,42.44054953257243
Former skeptics,gender,Other,trust_multidimensional,44.18932199478149
Former skeptics,gender,Other,trust_post,42.463811238606766
High public trust,gender,Male,behavior_mean,29.311780134836837
High public trust,gender,Male,belief_post,36.11963589986165
High public trust,gender,Male,concern_mean,36.7519458134969
High public trust,gender,Male,distrust_post,30.060720443725582
High public trust,gender,Male,donation_ams,3.62653414408366
High public trust,gender,Male,funding_perceptions,35.66432396570842
High public trust,gender,Male,inst_trust_mean,31.844194730122883
High public trust,gender,Male,newsletter_signup,0.3481333653132121
High public trust,gender,Male,policy_general,37.221360206604
High public trust,gender,Male,policy_role_mean,34.491896629333496
High public trust,gender,Male,policy_specific_mean,36.56532764434815
High public trust,gender,Male,trust_multidimensional,36.45044565200806
High public trust,gender,Male,trust_post,36.50924364725749
High public trust,gender,Female,behavior_mean,31.26960595448812
High public trust,gender,Female,belief_post,37.05189228057861
High public trust,gender,Female,concern_mean,37.86876996358235
High public trust,gender,Female,distrust_post,30.82559903462728
High public trust,gender,Female,donation_ams,3.769388993581136
High public trust,gender,Female,funding_perceptions,37.27510770161946
High public trust,gender,Female,inst_trust_mean,32.984193166097
High public trust,gender,Female,newsletter_signup,0.3491402864456177
High public trust,gender,Female,policy_general,38.121048609415695
High public trust,gender,Female,policy_role_mean,36.25545899073283
High public trust,gender,Female,policy_specific_mean,38.0163033803304
High public trust,gender,Female,trust_multidimensional,37.39429712295533
High public trust,gender,Female,trust_post,37.48028675715129
High public trust,gender,Other,behavior_mean,32.44665066401164
High public trust,gender,Other,belief_post,40.66819349924724
High public trust,gender,Other,concern_mean,40.327374140421554
High public trust,gender,Other,distrust_post,34.32668844858806
High public trust,gender,Other,donation_ams,4.010669390360515
High public trust,gender,Other,funding_perceptions,37.92026042938232
High public trust,gender,Other,inst_trust_mean,35.90145111083984
High public trust,gender,Other,newsletter_signup,0.3513768911361694
High public trust,gender,Other,policy_general,41.77196423212688
High public trust,gender,Other,policy_role_mean,38.1874402364095
High public trust,gender,Other,policy_specific_mean,40.586113929748535
High public trust,gender,Other,trust_multidimensional,40.56240717569988
High public trust,gender,Other,trust_post,40.47763744990032
Measurement & modeling (2),gender,Male,behavior_mean,32.09721644719441
Measurement & modeling (2),gender,Male,belief_post,39.02873198191325
Measurement & modeling (2),gender,Male,concern_mean,29.533791542053223
Measurement & modeling (2),gender,Male,distrust_post,34.372059504191085
Measurement & modeling (2),gender,Male,donation_ams,3.825505574544271
Measurement & modeling (2),gender,Male,funding_perceptions,46.5611457824707
Measurement & modeling (2),gender,Male,inst_trust_mean,25.18166700998941
Measurement & modeling (2),gender,Male,newsletter_signup,0.3703568379084268
Measurement & modeling (2),gender,Male,policy_general,41.323908170064286
Measurement & modeling (2),gender,Male,policy_role_mean,43.10791095097859
Measurement & modeling (2),gender,Male,policy_specific_mean,35.0056807200114
Measurement & modeling (2),gender,Male,trust_multidimensional,39.98972574869792
Measurement & modeling (2),gender,Male,trust_post,38.57959111531575
Measurement & modeling (2),gender,Female,behavior_mean,33.5549275080363
Measurement & modeling (2),gender,Female,belief_post,41.3878321647644
Measurement & modeling (2),gender,Female,concern_mean,30.639374256134037
Measurement & modeling (2),gender,Female,distrust_post,34.13588603337605
Measurement & modeling (2),gender,Female,donation_ams,3.974759181340535
Measurement & modeling (2),gender,Female,funding_perceptions,46.75345023473104
Measurement & modeling (2),gender,Female,inst_trust_mean,25.997145970662437
Measurement & modeling (2),gender,Female,newsletter_signup,0.388588031133016
Measurement & modeling (2),gender,Female,policy_general,42.50899950663249
Measurement & modeling (2),gender,Female,policy_role_mean,44.93860006332399
Measurement & modeling (2),gender,Female,policy_specific_mean,36.637814839681
Measurement & modeling (2),gender,Female,trust_multidimensional,40.91268380482991
Measurement & modeling (2),gender,Female,trust_post,39.00059858957927
Measurement & modeling (2),gender,Other,behavior_mean,35.07422208786011
Measurement & modeling (2),gender,Other,belief_post,41.63831075032552
Measurement & modeling (2),gender,Other,concern_mean,32.820987701416016
Measurement & modeling (2),gender,Other,distrust_post,37.04831600189209
Measurement & modeling (2),gender,Other,donation_ams,4.144049088160197
Measurement & modeling (2),gender,Other,funding_perceptions,46.92399104436238
Measurement & modeling (2),gender,Other,inst_trust_mean,27.777449289957683
Measurement & modeling (2),gender,Other,newsletter_signup,0.3662131627400716
Measurement & modeling (2),gender,Other,policy_general,46.3465690612793
Measurement & modeling (2),gender,Other,policy_role_mean,47.06944624582927
Measurement & modeling (2),gender,Other,policy_specific_mean,40.90689023335774
Measurement & modeling (2),gender,Other,trust_multidimensional,42.06583499908447
Measurement & modeling (2),gender,Other,trust_post,41.44034783045451
Peer-review,gender,Male,behavior_mean,33.81080230077107
Peer-review,gender,Male,belief_post,48.02736441294353
Peer-review,gender,Male,concern_mean,36.047538121541336
Peer-review,gender,Male,distrust_post,38.86277675628662
Peer-review,gender,Male,donation_ams,4.280584653218587
Peer-review,gender,Male,funding_perceptions,44.53015724817912
Peer-review,gender,Male,inst_trust_mean,31.98694388071696
Peer-review,gender,Male,newsletter_signup,0.4685035546620686
Peer-review,gender,Male,policy_general,46.2078332901001
Peer-review,gender,Male,policy_role_mean,44.65508858362834
Peer-review,gender,Male,policy_specific_mean,39.07289902369182
Peer-review,gender,Male,trust_multidimensional,45.70120970408122
Peer-review,gender,Male,trust_post,39.2741600672404
Peer-review,gender,Female,behavior_mean,35.52425305048625
Peer-review,gender,Female,belief_post,49.66975847880046
Peer-review,gender,Female,concern_mean,37.58631944656372
Peer-review,gender,Female,distrust_post,40.20753304163616
Peer-review,gender,Female,donation_ams,4.478952487309773
Peer-review,gender,Female,funding_perceptions,45.53515911102295
Peer-review,gender,Female,inst_trust_mean,33.801869551340744
Peer-review,gender,Female,newsletter_signup,0.481790820757548
Peer-review,gender,Female,policy_general,47.59721358617146
Peer-review,gender,Female,policy_role_mean,46.10590140024821
Peer-review,gender,Female,policy_specific_mean,40.66232840220134
Peer-review,gender,Female,trust_multidimensional,47.21056620279949
Peer-review,gender,Female,trust_post,40.66950480143228
Peer-review,gender,Other,behavior_mean,36.42965952555339
Peer-review,gender,Other,belief_post,51.73907279968262
Peer-review,gender,Other,concern_mean,39.89437818527222
Peer-review,gender,Other,distrust_post,43.124524752299
Peer-review,gender,Other,donation_ams,4.674473603566487
Peer-review,gender,Other,funding_perceptions,47.63308366139729
Peer-review,gender,Other,inst_trust_mean,36.44107977549236
Peer-review,gender,Other,newsletter_signup,0.4781124591827393
Peer-review,gender,Other,policy_general,50.9221076965332
Peer-review,gender,Other,policy_role_mean,48.7399975458781
Peer-review,gender,Other,policy_specific_mean,44.87535158793132
Peer-review,gender,Other,trust_multidimensional,47.94383049011229
Peer-review,gender,Other,trust_post,43.68451833724976
Scientist community helpers,gender,Male,behavior_mean,24.23692544301351
Scientist community helpers,gender,Male,belief_post,34.42653814951579
Scientist community helpers,gender,Male,concern_mean,24.26196336746215
Scientist community helpers,gender,Male,distrust_post,29.37273184458415
Scientist community helpers,gender,Male,donation_ams,2.970226208368937
Scientist community helpers,gender,Male,funding_perceptions,33.63385597864787
Scientist community helpers,gender,Male,inst_trust_mean,19.367492198944085
Scientist community helpers,gender,Male,newsletter_signup,0.381430466969808
Scientist community helpers,gender,Male,policy_general,35.122688611348465
Scientist community helpers,gender,Male,policy_role_mean,32.342346509297684
Scientist community helpers,gender,Male,policy_specific_mean,29.323915640513103
Scientist community helpers,gender,Male,trust_multidimensional,32.12558428446452
Scientist community helpers,gender,Male,trust_post,26.133894920349128
Scientist community helpers,gender,Female,behavior_mean,25.79474051793416
Scientist community helpers,gender,Female,belief_post,36.04196310043335
Scientist community helpers,gender,Female,concern_mean,26.034800211588543
Scientist community helpers,gender,Female,distrust_post,30.41680256525676
Scientist community helpers,gender,Female,donation_ams,3.1021149953206377
Scientist community helpers,gender,Female,funding_perceptions,34.30715799331665
Scientist community helpers,gender,Female,inst_trust_mean,20.93448638916016
Scientist community helpers,gender,Female,newsletter_signup,0.4047127962112427
Scientist community helpers,gender,Female,policy_general,36.606037616729736
Scientist community helpers,gender,Female,policy_role_mean,34.964176019032806
Scientist community helpers,gender,Female,policy_specific_mean,31.10760052998861
Scientist community helpers,gender,Female,trust_multidimensional,33.340442180633545
Scientist community helpers,gender,Female,trust_post,27.371891339619957
Scientist community helpers,gender,Other,behavior_mean,26.388827959696453
Scientist community helpers,gender,Other,belief_post,38.40322891871135
Scientist community helpers,gender,Other,concern_mean,27.25284099578857
Scientist community helpers,gender,Other,distrust_post,30.57084083557129
Scientist community helpers,gender,Other,donation_ams,3.2069436709086103
Scientist community helpers,gender,Other,funding_perceptions,34.374308586120605
Scientist community helpers,gender,Other,inst_trust_mean,21.88696463902792
Scientist community helpers,gender,Other,newsletter_signup,0.3907469113667807
Scientist community helpers,gender,Other,policy_general,37.25509643554688
Scientist community helpers,gender,Other,policy_role_mean,35.51259835561116
Scientist community helpers,gender,Other,policy_specific_mean,33.21499427159627
Scientist community helpers,gender,Other,trust_multidimensional,34.153612454732254
Scientist community helpers,gender,Other,trust_post,28.035970528920483
Consensus,gender,Male,behavior_mean,38.20225397745769
Consensus,gender,Male,belief_post,32.273149490356445
Consensus,gender,Male,concern_mean,34.64092413584392
Consensus,gender,Male,distrust_post,29.51123714447021
Consensus,gender,Male,donation_ams,4.048179388046265
Consensus,gender,Male,funding_perceptions,36.09401384989421
Consensus,gender,Male,inst_trust_mean,30.28723398844401
Consensus,gender,Male,newsletter_signup,0.3848037719726562
Consensus,gender,Male,policy_general,38.89029820760091
Consensus,gender,Male,policy_role_mean,35.46760082244873
Consensus,gender,Male,policy_specific_mean,39.28714593251547
Consensus,gender,Male,trust_multidimensional,36.87331676483154
Consensus,gender,Male,trust_post,36.085335413614914
Consensus,gender,Female,behavior_mean,40.50241311391194
Consensus,gender,Female,belief_post,34.20877854029338
Consensus,gender,Female,concern_mean,36.861538887023926
Consensus,gender,Female,distrust_post,31.2116305033366
Consensus,gender,Female,donation_ams,4.160291353861491
Consensus,gender,Female,funding_perceptions,37.67741521199544
Consensus,gender,Female,inst_trust_mean,32.23299582799275
Consensus,gender,Female,newsletter_signup,0.4007797241210937
Consensus,gender,Female,policy_general,40.95645745595296
Consensus,gender,Female,policy_role_mean,37.94676065444947
Consensus,gender,Female,policy_specific_mean,42.075518767038986
Consensus,gender,Female,trust_multidimensional,39.11560773849487
Consensus,gender,Female,trust_post,37.42282787958781
Consensus,gender,Other,behavior_mean,42.82567103703816
Consensus,gender,Other,belief_post,38.2252295811971
Consensus,gender,Other,concern_mean,38.768037160237625
Consensus,gender,Other,distrust_post,33.73234272003174
Consensus,gender,Other,donation_ams,4.484121799468995
Consensus,gender,Other,funding_perceptions,38.76752853393555
Consensus,gender,Other,inst_trust_mean,33.59590768814087
Consensus,gender,Other,newsletter_signup,0.3855601946512858
Consensus,gender,Other,policy_general,43.55597098668416
Consensus,gender,Other,policy_role_mean,40.464119116465255
Consensus,gender,Other,policy_specific_mean,43.83368094762166
Consensus,gender,Other,trust_multidimensional,41.168006261189774
Consensus,gender,Other,trust_post,41.12086296081543
Portrait Prof. Cherry,gender,Male,behavior_mean,33.91825755437215
Portrait Prof. Cherry,gender,Male,belief_post,47.46617476145427
Portrait Prof. Cherry,gender,Male,concern_mean,34.61393117904663
Portrait Prof. Cherry,gender,Male,distrust_post,44.238249460856125
Portrait Prof. Cherry,gender,Male,donation_ams,3.6599246660868334
Portrait Prof. Cherry,gender,Male,funding_perceptions,47.39271799723306
Portrait Prof. Cherry,gender,Male,inst_trust_mean,25.491178035736084
Portrait Prof. Cherry,gender,Male,newsletter_signup,0.4653065204620361
Portrait Prof. Cherry,gender,Male,policy_general,46.53127590815227
Portrait Prof. Cherry,gender,Male,policy_role_mean,50.57024955749512
Portrait Prof. Cherry,gender,Male,policy_specific_mean,38.26911052068074
Portrait Prof. Cherry,gender,Male,trust_multidimensional,51.50822003682455
Portrait Prof. Cherry,gender,Male,trust_post,42.55044460296631
Portrait Prof. Cherry,gender,Female,behavior_mean,34.249691168467194
Portrait Prof. Cherry,gender,Female,belief_post,48.345983028411865
Portrait Prof. Cherry,gender,Female,concern_mean,35.4984203974406
Portrait Prof. Cherry,gender,Female,distrust_post,44.30058002471922
Portrait Prof. Cherry,gender,Female,donation_ams,3.747711181640625
Portrait Prof. Cherry,gender,Female,funding_perceptions,47.67929712931316
Portrait Prof. Cherry,gender,Female,inst_trust_mean,25.49758752187093
Portrait Prof. Cherry,gender,Female,newsletter_signup,0.4997204939524333
Portrait Prof. Cherry,gender,Female,policy_general,46.43797079722087
Portrait Prof. Cherry,gender,Female,policy_role_mean,51.50369008382162
Portrait Prof. Cherry,gender,Female,policy_specific_mean,38.54801654815674
Portrait Prof. Cherry,gender,Female,trust_multidimensional,51.47701104482015
Portrait Prof. Cherry,gender,Female,trust_post,42.64975786209106
Portrait Prof. Cherry,gender,Other,behavior_mean,35.68002780278523
Portrait Prof. Cherry,gender,Other,belief_post,53.85669867197674
Portrait Prof. Cherry,gender,Other,concern_mean,38.03319136301677
Portrait Prof. Cherry,gender,Other,distrust_post,46.61431312561035
Portrait Prof. Cherry,gender,Other,donation_ams,4.084249337514241
Portrait Prof. Cherry,gender,Other,funding_perceptions,50.17217000325521
Portrait Prof. Cherry,gender,Other,inst_trust_mean,27.41321325302124
Portrait Prof. Cherry,gender,Other,newsletter_signup,0.4569375514984132
Portrait Prof. Cherry,gender,Other,policy_general,49.90427891413372
Portrait Prof. Cherry,gender,Other,policy_role_mean,54.28988933563234
Portrait Prof. Cherry,gender,Other,policy_specific_mean,43.58007510503133
Portrait Prof. Cherry,gender,Other,trust_multidimensional,53.870487213134766
Portrait Prof. Cherry,gender,Other,trust_post,46.09260559082031
Model accuracy,gender,Male,behavior_mean,36.95703744888306
Model accuracy,gender,Male,belief_post,48.44721953074136
Model accuracy,gender,Male,concern_mean,35.16480127970378
Model accuracy,gender,Male,distrust_post,34.049979845682785
Model accuracy,gender,Male,donation_ams,4.270048538843791
Model accuracy,gender,Male,funding_perceptions,51.28024419148763
Model accuracy,gender,Male,inst_trust_mean,30.6486209233602
Model accuracy,gender,Male,newsletter_signup,0.4738514423370361
Model accuracy,gender,Male,policy_general,46.14872932434082
Model accuracy,gender,Male,policy_role_mean,49.596675237019866
Model accuracy,gender,Male,policy_specific_mean,43.45283110936482
Model accuracy,gender,Male,trust_multidimensional,40.76635440190633
Model accuracy,gender,Male,trust_post,39.85546032587688
Model accuracy,gender,Female,behavior_mean,38.44427267710368
Model accuracy,gender,Female,belief_post,48.82947603861492
Model accuracy,gender,Female,concern_mean,37.039391199747726
Model accuracy,gender,Female,distrust_post,34.64784224828084
Model accuracy,gender,Female,donation_ams,4.325218200683593
Model accuracy,gender,Female,funding_perceptions,51.395646731058754
Model accuracy,gender,Female,inst_trust_mean,31.802972157796216
Model accuracy,gender,Female,newsletter_signup,0.483741839726766
Model accuracy,gender,Female,policy_general,47.09373315175374
Model accuracy,gender,Female,policy_role_mean,51.03442668914795
Model accuracy,gender,Female,policy_specific_mean,44.702768325805664
Model accuracy,gender,Female,trust_multidimensional,41.26269817352295
Model accuracy,gender,Female,trust_post,40.535597006479904
Model accuracy,gender,Other,behavior_mean,41.5538231531779
Model accuracy,gender,Other,belief_post,49.46060180664063
Model accuracy,gender,Other,concern_mean,38.438161214192704
Model accuracy,gender,Other,distrust_post,37.37300634384155
Model accuracy,gender,Other,donation_ams,4.63280200958252
Model accuracy,gender,Other,funding_perceptions,53.94186973571777
Model accuracy,gender,Other,inst_trust_mean,33.3188811937968
Model accuracy,gender,Other,newsletter_signup,0.4751996596654256
Model accuracy,gender,Other,policy_general,50.90026060740153
Model accuracy,gender,Other,policy_role_mean,52.936387062072754
Model accuracy,gender,Other,policy_specific_mean,49.1312543551127
Model accuracy,gender,Other,trust_multidimensional,42.14060306549073
Model accuracy,gender,Other,trust_post,44.12208795547485
Interview Prof. Sebille,gender,Male,behavior_mean,28.71560255686441
Interview Prof. Sebille,gender,Male,belief_post,46.60025040308635
Interview Prof. Sebille,gender,Male,concern_mean,34.140559037526444
Interview Prof. Sebille,gender,Male,distrust_post,36.38808329900105
Interview Prof. Sebille,gender,Male,donation_ams,3.9552271366119385
Interview Prof. Sebille,gender,Male,funding_perceptions,44.32098865509033
Interview Prof. Sebille,gender,Male,inst_trust_mean,22.69792159398397
Interview Prof. Sebille,gender,Male,newsletter_signup,0.4423056443532308
Interview Prof. Sebille,gender,Male,policy_general,44.43623224894205
Interview Prof. Sebille,gender,Male,policy_role_mean,43.670793374379485
Interview Prof. Sebille,gender,Male,policy_specific_mean,37.5853975613912
Interview Prof. Sebille,gender,Male,trust_multidimensional,38.884170850118
Interview Prof. Sebille,gender,Male,trust_post,35.38358608881633
Interview Prof. Sebille,gender,Female,behavior_mean,31.01654052734375
Interview Prof. Sebille,gender,Female,belief_post,48.80844751993816
Interview Prof. Sebille,gender,Female,concern_mean,36.33280992507935
Interview Prof. Sebille,gender,Female,distrust_post,37.31717665990193
Interview Prof. Sebille,gender,Female,donation_ams,4.227334658304851
Interview Prof. Sebille,gender,Female,funding_perceptions,45.75217564900716
Interview Prof. Sebille,gender,Female,inst_trust_mean,24.496022860209145
Interview Prof. Sebille,gender,Female,newsletter_signup,0.4598930279413858
Interview Prof. Sebille,gender,Female,policy_general,45.72406609853108
Interview Prof. Sebille,gender,Female,policy_role_mean,45.64005931218465
Interview Prof. Sebille,gender,Female,policy_specific_mean,39.25712903340657
Interview Prof. Sebille,gender,Female,trust_multidimensional,40.15035629272462
Interview Prof. Sebille,gender,Female,trust_post,37.04321384429932
Interview Prof. Sebille,gender,Other,behavior_mean,33.29697847366333
Interview Prof. Sebille,gender,Other,belief_post,51.70415242513021
Interview Prof. Sebille,gender,Other,concern_mean,36.55271530151367
Interview Prof. Sebille,gender,Other,distrust_post,40.57819843292236
Interview Prof. Sebille,gender,Other,donation_ams,4.234273036321004
Interview Prof. Sebille,gender,Other,funding_perceptions,48.4149694442749
Interview Prof. Sebille,gender,Other,inst_trust_mean,27.2449254989624
Interview Prof. Sebille,gender,Other,newsletter_signup,0.4564895629882813
Interview Prof. Sebille,gender,Other,policy_general,49.09803867340088
Interview Prof. Sebille,gender,Other,policy_role_mean,48.74728520711263
Interview Prof. Sebille,gender,Other,policy_specific_mean,44.07720565795898
Interview Prof. Sebille,gender,Other,trust_multidimensional,41.94422960281372
Interview Prof. Sebille,gender,Other,trust_post,40.36291837692261
Extreme weather predictions,gender,Male,behavior_mean,24.22449986139933
Extreme weather predictions,gender,Male,belief_post,33.83153676986694
Extreme weather predictions,gender,Male,concern_mean,26.482661565144856
Extreme weather predictions,gender,Male,distrust_post,26.579411824544263
Extreme weather predictions,gender,Male,donation_ams,3.444083531697591
Extreme weather predictions,gender,Male,funding_perceptions,34.74958737691243
Extreme weather predictions,gender,Male,inst_trust_mean,17.182238896687817
Extreme weather predictions,gender,Male,newsletter_signup,0.4516095320383708
Extreme weather predictions,gender,Male,policy_general,36.73441410064697
Extreme weather predictions,gender,Male,policy_role_mean,30.362482865651447
Extreme weather predictions,gender,Male,policy_specific_mean,26.876322428385414
Extreme weather predictions,gender,Male,trust_multidimensional,32.85623391469319
Extreme weather predictions,gender,Male,trust_post,30.71292241414388
Extreme weather predictions,gender,Female,behavior_mean,25.889615217844646
Extreme weather predictions,gender,Female,belief_post,34.45061842600505
Extreme weather predictions,gender,Female,concern_mean,27.559181054433186
Extreme weather predictions,gender,Female,distrust_post,26.494614283243816
Extreme weather predictions,gender,Female,donation_ams,3.5165023803710933
Extreme weather predictions,gender,Female,funding_perceptions,34.92317199707031
Extreme weather predictions,gender,Female,inst_trust_mean,17.910881837209068
Extreme weather predictions,gender,Female,newsletter_signup,0.4503786166508993
Extreme weather predictions,gender,Female,policy_general,37.37361033757527
Extreme weather predictions,gender,Female,policy_role_mean,31.981197992960613
Extreme weather predictions,gender,Female,policy_specific_mean,27.9974102973938
Extreme weather predictions,gender,Female,trust_multidimensional,33.377905686696366
Extreme weather predictions,gender,Female,trust_post,31.35358492533366
Extreme weather predictions,gender,Other,behavior_mean,26.648612817128495
Extreme weather predictions,gender,Other,belief_post,36.53000990549724
Extreme weather predictions,gender,Other,concern_mean,29.21104431152344
Extreme weather predictions,gender,Other,distrust_post,28.80055109659831
Extreme weather predictions,gender,Other,donation_ams,3.7859876950581866
Extreme weather predictions,gender,Other,funding_perceptions,37.324651082356766
Extreme weather predictions,gender,Other,inst_trust_mean,18.78978411356608
Extreme weather predictions,gender,Other,newsletter_signup,0.4510448773701986
Extreme weather predictions,gender,Other,policy_general,40.48587083816528
Extreme weather predictions,gender,Other,policy_role_mean,33.531061808268234
Extreme weather predictions,gender,Other,policy_specific_mean,30.982542037963867
Extreme weather predictions,gender,Other,trust_multidimensional,34.96589263280234
Extreme weather predictions,gender,Other,trust_post,33.29728444417317
control,age_band,18-29,behavior_mean,47.73917198181152
control,age_band,18-29,belief_post,52.971251805623375
control,age_band,18-29,concern_mean,44.59322293599446
control,age_band,18-29,distrust_post,46.25270366668701
control,age_band,18-29,donation_ams,5.027791659037272
control,age_band,18-29,funding_perceptions,54.2771577835083
control,age_band,18-29,inst_trust_mean,39.48484261830647
control,age_band,18-29,newsletter_signup,0.4846336841583252
control,age_band,18-29,policy_general,51.51130358378094
control,age_band,18-29,policy_role_mean,53.63550980885824
control,age_band,18-29,policy_specific_mean,50.02039273579916
control,age_band,18-29,trust_multidimensional,53.27792167663574
control,age_band,18-29,trust_post,47.5650707880656
control,age_band,30-44,behavior_mean,46.35724226633708
control,age_band,30-44,belief_post,52.73574193318685
control,age_band,30-44,concern_mean,43.631529808044434
control,age_band,30-44,distrust_post,45.3156312306722
control,age_band,30-44,donation_ams,4.938040574391683
control,age_band,30-44,funding_perceptions,53.22583516438802
control,age_band,30-44,inst_trust_mean,38.43761285146077
control,age_band,30-44,newsletter_signup,0.4786976973215739
control,age_band,30-44,policy_general,50.317962964375816
control,age_band,30-44,policy_role_mean,53.5032590230306
control,age_band,30-44,policy_specific_mean,48.99070262908935
control,age_band,30-44,trust_multidimensional,52.3863951365153
control,age_band,30-44,trust_post,46.32315238316853
control,age_band,45-59,behavior_mean,46.26503388086955
control,age_band,45-59,belief_post,52.85350481669108
control,age_band,45-59,concern_mean,43.85683536529541
control,age_band,45-59,distrust_post,45.499690373738616
control,age_band,45-59,donation_ams,4.913989702860515
control,age_band,45-59,funding_perceptions,53.1347910563151
control,age_band,45-59,inst_trust_mean,39.50156768163045
control,age_band,45-59,newsletter_signup,0.482948104540507
control,age_band,45-59,policy_general,50.47546227773031
control,age_band,45-59,policy_role_mean,53.557984034220375
control,age_band,45-59,policy_specific_mean,49.23832019170125
control,age_band,45-59,trust_multidimensional,52.12050278981527
control,age_band,45-59,trust_post,46.42190933227538
control,age_band,60+,behavior_mean,46.86074256896973
control,age_band,60+,belief_post,52.29997634887695
control,age_band,60+,concern_mean,43.43175093332927
control,age_band,60+,distrust_post,46.00311120351155
control,age_band,60+,donation_ams,4.921325047810871
control,age_band,60+,funding_perceptions,53.50805123647054
control,age_band,60+,inst_trust_mean,39.71341451009114
control,age_band,60+,newsletter_signup,0.4874323606491088
control,age_band,60+,policy_general,50.46032269795736
control,age_band,60+,policy_role_mean,53.139940897623696
control,age_band,60+,policy_specific_mean,48.82442951202393
control,age_band,60+,trust_multidimensional,51.55965487162272
control,age_band,60+,trust_post,46.49494091669719
Corporate reliance,age_band,18-29,behavior_mean,23.78444274266561
Corporate reliance,age_band,18-29,belief_post,27.6875098546346
Corporate reliance,age_band,18-29,concern_mean,27.386097113291424
Corporate reliance,age_band,18-29,distrust_post,23.48688840866089
Corporate reliance,age_band,18-29,donation_ams,3.177202542622884
Corporate reliance,age_band,18-29,funding_perceptions,30.95710674921672
Corporate reliance,age_band,18-29,inst_trust_mean,22.19881614049275
Corporate reliance,age_band,18-29,newsletter_signup,0.4223650296529134
Corporate reliance,age_band,18-29,policy_general,29.5135498046875
Corporate reliance,age_band,18-29,policy_role_mean,28.774829705556236
Corporate reliance,age_band,18-29,policy_specific_mean,31.6206693649292
Corporate reliance,age_band,18-29,trust_multidimensional,30.88394006093343
Corporate reliance,age_band,18-29,trust_post,27.81690359115601
Corporate reliance,age_band,30-44,behavior_mean,23.23871453603108
Corporate reliance,age_band,30-44,belief_post,28.703137238820403
Corporate reliance,age_band,30-44,concern_mean,28.03107500076294
Corporate reliance,age_band,30-44,distrust_post,23.550788561503087
Corporate reliance,age_band,30-44,donation_ams,3.0798768997192383
Corporate reliance,age_band,30-44,funding_perceptions,30.992670853932697
Corporate reliance,age_band,30-44,inst_trust_mean,22.79935677846273
Corporate reliance,age_band,30-44,newsletter_signup,0.4272218545277913
Corporate reliance,age_band,30-44,policy_general,29.8916498819987
Corporate reliance,age_band,30-44,policy_role_mean,28.84886264801025
Corporate reliance,age_band,30-44,policy_specific_mean,31.270480155944817
Corporate reliance,age_band,30-44,trust_multidimensional,30.819416046142575
Corporate reliance,age_band,30-44,trust_post,28.7073810895284
Corporate reliance,age_band,45-59,behavior_mean,23.695647716522217
Corporate reliance,age_band,45-59,belief_post,29.55716053644816
Corporate reliance,age_band,45-59,concern_mean,28.919629255930584
Corporate reliance,age_band,45-59,distrust_post,24.780182043711346
Corporate reliance,age_band,45-59,donation_ams,3.1044658025105805
Corporate reliance,age_band,45-59,funding_perceptions,33.03250471750896
Corporate reliance,age_band,45-59,inst_trust_mean,23.38623603185018
Corporate reliance,age_band,45-59,newsletter_signup,0.4309112230936687
Corporate reliance,age_band,45-59,policy_general,30.612015724182136
Corporate reliance,age_band,45-59,policy_role_mean,29.686808586120605
Corporate reliance,age_band,45-59,policy_specific_mean,31.44916296005249
Corporate reliance,age_band,45-59,trust_multidimensional,30.897895495096844
Corporate reliance,age_band,45-59,trust_post,30.04899422327677
Corporate reliance,age_band,60+,behavior_mean,25.131205717722576
Corporate reliance,age_band,60+,belief_post,28.68209679921468
Corporate reliance,age_band,60+,concern_mean,29.840219020843502
Corporate reliance,age_band,60+,distrust_post,26.31471554438273
Corporate reliance,age_band,60+,donation_ams,3.0364159742991137
Corporate reliance,age_band,60+,funding_perceptions,32.389259338378906
Corporate reliance,age_band,60+,inst_trust_mean,23.47738345464071
Corporate reliance,age_band,60+,newsletter_signup,0.4244728088378907
Corporate reliance,age_band,60+,policy_general,30.92752695083618
Corporate reliance,age_band,60+,policy_role_mean,30.380674203236897
Corporate reliance,age_band,60+,policy_specific_mean,31.03940486907959
Corporate reliance,age_band,60+,trust_multidimensional,31.108351548512776
Corporate reliance,age_band,60+,trust_post,30.923863252004
Social justice,age_band,18-29,behavior_mean,23.119286696116134
Social justice,age_band,18-29,belief_post,36.69130802154541
Social justice,age_band,18-29,concern_mean,28.450512886047363
Social justice,age_band,18-29,distrust_post,27.31176217397054
Social justice,age_band,18-29,donation_ams,3.159567515055339
Social justice,age_band,18-29,funding_perceptions,33.26773643493652
Social justice,age_band,18-29,inst_trust_mean,15.64481258392334
Social justice,age_band,18-29,newsletter_signup,0.3693112929662068
Social justice,age_band,18-29,policy_general,34.51826175053914
Social justice,age_band,18-29,policy_role_mean,28.259074687957764
Social justice,age_band,18-29,policy_specific_mean,30.265522003173828
Social justice,age_band,18-29,trust_multidimensional,31.417338053385414
Social justice,age_band,18-29,trust_post,29.906574885050464
Social justice,age_band,30-44,behavior_mean,23.337165514628087
Social justice,age_band,30-44,belief_post,37.606088320414216
Social justice,age_band,30-44,concern_mean,29.20914888381958
Social justice,age_band,30-44,distrust_post,27.77063051859538
Social justice,age_band,30-44,donation_ams,3.2338941097259526
Social justice,age_band,30-44,funding_perceptions,33.489060401916504
Social justice,age_band,30-44,inst_trust_mean,15.71135719617208
Social justice,age_band,30-44,newsletter_signup,0.3719455003738403
Social justice,age_band,30-44,policy_general,34.969166914621994
Social justice,age_band,30-44,policy_role_mean,28.94299825032552
Social justice,age_band,30-44,policy_specific_mean,30.821017424265545
Social justice,age_band,30-44,trust_multidimensional,31.83511892954509
Social justice,age_band,30-44,trust_post,30.50321340560913
Social justice,age_band,45-59,behavior_mean,24.000513553619385
Social justice,age_band,45-59,belief_post,38.31985791524251
Social justice,age_band,45-59,concern_mean,29.817787806193035
Social justice,age_band,45-59,distrust_post,28.91070048014323
Social justice,age_band,45-59,donation_ams,3.2845592498779297
Social justice,age_band,45-59,funding_perceptions,33.98163318634033
Social justice,age_band,45-59,inst_trust_mean,16.963799794514976
Social justice,age_band,45-59,newsletter_signup,0.3784190018971761
Social justice,age_band,45-59,policy_general,35.92575391133626
Social justice,age_band,45-59,policy_role_mean,29.75151936213176
Social justice,age_band,45-59,policy_specific_mean,31.773503621419263
Social justice,age_band,45-59,trust_multidimensional,32.39336411158244
Social justice,age_band,45-59,trust_post,31.551937262217194
Social justice,age_band,60+,behavior_mean,25.04250208536784
Social justice,age_band,60+,belief_post,37.19278971354167
Social justice,age_band,60+,concern_mean,30.882020791371662
Social justice,age_band,60+,distrust_post,29.94798421859741
Social justice,age_band,60+,donation_ams,3.4579042593638105
Social justice,age_band,60+,funding_perceptions,35.57711839675903
Social justice,age_band,60+,inst_trust_mean,17.8287943204244
Social justice,age_band,60+,newsletter_signup,0.3670380115509033
Social justice,age_band,60+,policy_general,36.3885760307312
Social justice,age_band,60+,policy_role_mean,29.646146297454838
Social justice,age_band,60+,policy_specific_mean,31.728835900624603
Social justice,age_band,60+,trust_multidimensional,32.53788948059082
Social justice,age_band,60+,trust_post,31.795203685760494
Interview Prof. Maraun,age_band,18-29,behavior_mean,28.828708330790203
Interview Prof. Maraun,age_band,18-29,belief_post,46.40696048736573
Interview Prof. Maraun,age_band,18-29,concern_mean,33.88479153315227
Interview Prof. Maraun,age_band,18-29,distrust_post,37.49043544133504
Interview Prof. Maraun,age_band,18-29,donation_ams,4.12357767422994
Interview Prof. Maraun,age_band,18-29,funding_perceptions,48.08027346928914
Interview Prof. Maraun,age_band,18-29,inst_trust_mean,24.564123153686523
Interview Prof. Maraun,age_band,18-29,newsletter_signup,0.5228986740112305
Interview Prof. Maraun,age_band,18-29,policy_general,43.9804712931315
Interview Prof. Maraun,age_band,18-29,policy_role_mean,48.67326418558757
Interview Prof. Maraun,age_band,18-29,policy_specific_mean,37.79544035593669
Interview Prof. Maraun,age_band,18-29,trust_multidimensional,41.69816970825195
Interview Prof. Maraun,age_band,18-29,trust_post,38.81300290425618
Interview Prof. Maraun,age_band,30-44,behavior_mean,27.6085098584493
Interview Prof. Maraun,age_band,30-44,belief_post,46.03118896484375
Interview Prof. Maraun,age_band,30-44,concern_mean,32.81342188517253
Interview Prof. Maraun,age_band,30-44,distrust_post,36.24217510223389
Interview Prof. Maraun,age_band,30-44,donation_ams,4.067592620849609
Interview Prof. Maraun,age_band,30-44,funding_perceptions,47.27315902709962
Interview Prof. Maraun,age_band,30-44,inst_trust_mean,24.17790095011393
Interview Prof. Maraun,age_band,30-44,newsletter_signup,0.5045782725016276
Interview Prof. Maraun,age_band,30-44,policy_general,43.106865882873535
Interview Prof. Maraun,age_band,30-44,policy_role_mean,48.19968541463216
Interview Prof. Maraun,age_band,30-44,policy_specific_mean,36.66714429855347
Interview Prof. Maraun,age_band,30-44,trust_multidimensional,41.0369873046875
Interview Prof. Maraun,age_band,30-44,trust_post,37.987522284189865
Interview Prof. Maraun,age_band,45-59,behavior_mean,28.22184165318807
Interview Prof. Maraun,age_band,45-59,belief_post,46.3172435760498
Interview Prof. Maraun,age_band,45-59,concern_mean,32.47772852579753
Interview Prof. Maraun,age_band,45-59,distrust_post,36.64011557896932
Interview Prof. Maraun,age_band,45-59,donation_ams,4.123781522115071
Interview Prof. Maraun,age_band,45-59,funding_perceptions,47.64188130696614
Interview Prof. Maraun,age_band,45-59,inst_trust_mean,24.750475088755287
Interview Prof. Maraun,age_band,45-59,newsletter_signup,0.4992383321126301
Interview Prof. Maraun,age_band,45-59,policy_general,44.00997956593831
Interview Prof. Maraun,age_band,45-59,policy_role_mean,49.22973314921062
Interview Prof. Maraun,age_band,45-59,policy_specific_mean,36.81466579437255
Interview Prof. Maraun,age_band,45-59,trust_multidimensional,41.06954733530681
Interview Prof. Maraun,age_band,45-59,trust_post,38.41043313344319
Interview Prof. Maraun,age_band,60+,behavior_mean,30.162994066874187
Interview Prof. Maraun,age_band,60+,belief_post,45.81866264343262
Interview Prof. Maraun,age_band,60+,concern_mean,33.610332012176514
Interview Prof. Maraun,age_band,60+,distrust_post,36.4943027496338
Interview Prof. Maraun,age_band,60+,donation_ams,4.088557561238607
Interview Prof. Maraun,age_band,60+,funding_perceptions,47.923970222473145
Interview Prof. Maraun,age_band,60+,inst_trust_mean,26.114944616953533
Interview Prof. Maraun,age_band,60+,newsletter_signup,0.4890101750691731
Interview Prof. Maraun,age_band,60+,policy_general,44.89779869715373
Interview Prof. Maraun,age_band,60+,policy_role_mean,49.25924142201741
Interview Prof. Maraun,age_band,60+,policy_specific_mean,36.91458304723104
Interview Prof. Maraun,age_band,60+,trust_multidimensional,40.692277749379485
Interview Prof. Maraun,age_band,60+,trust_post,38.29540411631267
Funding,age_band,18-29,behavior_mean,38.06955019632976
Funding,age_band,18-29,belief_post,35.12566089630127
Funding,age_band,18-29,concern_mean,36.52842442194621
Funding,age_band,18-29,distrust_post,33.567198117574065
Funding,age_band,18-29,donation_ams,3.4097548325856537
Funding,age_band,18-29,funding_perceptions,33.58841737111409
Funding,age_band,18-29,inst_trust_mean,33.84002447128295
Funding,age_band,18-29,newsletter_signup,0.3646445671717326
Funding,age_band,18-29,policy_general,38.45475514729817
Funding,age_band,18-29,policy_role_mean,40.50947030385335
Funding,age_band,18-29,policy_specific_mean,40.36835034688313
Funding,age_band,18-29,trust_multidimensional,37.64931360880534
Funding,age_band,18-29,trust_post,38.13181718190511
Funding,age_band,30-44,behavior_mean,37.55120436350505
Funding,age_band,30-44,belief_post,35.73269049326579
Funding,age_band,30-44,concern_mean,37.487781047821045
Funding,age_band,30-44,distrust_post,34.11297798156738
Funding,age_band,30-44,donation_ams,3.4068024158477783
Funding,age_band,30-44,funding_perceptions,33.96622737248738
Funding,age_band,30-44,inst_trust_mean,34.399445851643875
Funding,age_band,30-44,newsletter_signup,0.3707298040390014
Funding,age_band,30-44,policy_general,38.66591453552247
Funding,age_band,30-44,policy_role_mean,40.72566032409668
Funding,age_band,30-44,policy_specific_mean,40.65754016240437
Funding,age_band,30-44,trust_multidimensional,38.17237615585327
Funding,age_band,30-44,trust_post,38.69562546412151
Funding,age_band,45-59,behavior_mean,37.871579329172775
Funding,age_band,45-59,belief_post,36.76681518554688
Funding,age_band,45-59,concern_mean,38.94859155019124
Funding,age_band,45-59,distrust_post,34.917418162028
Funding,age_band,45-59,donation_ams,3.4614920616149902
Funding,age_band,45-59,funding_perceptions,35.02807219823201
Funding,age_band,45-59,inst_trust_mean,35.43994426727295
Funding,age_band,45-59,newsletter_signup,0.3778148094813029
Funding,age_band,45-59,policy_general,39.850648244222
Funding,age_band,45-59,policy_role_mean,41.96970462799073
Funding,age_band,45-59,policy_specific_mean,41.55844052632649
Funding,age_band,45-59,trust_multidimensional,39.33830261230468
Funding,age_band,45-59,trust_post,39.637915293375656
Funding,age_band,60+,behavior_mean,39.25098578135173
Funding,age_band,60+,belief_post,38.47293853759766
Funding,age_band,60+,concern_mean,40.81199169158936
Funding,age_band,60+,distrust_post,36.29703124364217
Funding,age_band,60+,donation_ams,3.566615581512451
Funding,age_band,60+,funding_perceptions,37.36708958943685
Funding,age_band,60+,inst_trust_mean,37.42716709772746
Funding,age_band,60+,newsletter_signup,0.3890531063079834
Funding,age_band,60+,policy_general,41.11909866333008
Funding,age_band,60+,policy_role_mean,43.6285416285197
Funding,age_band,60+,policy_specific_mean,42.68569548924764
Funding,age_band,60+,trust_multidimensional,41.23833179473877
Funding,age_band,60+,trust_post,41.25096400578816
Oil industry misinformation,age_band,18-29,behavior_mean,35.659726460774735
Oil industry misinformation,age_band,18-29,belief_post,34.53133900960286
Oil industry misinformation,age_band,18-29,concern_mean,35.30518213907878
Oil industry misinformation,age_band,18-29,distrust_post,29.4408122698466
Oil industry misinformation,age_band,18-29,donation_ams,3.27512264251709
Oil industry misinformation,age_band,18-29,funding_perceptions,38.10245196024577
Oil industry misinformation,age_band,18-29,inst_trust_mean,30.65859079360962
Oil industry misinformation,age_band,18-29,newsletter_signup,0.416485071182251
Oil industry misinformation,age_band,18-29,policy_general,38.79511753718059
Oil industry misinformation,age_band,18-29,policy_role_mean,35.010433197021484
Oil industry misinformation,age_band,18-29,policy_specific_mean,36.27963066101074
Oil industry misinformation,age_band,18-29,trust_multidimensional,33.6825172106425
Oil industry misinformation,age_band,18-29,trust_post,37.30301856994629
Oil industry misinformation,age_band,30-44,behavior_mean,34.05818144480388
Oil industry misinformation,age_band,30-44,belief_post,33.799056212107345
Oil industry misinformation,age_band,30-44,concern_mean,35.0560466448466
Oil industry misinformation,age_band,30-44,distrust_post,28.14939022064209
Oil industry misinformation,age_band,30-44,donation_ams,3.3702973524729414
Oil industry misinformation,age_band,30-44,funding_perceptions,38.57486248016357
Oil industry misinformation,age_band,30-44,inst_trust_mean,30.017300446828205
Oil industry misinformation,age_band,30-44,newsletter_signup,0.4079961776733398
Oil industry misinformation,age_band,30-44,policy_general,37.82980442047119
Oil industry misinformation,age_band,30-44,policy_role_mean,34.66849327087402
Oil industry misinformation,age_band,30-44,policy_specific_mean,35.00337600708008
Oil industry misinformation,age_band,30-44,trust_multidimensional,33.371841907501214
Oil industry misinformation,age_band,30-44,trust_post,36.10622088114421
Oil industry misinformation,age_band,45-59,behavior_mean,35.15346844991048
Oil industry misinformation,age_band,45-59,belief_post,35.03969113032024
Oil industry misinformation,age_band,45-59,concern_mean,36.5813930829366
Oil industry misinformation,age_band,45-59,distrust_post,29.070496559143063
Oil industry misinformation,age_band,45-59,donation_ams,3.466005325317383
Oil industry misinformation,age_band,45-59,funding_perceptions,39.89764054616292
Oil industry misinformation,age_band,45-59,inst_trust_mean,31.323119004567463
Oil industry misinformation,age_band,45-59,newsletter_signup,0.4147120316823323
Oil industry misinformation,age_band,45-59,policy_general,39.5061731338501
Oil industry misinformation,age_band,45-59,policy_role_mean,36.023004849751786
Oil industry misinformation,age_band,45-59,policy_specific_mean,36.11740271250408
Oil industry misinformation,age_band,45-59,trust_multidimensional,34.093582630157464
Oil industry misinformation,age_band,45-59,trust_post,37.33434677124024
Oil industry misinformation,age_band,60+,behavior_mean,35.17266114552815
Oil industry misinformation,age_band,60+,belief_post,35.48487027486165
Oil industry misinformation,age_band,60+,concern_mean,36.51844660441081
Oil industry misinformation,age_band,60+,distrust_post,29.06898657480876
Oil industry misinformation,age_band,60+,donation_ams,3.420990308125813
Oil industry misinformation,age_band,60+,funding_perceptions,39.91798162460327
Oil industry misinformation,age_band,60+,inst_trust_mean,31.16671641667684
Oil industry misinformation,age_band,60+,newsletter_signup,0.4084316889444987
Oil industry misinformation,age_band,60+,policy_general,39.72137769063313
Oil industry misinformation,age_band,60+,policy_role_mean,35.73644558588664
Oil industry misinformation,age_band,60+,policy_specific_mean,35.58743794759114
Oil industry misinformation,age_band,60+,trust_multidimensional,33.59473546346028
Oil industry misinformation,age_band,60+,trust_post,37.16281255086263
Measurement & modeling (1),age_band,18-29,behavior_mean,29.401628176371258
Measurement & modeling (1),age_band,18-29,belief_post,35.934849580129
Measurement & modeling (1),age_band,18-29,concern_mean,22.84968694051107
Measurement & modeling (1),age_band,18-29,distrust_post,27.81674861907959
Measurement & modeling (1),age_band,18-29,donation_ams,4.1528284549713135
Measurement & modeling (1),age_band,18-29,funding_perceptions,42.74463653564453
Measurement & modeling (1),age_band,18-29,inst_trust_mean,16.887823740641284
Measurement & modeling (1),age_band,18-29,newsletter_signup,0.3448841571807861
Measurement & modeling (1),age_band,18-29,policy_general,37.52277294794719
Measurement & modeling (1),age_band,18-29,policy_role_mean,38.88508478800455
Measurement & modeling (1),age_band,18-29,policy_specific_mean,29.899271329243977
Measurement & modeling (1),age_band,18-29,trust_multidimensional,35.39603153864543
Measurement & modeling (1),age_band,18-29,trust_post,33.63529046376547
Measurement & modeling (1),age_band,30-44,behavior_mean,28.25751304626465
Measurement & modeling (1),age_band,30-44,belief_post,36.14087104797363
Measurement & modeling (1),age_band,30-44,concern_mean,23.132618268330884
Measurement & modeling (1),age_band,30-44,distrust_post,27.70668665568034
Measurement & modeling (1),age_band,30-44,donation_ams,4.0697979927063
Measurement & modeling (1),age_band,30-44,funding_perceptions,42.54164695739747
Measurement & modeling (1),age_band,30-44,inst_trust_mean,16.491293907165534
Measurement & modeling (1),age_band,30-44,newsletter_signup,0.3461461464564006
Measurement & modeling (1),age_band,30-44,policy_general,37.492914994557694
Measurement & modeling (1),age_band,30-44,policy_role_mean,39.18514251708984
Measurement & modeling (1),age_band,30-44,policy_specific_mean,29.35307025909424
Measurement & modeling (1),age_band,30-44,trust_multidimensional,35.3043516476949
Measurement & modeling (1),age_band,30-44,trust_post,34.43209330240886
Measurement & modeling (1),age_band,45-59,behavior_mean,28.84377638498941
Measurement & modeling (1),age_band,45-59,belief_post,37.0583454767863
Measurement & modeling (1),age_band,45-59,concern_mean,23.64326318105062
Measurement & modeling (1),age_band,45-59,distrust_post,28.584877649943035
Measurement & modeling (1),age_band,45-59,donation_ams,4.108012517293295
Measurement & modeling (1),age_band,45-59,funding_perceptions,43.063465754191085
Measurement & modeling (1),age_band,45-59,inst_trust_mean,17.31811364491781
Measurement & modeling (1),age_band,45-59,newsletter_signup,0.3511738379796347
Measurement & modeling (1),age_band,45-59,policy_general,38.6656920115153
Measurement & modeling (1),age_band,45-59,policy_role_mean,40.24196068445842
Measurement & modeling (1),age_band,45-59,policy_specific_mean,30.144866307576496
Measurement & modeling (1),age_band,45-59,trust_multidimensional,35.542309284210205
Measurement & modeling (1),age_band,45-59,trust_post,35.31804084777832
Measurement & modeling (1),age_band,60+,behavior_mean,28.99998426437378
Measurement & modeling (1),age_band,60+,belief_post,35.55743296941121
Measurement & modeling (1),age_band,60+,concern_mean,23.575635751088463
Measurement & modeling (1),age_band,60+,distrust_post,29.325540860493977
Measurement & modeling (1),age_band,60+,donation_ams,4.110084374745687
Measurement & modeling (1),age_band,60+,funding_perceptions,42.115851243337005
Measurement & modeling (1),age_band,60+,inst_trust_mean,16.759026050567627
Measurement & modeling (1),age_band,60+,newsletter_signup,0.3498584429423014
Measurement & modeling (1),age_band,60+,policy_general,38.31854661305746
Measurement & modeling (1),age_band,60+,policy_role_mean,38.8380765914917
Measurement & modeling (1),age_band,60+,policy_specific_mean,29.206983248392746
Measurement & modeling (1),age_band,60+,trust_multidimensional,33.63710244496663
Measurement & modeling (1),age_band,60+,trust_post,33.78115892410278
Former skeptics,age_band,18-29,behavior_mean,32.133543491363525
Former skeptics,age_band,18-29,belief_post,47.59437640508016
Former skeptics,age_band,18-29,concern_mean,34.13368860880534
Former skeptics,age_band,18-29,distrust_post,40.09436368942261
Former skeptics,age_band,18-29,donation_ams,3.3090317249298096
Former skeptics,age_band,18-29,funding_perceptions,47.28230635325114
Former skeptics,age_band,18-29,inst_trust_mean,28.16161314646403
Former skeptics,age_band,18-29,newsletter_signup,0.4261076847712199
Former skeptics,age_band,18-29,policy_general,46.31489515304565
Former skeptics,age_band,18-29,policy_role_mean,49.2197831471761
Former skeptics,age_band,18-29,policy_specific_mean,40.0587558746338
Former skeptics,age_band,18-29,trust_multidimensional,43.95278294881184
Former skeptics,age_band,18-29,trust_post,43.28640302022298
Former skeptics,age_band,30-44,behavior_mean,29.8323392868042
Former skeptics,age_band,30-44,belief_post,47.11782932281495
Former skeptics,age_band,30-44,concern_mean,33.12509059906006
Former skeptics,age_band,30-44,distrust_post,38.11342716217041
Former skeptics,age_band,30-44,donation_ams,3.227192560831706
Former skeptics,age_band,30-44,funding_perceptions,45.95597982406616
Former skeptics,age_band,30-44,inst_trust_mean,26.768040657043457
Former skeptics,age_band,30-44,newsletter_signup,0.4019769032796224
Former skeptics,age_band,30-44,policy_general,44.96712287267049
Former skeptics,age_band,30-44,policy_role_mean,48.36320082346599
Former skeptics,age_band,30-44,policy_specific_mean,38.32523028055827
Former skeptics,age_band,30-44,trust_multidimensional,42.4897034962972
Former skeptics,age_band,30-44,trust_post,41.84681574503581
Former skeptics,age_band,45-59,behavior_mean,29.439520835876465
Former skeptics,age_band,45-59,belief_post,47.32935428619385
Former skeptics,age_band,45-59,concern_mean,32.8713059425354
Former skeptics,age_band,45-59,distrust_post,38.40771118799846
Former skeptics,age_band,45-59,donation_ams,3.268239895502727
Former skeptics,age_band,45-59,funding_perceptions,45.94368139902749
Former skeptics,age_band,45-59,inst_trust_mean,27.104008197784417
Former skeptics,age_band,45-59,newsletter_signup,0.3976094722747803
Former skeptics,age_band,45-59,policy_general,45.41386365890503
Former skeptics,age_band,45-59,policy_role_mean,48.64257176717122
Former skeptics,age_band,45-59,policy_specific_mean,37.89682388305664
Former skeptics,age_band,45-59,trust_multidimensional,42.19717184702556
Former skeptics,age_band,45-59,trust_post,41.629910469055176
Former skeptics,age_band,60+,behavior_mean,30.35152753194173
Former skeptics,age_band,60+,belief_post,47.03541199366252
Former skeptics,age_band,60+,concern_mean,34.26176309585571
Former skeptics,age_band,60+,distrust_post,38.29828103383382
Former skeptics,age_band,60+,donation_ams,3.3175118764241533
Former skeptics,age_band,60+,funding_perceptions,46.78044319152832
Former skeptics,age_band,60+,inst_trust_mean,28.06552251180013
Former skeptics,age_band,60+,newsletter_signup,0.393590768178304
Former skeptics,age_band,60+,policy_general,46.92862033843995
Former skeptics,age_band,60+,policy_role_mean,47.98353513081868
Former skeptics,age_band,60+,policy_specific_mean,37.58289019266765
Former skeptics,age_band,60+,trust_multidimensional,41.5837566057841
Former skeptics,age_band,60+,trust_post,40.97290436426799
High public trust,age_band,18-29,behavior_mean,29.714051882425945
High public trust,age_band,18-29,belief_post,34.45409933725993
High public trust,age_band,18-29,concern_mean,35.85389455159505
High public trust,age_band,18-29,distrust_post,29.128932952880863
High public trust,age_band,18-29,donation_ams,3.657817045847575
High public trust,age_band,18-29,funding_perceptions,35.58448155721028
High public trust,age_band,18-29,inst_trust_mean,31.23643000920613
High public trust,age_band,18-29,newsletter_signup,0.3488882780075073
High public trust,age_band,18-29,policy_general,36.50766611099243
High public trust,age_band,18-29,policy_role_mean,33.5301121075948
High public trust,age_band,18-29,policy_specific_mean,35.892140865325935
High public trust,age_band,18-29,trust_multidimensional,35.613759358723954
High public trust,age_band,18-29,trust_post,35.432732105255134
High public trust,age_band,30-44,behavior_mean,29.282108942667644
High public trust,age_band,30-44,belief_post,35.7765515645345
High public trust,age_band,30-44,concern_mean,36.779165267944336
High public trust,age_band,30-44,distrust_post,29.4483741124471
High public trust,age_band,30-44,donation_ams,3.6286648114522295
High public trust,age_band,30-44,funding_perceptions,36.02256774902344
High public trust,age_band,30-44,inst_trust_mean,31.67528708775838
High public trust,age_band,30-44,newsletter_signup,0.349214235941569
High public trust,age_band,30-44,policy_general,37.14819351832072
High public trust,age_band,30-44,policy_role_mean,34.64110692342122
High public trust,age_band,30-44,policy_specific_mean,36.4867130915324
High public trust,age_band,30-44,trust_multidimensional,36.50264342625936
High public trust,age_band,30-44,trust_post,36.333433787028
High public trust,age_band,45-59,behavior_mean,30.122085412343345
High public trust,age_band,45-59,belief_post,37.01523145039876
High public trust,age_band,45-59,concern_mean,37.736638387044266
High public trust,age_band,45-59,distrust_post,30.813467502594
High public trust,age_band,45-59,donation_ams,3.710428873697917
High public trust,age_band,45-59,funding_perceptions,36.83598041534424
High public trust,age_band,45-59,inst_trust_mean,33.151940504709884
High public trust,age_band,45-59,newsletter_signup,0.3510993321736653
High public trust,age_band,45-59,policy_general,38.22940985361736
High public trust,age_band,45-59,policy_role_mean,35.77552239100139
High public trust,age_band,45-59,policy_specific_mean,37.69813378651936
High public trust,age_band,45-59,trust_multidimensional,37.6848578453064
High public trust,age_band,45-59,trust_post,37.12550799051921
High public trust,age_band,60+,behavior_mean,31.83681964874268
High public trust,age_band,60+,belief_post,38.73350620269775
High public trust,age_band,60+,concern_mean,38.65480820337932
High public trust,age_band,60+,distrust_post,32.2320818901062
High public trust,age_band,60+,donation_ams,3.796199560165405
High public trust,age_band,60+,funding_perceptions,37.26810216903687
High public trust,age_band,60+,inst_trust_mean,33.55262279510498
High public trust,age_band,60+,newsletter_signup,0.3461932738622029
High public trust,age_band,60+,policy_general,38.777192433675125
High public trust,age_band,60+,policy_role_mean,37.16263771057129
High public trust,age_band,60+,policy_specific_mean,38.87195984522502
High public trust,age_band,60+,trust_multidimensional,37.84886201222737
High public trust,age_band,60+,trust_post,38.79190286000569
Measurement & modeling (2),age_band,18-29,behavior_mean,33.39895407358806
Measurement & modeling (2),age_band,18-29,belief_post,40.65878391265869
Measurement & modeling (2),age_band,18-29,concern_mean,30.214866002400715
Measurement & modeling (2),age_band,18-29,distrust_post,34.23747618993123
Measurement & modeling (2),age_band,18-29,donation_ams,4.098378419876099
Measurement & modeling (2),age_band,18-29,funding_perceptions,47.34998941421508
Measurement & modeling (2),age_band,18-29,inst_trust_mean,25.825194517771404
Measurement & modeling (2),age_band,18-29,newsletter_signup,0.3856277465820312
Measurement & modeling (2),age_band,18-29,policy_general,42.10193157196045
Measurement & modeling (2),age_band,18-29,policy_role_mean,43.85361671447753
Measurement & modeling (2),age_band,18-29,policy_specific_mean,36.58258120218913
Measurement & modeling (2),age_band,18-29,trust_multidimensional,41.364530722300216
Measurement & modeling (2),age_band,18-29,trust_post,38.61812750498454
Measurement & modeling (2),age_band,30-44,behavior_mean,32.450151443481445
Measurement & modeling (2),age_band,30-44,belief_post,40.6537930170695
Measurement & modeling (2),age_band,30-44,concern_mean,29.80512380599976
Measurement & modeling (2),age_band,30-44,distrust_post,33.54087670644124
Measurement & modeling (2),age_band,30-44,donation_ams,3.8437747955322266
Measurement & modeling (2),age_band,30-44,funding_perceptions,46.50903145472209
Measurement & modeling (2),age_band,30-44,inst_trust_mean,25.494786103566486
Measurement & modeling (2),age_band,30-44,newsletter_signup,0.3808307647705078
Measurement & modeling (2),age_band,30-44,policy_general,41.62698984146118
Measurement & modeling (2),age_band,30-44,policy_role_mean,44.32036876678467
Measurement & modeling (2),age_band,30-44,policy_specific_mean,35.917433102925614
Measurement & modeling (2),age_band,30-44,trust_multidimensional,40.7344897588094
Measurement & modeling (2),age_band,30-44,trust_post,38.85609706242879
Measurement & modeling (2),age_band,45-59,behavior_mean,32.8754186630249
Measurement & modeling (2),age_band,45-59,belief_post,40.68739016850789
Measurement & modeling (2),age_band,45-59,concern_mean,30.18747965494792
Measurement & modeling (2),age_band,45-59,distrust_post,35.32221714655559
Measurement & modeling (2),age_band,45-59,donation_ams,3.8727347056070967
Measurement & modeling (2),age_band,45-59,funding_perceptions,47.49855200449626
Measurement & modeling (2),age_band,45-59,inst_trust_mean,26.076960563659668
Measurement & modeling (2),age_band,45-59,newsletter_signup,0.3796733617782593
Measurement & modeling (2),age_band,45-59,policy_general,42.34721263249715
Measurement & modeling (2),age_band,45-59,policy_role_mean,44.83103354771932
Measurement & modeling (2),age_band,45-59,policy_specific_mean,36.26683553059896
Measurement & modeling (2),age_band,45-59,trust_multidimensional,41.09808603922527
Measurement & modeling (2),age_band,45-59,trust_post,39.828602472941085
Measurement & modeling (2),age_band,60+,behavior_mean,32.89846579233806
Measurement & modeling (2),age_band,60+,belief_post,39.380427201588944
Measurement & modeling (2),age_band,60+,concern_mean,30.369476477305096
Measurement & modeling (2),age_band,60+,distrust_post,34.198709328969315
Measurement & modeling (2),age_band,60+,donation_ams,3.849650224049887
Measurement & modeling (2),age_band,60+,funding_perceptions,45.68837483723958
Measurement & modeling (2),age_band,60+,inst_trust_mean,25.311283270517983
Measurement & modeling (2),age_band,60+,newsletter_signup,0.3739556868871053
Measurement & modeling (2),age_band,60+,policy_general,42.02980995178223
Measurement & modeling (2),age_band,60+,policy_role_mean,43.57728958129883
Measurement & modeling (2),age_band,60+,policy_specific_mean,35.27890841166179
Measurement & modeling (2),age_band,60+,trust_multidimensional,39.24960295359294
Measurement & modeling (2),age_band,60+,trust_post,38.2667859395345
Peer-review,age_band,18-29,behavior_mean,35.61367591222127
Peer-review,age_band,18-29,belief_post,48.53862126668295
Peer-review,age_band,18-29,concern_mean,37.677931785583496
Peer-review,age_band,18-29,distrust_post,40.342577298482254
Peer-review,age_band,18-29,donation_ams,4.4192226727803545
Peer-review,age_band,18-29,funding_perceptions,45.17298539479573
Peer-review,age_band,18-29,inst_trust_mean,34.042418003082275
Peer-review,age_band,18-29,newsletter_signup,0.4737482070922851
Peer-review,age_band,18-29,policy_general,48.37234417597453
Peer-review,age_band,18-29,policy_role_mean,45.124220848083496
Peer-review,age_band,18-29,policy_specific_mean,41.98901653289795
Peer-review,age_band,18-29,trust_multidimensional,47.1855362256368
Peer-review,age_band,18-29,trust_post,41.15540186564128
Peer-review,age_band,30-44,behavior_mean,33.39369297027588
Peer-review,age_band,30-44,belief_post,48.35987091064453
Peer-review,age_band,30-44,concern_mean,36.327238877614334
Peer-review,age_band,30-44,distrust_post,38.72036139170329
Peer-review,age_band,30-44,donation_ams,4.277413686116536
Peer-review,age_band,30-44,funding_perceptions,45.03502448399861
Peer-review,age_band,30-44,inst_trust_mean,31.914472579956065
Peer-review,age_band,30-44,newsletter_signup,0.4690374533335368
Peer-review,age_band,30-44,policy_general,46.52346769968669
Peer-review,age_band,30-44,policy_role_mean,45.03006935119628
Peer-review,age_band,30-44,policy_specific_mean,39.65555826822917
Peer-review,age_band,30-44,trust_multidimensional,46.16623719533284
Peer-review,age_band,30-44,trust_post,39.44892485936482
Peer-review,age_band,45-59,behavior_mean,33.851369222005204
Peer-review,age_band,45-59,belief_post,49.25026893615723
Peer-review,age_band,45-59,concern_mean,36.61201397577922
Peer-review,age_band,45-59,distrust_post,39.77955182393392
Peer-review,age_band,45-59,donation_ams,4.361079136530559
Peer-review,age_band,45-59,funding_perceptions,45.26893297831218
Peer-review,age_band,45-59,inst_trust_mean,32.67629543940227
Peer-review,age_band,45-59,newsletter_signup,0.4736634492874145
Peer-review,age_band,45-59,policy_general,46.98371887207031
Peer-review,age_band,45-59,policy_role_mean,45.717382431030266
Peer-review,age_band,45-59,policy_specific_mean,39.567454655965165
Peer-review,age_band,45-59,trust_multidimensional,46.55590454737346
Peer-review,age_band,45-59,trust_post,39.88698720932007
Peer-review,age_band,60+,behavior_mean,36.00349426269531
Peer-review,age_band,60+,belief_post,49.37547047932942
Peer-review,age_band,60+,concern_mean,37.093468507130936
Peer-review,age_band,60+,distrust_post,39.80948925018311
Peer-review,age_band,60+,donation_ams,4.483666022618611
Peer-review,age_band,60+,funding_perceptions,44.933386643727616
Peer-review,age_band,60+,inst_trust_mean,33.474910259246826
Peer-review,age_band,60+,newsletter_signup,0.4831480979919433
Peer-review,age_band,60+,policy_general,46.521615982055664
Peer-review,age_band,60+,policy_role_mean,45.82557678222656
Peer-review,age_band,60+,policy_specific_mean,39.29063081741333
Peer-review,age_band,60+,trust_multidimensional,46.295126279195145
Peer-review,age_band,60+,trust_post,40.01477162043254
Scientist community helpers,age_band,18-29,behavior_mean,26.144313812255863
Scientist community helpers,age_band,18-29,belief_post,36.29416624704997
Scientist community helpers,age_band,18-29,concern_mean,25.740571816762287
Scientist community helpers,age_band,18-29,distrust_post,31.00008567174275
Scientist community helpers,age_band,18-29,donation_ams,3.1030941009521484
Scientist community helpers,age_band,18-29,funding_perceptions,35.211714108785
Scientist community helpers,age_band,18-29,inst_trust_mean,20.76512177785238
Scientist community helpers,age_band,18-29,newsletter_signup,0.3918395439783733
Scientist community helpers,age_band,18-29,policy_general,37.2494379679362
Scientist community helpers,age_band,18-29,policy_role_mean,34.2817227045695
Scientist community helpers,age_band,18-29,policy_specific_mean,31.75649642944336
Scientist community helpers,age_band,18-29,trust_multidimensional,34.678777058919266
Scientist community helpers,age_band,18-29,trust_post,27.16125647226969
Scientist community helpers,age_band,30-44,behavior_mean,24.503676096598305
Scientist community helpers,age_band,30-44,belief_post,35.71878274281819
Scientist community helpers,age_band,30-44,concern_mean,24.796382586161293
Scientist community helpers,age_band,30-44,distrust_post,29.284203052520752
Scientist community helpers,age_band,30-44,donation_ams,3.052972157796224
Scientist community helpers,age_band,30-44,funding_perceptions,33.6653749148051
Scientist community helpers,age_band,30-44,inst_trust_mean,19.751175244649254
Scientist community helpers,age_band,30-44,newsletter_signup,0.3927166064580281
Scientist community helpers,age_band,30-44,policy_general,35.846583048502595
Scientist community helpers,age_band,30-44,policy_role_mean,33.540523052215576
Scientist community helpers,age_band,30-44,policy_specific_mean,30.22301197052002
Scientist community helpers,age_band,30-44,trust_multidimensional,33.31248760223389
Scientist community helpers,age_band,30-44,trust_post,26.35672887166341
Scientist community helpers,age_band,45-59,behavior_mean,24.2781400680542
Scientist community helpers,age_band,45-59,belief_post,35.32151778539021
Scientist community helpers,age_band,45-59,concern_mean,24.71847136815389
Scientist community helpers,age_band,45-59,distrust_post,29.512604077657063
Scientist community helpers,age_band,45-59,donation_ams,3.003127972284953
Scientist community helpers,age_band,45-59,funding_perceptions,33.4761102994283
Scientist community helpers,age_band,45-59,inst_trust_mean,19.80464458465576
Scientist community helpers,age_band,45-59,newsletter_signup,0.3962954680124919
Scientist community helpers,age_band,45-59,policy_general,35.83037853240967
Scientist community helpers,age_band,45-59,policy_role_mean,33.47983360290527
Scientist community helpers,age_band,45-59,policy_specific_mean,29.777697722117107
Scientist community helpers,age_band,45-59,trust_multidimensional,32.66777992248535
Scientist community helpers,age_band,45-59,trust_post,26.584307352701824
Scientist community helpers,age_band,60+,behavior_mean,25.28366247812907
Scientist community helpers,age_band,60+,belief_post,34.0765674908956
Scientist community helpers,age_band,60+,concern_mean,25.445703665415447
Scientist community helpers,age_band,60+,distrust_post,29.95835542678833
Scientist community helpers,age_band,60+,donation_ams,3.004332383473714
Scientist community helpers,age_band,60+,funding_perceptions,33.745423952738435
Scientist community helpers,age_band,60+,inst_trust_mean,20.39409875869751
Scientist community helpers,age_band,60+,newsletter_signup,0.3908967177073161
Scientist community helpers,age_band,60+,policy_general,34.93163585662842
Scientist community helpers,age_band,60+,policy_role_mean,33.46277077992757
Scientist community helpers,age_band,60+,policy_specific_mean,29.55113649368287
Scientist community helpers,age_band,60+,trust_multidimensional,30.885783831278484
Scientist community helpers,age_band,60+,trust_post,26.983920733133957
Consensus,age_band,18-29,behavior_mean,38.07149728139241
Consensus,age_band,18-29,belief_post,30.74154059092204
Consensus,age_band,18-29,concern_mean,33.58116149902344
Consensus,age_band,18-29,distrust_post,28.83295218149821
Consensus,age_band,18-29,donation_ams,3.980515400568645
Consensus,age_band,18-29,funding_perceptions,34.98752117156982
Consensus,age_band,18-29,inst_trust_mean,29.397912820180256
Consensus,age_band,18-29,newsletter_signup,0.3678367932637532
Consensus,age_band,18-29,policy_general,37.85150051116944
Consensus,age_band,18-29,policy_role_mean,34.63626702626547
Consensus,age_band,18-29,policy_specific_mean,38.65385850270589
Consensus,age_band,18-29,trust_multidimensional,36.34979724884033
Consensus,age_band,18-29,trust_post,34.56753492355347
Consensus,age_band,30-44,behavior_mean,38.49992752075195
Consensus,age_band,30-44,belief_post,31.951697667439777
Consensus,age_band,30-44,concern_mean,34.84259446461995
Consensus,age_band,30-44,distrust_post,29.10962502161662
Consensus,age_band,30-44,donation_ams,4.068119525909424
Consensus,age_band,30-44,funding_perceptions,35.699470837910965
Consensus,age_band,30-44,inst_trust_mean,30.11113405227661
Consensus,age_band,30-44,newsletter_signup,0.376065452893575
Consensus,age_band,30-44,policy_general,39.14464314778645
Consensus,age_band,30-44,policy_role_mean,35.82162857055664
Consensus,age_band,30-44,policy_specific_mean,39.480717976888016
Consensus,age_band,30-44,trust_multidimensional,37.10176944732667
Consensus,age_band,30-44,trust_post,35.80579360326131
Consensus,age_band,45-59,behavior_mean,39.22991355260213
Consensus,age_band,45-59,belief_post,33.65145524342854
Consensus,age_band,45-59,concern_mean,35.91681321461995
Consensus,age_band,45-59,distrust_post,30.30727704366048
Consensus,age_band,45-59,donation_ams,4.154134591420491
Consensus,age_band,45-59,funding_perceptions,36.8516206741333
Consensus,age_band,45-59,inst_trust_mean,31.266943613688152
Consensus,age_band,45-59,newsletter_signup,0.3972906271616618
Consensus,age_band,45-59,policy_general,40.088049570719406
Consensus,age_band,45-59,policy_role_mean,36.94402774175008
Consensus,age_band,45-59,policy_specific_mean,40.76318740844727
Consensus,age_band,45-59,trust_multidimensional,38.45043182373047
Consensus,age_band,45-59,trust_post,37.07447052001953
Consensus,age_band,60+,behavior_mean,41.31143887837728
Consensus,age_band,60+,belief_post,36.03217204411824
Consensus,age_band,60+,concern_mean,38.06525866190593
Consensus,age_band,60+,distrust_post,32.753733793894455
Consensus,age_band,60+,donation_ams,4.203996658325195
Consensus,age_band,60+,funding_perceptions,39.33597803115845
Consensus,age_band,60+,inst_trust_mean,33.662160237630204
Consensus,age_band,60+,newsletter_signup,0.4197818040847778
Consensus,age_band,60+,policy_general,42.098935445149735
Consensus,age_band,60+,policy_role_mean,38.9379898707072
Consensus,age_band,60+,policy_specific_mean,43.25183232625327
Consensus,age_band,60+,trust_multidimensional,39.74048693974814
Consensus,age_band,60+,trust_post,39.05977010726928
Portrait Prof. Cherry,age_band,18-29,behavior_mean,35.076848665873214
Portrait Prof. Cherry,age_band,18-29,belief_post,48.4272837638855
Portrait Prof. Cherry,age_band,18-29,concern_mean,35.9332799911499
Portrait Prof. Cherry,age_band,18-29,distrust_post,44.56365903218587
Portrait Prof. Cherry,age_band,18-29,donation_ams,3.7894344329833984
Portrait Prof. Cherry,age_band,18-29,funding_perceptions,46.9713568687439
Portrait Prof. Cherry,age_band,18-29,inst_trust_mean,25.653576850891117
Portrait Prof. Cherry,age_band,18-29,newsletter_signup,0.4969882170359294
Portrait Prof. Cherry,age_band,18-29,policy_general,47.014745076497405
Portrait Prof. Cherry,age_band,18-29,policy_role_mean,51.08809471130371
Portrait Prof. Cherry,age_band,18-29,policy_specific_mean,39.552954832712814
Portrait Prof. Cherry,age_band,18-29,trust_multidimensional,52.70701249440511
Portrait Prof. Cherry,age_band,18-29,trust_post,43.49795977274577
Portrait Prof. Cherry,age_band,30-44,behavior_mean,33.747319380442306
Portrait Prof. Cherry,age_band,30-44,belief_post,48.590199152628585
Portrait Prof. Cherry,age_band,30-44,concern_mean,35.01438697179158
Portrait Prof. Cherry,age_band,30-44,distrust_post,43.60190232594808
Portrait Prof. Cherry,age_band,30-44,donation_ams,3.6155255635579424
Portrait Prof. Cherry,age_band,30-44,funding_perceptions,46.592068672180176
Portrait Prof. Cherry,age_band,30-44,inst_trust_mean,24.875601132710777
Portrait Prof. Cherry,age_band,30-44,newsletter_signup,0.4873140652974446
Portrait Prof. Cherry,age_band,30-44,policy_general,46.0545301437378
Portrait Prof. Cherry,age_band,30-44,policy_role_mean,50.99155108133952
Portrait Prof. Cherry,age_band,30-44,policy_specific_mean,38.18108638127645
Portrait Prof. Cherry,age_band,30-44,trust_multidimensional,51.82297229766846
Portrait Prof. Cherry,age_band,30-44,trust_post,42.53122011820476
Portrait Prof. Cherry,age_band,45-59,behavior_mean,33.99658203125
Portrait Prof. Cherry,age_band,45-59,belief_post,48.8231341044108
Portrait Prof. Cherry,age_band,45-59,concern_mean,35.31245390574138
Portrait Prof. Cherry,age_band,45-59,distrust_post,44.559311866760254
Portrait Prof. Cherry,age_band,45-59,donation_ams,3.6807771523793535
Portrait Prof. Cherry,age_band,45-59,funding_perceptions,47.28946685791016
Portrait Prof. Cherry,age_band,45-59,inst_trust_mean,25.83456039428711
Portrait Prof. Cherry,age_band,45-59,newsletter_signup,0.485528310139974
Portrait Prof. Cherry,age_band,45-59,policy_general,46.701176961263016
Portrait Prof. Cherry,age_band,45-59,policy_role_mean,51.83297793070475
Portrait Prof. Cherry,age_band,45-59,policy_specific_mean,38.755142688751214
Portrait Prof. Cherry,age_band,45-59,trust_multidimensional,51.90526644388834
Portrait Prof. Cherry,age_band,45-59,trust_post,42.80609687169394
Portrait Prof. Cherry,age_band,60+,behavior_mean,33.87882312138875
Portrait Prof. Cherry,age_band,60+,belief_post,46.62564992904663
Portrait Prof. Cherry,age_band,60+,concern_mean,34.50649579366048
Portrait Prof. Cherry,age_band,60+,distrust_post,44.52936251958212
Portrait Prof. Cherry,age_band,60+,donation_ams,3.7629795074462886
Portrait Prof. Cherry,age_band,60+,funding_perceptions,49.03909365336101
Portrait Prof. Cherry,age_band,60+,inst_trust_mean,25.737659136454266
Portrait Prof. Cherry,age_band,60+,newsletter_signup,0.4665710926055908
Portrait Prof. Cherry,age_band,60+,policy_general,46.50285243988037
Portrait Prof. Cherry,age_band,60+,policy_role_mean,50.62267780303955
Portrait Prof. Cherry,age_band,60+,policy_specific_mean,37.86100546518962
Portrait Prof. Cherry,age_band,60+,trust_multidimensional,50.22090276082357
Portrait Prof. Cherry,age_band,60+,trust_post,42.0965830485026
Model accuracy,age_band,18-29,behavior_mean,38.36839199066162
Model accuracy,age_band,18-29,belief_post,48.48554929097493
Model accuracy,age_band,18-29,concern_mean,36.471684773763016
Model accuracy,age_band,18-29,distrust_post,34.33307409286499
Model accuracy,age_band,18-29,donation_ams,4.296602010726928
Model accuracy,age_band,18-29,funding_perceptions,50.96893310546875
Model accuracy,age_band,18-29,inst_trust_mean,31.852249304453533
Model accuracy,age_band,18-29,newsletter_signup,0.4868612289428711
Model accuracy,age_band,18-29,policy_general,47.16996351877849
Model accuracy,age_band,18-29,policy_role_mean,50.08053779602052
Model accuracy,age_band,18-29,policy_specific_mean,45.58173815409343
Model accuracy,age_band,18-29,trust_multidimensional,41.56837463378907
Model accuracy,age_band,18-29,trust_post,40.00564018885295
Model accuracy,age_band,30-44,behavior_mean,36.67333920796713
Model accuracy,age_band,30-44,belief_post,48.18625450134277
Model accuracy,age_band,30-44,concern_mean,35.549112161000565
Model accuracy,age_band,30-44,distrust_post,33.03787708282471
Model accuracy,age_band,30-44,donation_ams,4.2588480313618975
Model accuracy,age_band,30-44,funding_perceptions,50.25769074757894
Model accuracy,age_band,30-44,inst_trust_mean,30.784372488657635
Model accuracy,age_band,30-44,newsletter_signup,0.476946989695231
Model accuracy,age_band,30-44,policy_general,45.876193046569824
Model accuracy,age_band,30-44,policy_role_mean,50.52261352539063
Model accuracy,age_band,30-44,policy_specific_mean,44.050657749176025
Model accuracy,age_band,30-44,trust_multidimensional,41.171979904174805
Model accuracy,age_band,30-44,trust_post,39.03007507324219
Model accuracy,age_band,45-59,behavior_mean,37.794287999471024
Model accuracy,age_band,45-59,belief_post,49.85666275024413
Model accuracy,age_band,45-59,concern_mean,36.08853816986084
Model accuracy,age_band,45-59,distrust_post,34.82101758321126
Model accuracy,age_band,45-59,donation_ams,4.3237042427063
Model accuracy,age_band,45-59,funding_perceptions,51.874748865763344
Model accuracy,age_band,45-59,inst_trust_mean,31.8839192390442
Model accuracy,age_band,45-59,newsletter_signup,0.4811890522638957
Model accuracy,age_band,45-59,policy_general,47.18489249547322
Model accuracy,age_band,45-59,policy_role_mean,51.51513417561849
Model accuracy,age_band,45-59,policy_specific_mean,44.61766878763835
Model accuracy,age_band,45-59,trust_multidimensional,41.67417685190837
Model accuracy,age_band,45-59,trust_post,40.2626633644104
Model accuracy,age_band,60+,behavior_mean,38.316528002421066
Model accuracy,age_band,60+,belief_post,48.273515701293945
Model accuracy,age_band,60+,concern_mean,36.4798665046692
Model accuracy,age_band,60+,distrust_post,35.34273703893025
Model accuracy,age_band,60+,donation_ams,4.335281054178874
Model accuracy,age_band,60+,funding_perceptions,52.30061213175456
Model accuracy,age_band,60+,inst_trust_mean,30.821975072224934
Model accuracy,age_band,60+,newsletter_signup,0.4727462927500407
Model accuracy,age_band,60+,policy_general,46.759776274363205
Model accuracy,age_band,60+,policy_role_mean,49.56668217976888
Model accuracy,age_band,60+,policy_specific_mean,43.01753044128418
Model accuracy,age_band,60+,trust_multidimensional,40.08247454961142
Model accuracy,age_band,60+,trust_post,41.54798189798992
Interview Prof. Sebille,age_band,18-29,behavior_mean,29.44339911142985
Interview Prof. Sebille,age_band,18-29,belief_post,46.72194321950276
Interview Prof. Sebille,age_band,18-29,concern_mean,35.242605209350586
Interview Prof. Sebille,age_band,18-29,distrust_post,37.24546432495117
Interview Prof. Sebille,age_band,18-29,donation_ams,4.191294511159261
Interview Prof. Sebille,age_band,18-29,funding_perceptions,44.074010848999016
Interview Prof. Sebille,age_band,18-29,inst_trust_mean,22.70251115163168
Interview Prof. Sebille,age_band,18-29,newsletter_signup,0.446590224901835
Interview Prof. Sebille,age_band,18-29,policy_general,44.0529743830363
Interview Prof. Sebille,age_band,18-29,policy_role_mean,43.80035400390625
Interview Prof. Sebille,age_band,18-29,policy_specific_mean,38.59418630599976
Interview Prof. Sebille,age_band,18-29,trust_multidimensional,39.608597755432136
Interview Prof. Sebille,age_band,18-29,trust_post,35.94931761423747
Interview Prof. Sebille,age_band,30-44,behavior_mean,29.45612668991089
Interview Prof. Sebille,age_band,30-44,belief_post,47.34499454498292
Interview Prof. Sebille,age_band,30-44,concern_mean,35.52703460057576
Interview Prof. Sebille,age_band,30-44,distrust_post,36.32619380950928
Interview Prof. Sebille,age_band,30-44,donation_ams,4.026033878326416
Interview Prof. Sebille,age_band,30-44,funding_perceptions,44.10773913065593
Interview Prof. Sebille,age_band,30-44,inst_trust_mean,23.130003611246742
Interview Prof. Sebille,age_band,30-44,newsletter_signup,0.4450042645136515
Interview Prof. Sebille,age_band,30-44,policy_general,44.29903030395508
Interview Prof. Sebille,age_band,30-44,policy_role_mean,44.45903301239014
Interview Prof. Sebille,age_band,30-44,policy_specific_mean,38.32194407780965
Interview Prof. Sebille,age_band,30-44,trust_multidimensional,39.66302076975505
Interview Prof. Sebille,age_band,30-44,trust_post,35.69299777348836
Interview Prof. Sebille,age_band,45-59,behavior_mean,30.138381322224934
Interview Prof. Sebille,age_band,45-59,belief_post,48.2834815979004
Interview Prof. Sebille,age_band,45-59,concern_mean,35.85453033447266
Interview Prof. Sebille,age_band,45-59,distrust_post,37.01409498850505
Interview Prof. Sebille,age_band,45-59,donation_ams,4.073662757873535
Interview Prof. Sebille,age_band,45-59,funding_perceptions,45.51128546396892
Interview Prof. Sebille,age_band,45-59,inst_trust_mean,24.05150334040324
Interview Prof. Sebille,age_band,45-59,newsletter_signup,0.4489760796229043
Interview Prof. Sebille,age_band,45-59,policy_general,45.82819938659668
Interview Prof. Sebille,age_band,45-59,policy_role_mean,45.651896794637054
Interview Prof. Sebille,age_band,45-59,policy_specific_mean,38.96789948145549
Interview Prof. Sebille,age_band,45-59,trust_multidimensional,39.94808197021484
Interview Prof. Sebille,age_band,45-59,trust_post,36.59090995788574
Interview Prof. Sebille,age_band,60+,behavior_mean,30.587756633758545
Interview Prof. Sebille,age_band,60+,belief_post,48.571626345316574
Interview Prof. Sebille,age_band,60+,concern_mean,34.76040363311768
Interview Prof. Sebille,age_band,60+,distrust_post,37.15349038441976
Interview Prof. Sebille,age_band,60+,donation_ams,4.109625816345215
Interview Prof. Sebille,age_band,60+,funding_perceptions,46.32913271586101
Interview Prof. Sebille,age_band,60+,inst_trust_mean,24.535632133483887
Interview Prof. Sebille,age_band,60+,newsletter_signup,0.4614547093709309
Interview Prof. Sebille,age_band,60+,policy_general,46.140952905019134
Interview Prof. Sebille,age_band,60+,policy_role_mean,45.01399993896484
Interview Prof. Sebille,age_band,60+,policy_specific_mean,38.41873804728191
Interview Prof. Sebille,age_band,60+,trust_multidimensional,39.24837112426758
Interview Prof. Sebille,age_band,60+,trust_post,36.85353597005208
Extreme weather predictions,age_band,18-29,behavior_mean,24.30816094080607
Extreme weather predictions,age_band,18-29,belief_post,33.57191483179729
Extreme weather predictions,age_band,18-29,concern_mean,25.832760334014893
Extreme weather predictions,age_band,18-29,distrust_post,26.46387815475464
Extreme weather predictions,age_band,18-29,donation_ams,3.49922776222229
Extreme weather predictions,age_band,18-29,funding_perceptions,35.02229849497478
Extreme weather predictions,age_band,18-29,inst_trust_mean,15.97509781519572
Extreme weather predictions,age_band,18-29,newsletter_signup,0.4448135693868001
Extreme weather predictions,age_band,18-29,policy_general,37.60152260462444
Extreme weather predictions,age_band,18-29,policy_role_mean,31.13078276316325
Extreme weather predictions,age_band,18-29,policy_specific_mean,27.529342969258625
Extreme weather predictions,age_band,18-29,trust_multidimensional,32.87871678670247
Extreme weather predictions,age_band,18-29,trust_post,30.31268914540608
Extreme weather predictions,age_band,30-44,behavior_mean,24.096759160359703
Extreme weather predictions,age_band,30-44,belief_post,34.189601739247635
Extreme weather predictions,age_band,30-44,concern_mean,26.71616077423096
Extreme weather predictions,age_band,30-44,distrust_post,25.998671849568684
Extreme weather predictions,age_band,30-44,donation_ams,3.444429238637288
Extreme weather predictions,age_band,30-44,funding_perceptions,34.63001648585002
Extreme weather predictions,age_band,30-44,inst_trust_mean,16.789019107818604
Extreme weather predictions,age_band,30-44,newsletter_signup,0.4477645556131999
Extreme weather predictions,age_band,30-44,policy_general,36.9590163230896
Extreme weather predictions,age_band,30-44,policy_role_mean,31.16512298583984
Extreme weather predictions,age_band,30-44,policy_specific_mean,27.31839418411255
Extreme weather predictions,age_band,30-44,trust_multidimensional,32.90315469106038
Extreme weather predictions,age_band,30-44,trust_post,30.452120304107662
Extreme weather predictions,age_band,45-59,behavior_mean,25.050779183705647
Extreme weather predictions,age_band,45-59,belief_post,34.59337155024211
Extreme weather predictions,age_band,45-59,concern_mean,27.16328303019206
Extreme weather predictions,age_band,45-59,distrust_post,26.682500044504803
Extreme weather predictions,age_band,45-59,donation_ams,3.5023212432861333
Extreme weather predictions,age_band,45-59,funding_perceptions,34.98120307922363
Extreme weather predictions,age_band,45-59,inst_trust_mean,17.97835032145182
Extreme weather predictions,age_band,45-59,newsletter_signup,0.4555820226669311
Extreme weather predictions,age_band,45-59,policy_general,37.2644027074178
Extreme weather predictions,age_band,45-59,policy_role_mean,31.595722834269207
Extreme weather predictions,age_band,45-59,policy_specific_mean,27.65795389811198
Extreme weather predictions,age_band,45-59,trust_multidimensional,33.46838553746541
Extreme weather predictions,age_band,45-59,trust_post,31.25888506571452
Extreme weather predictions,age_band,60+,behavior_mean,26.603158315022785
Extreme weather predictions,age_band,60+,belief_post,34.34030214945476
Extreme weather predictions,age_band,60+,concern_mean,28.205275535583496
Extreme weather predictions,age_band,60+,distrust_post,27.085622151692707
Extreme weather predictions,age_band,60+,donation_ams,3.5050582885742188
Extreme weather predictions,age_band,60+,funding_perceptions,34.947212537129715
Extreme weather predictions,age_band,60+,inst_trust_mean,19.0847913424174
Extreme weather predictions,age_band,60+,newsletter_signup,0.4545042514801025
Extreme weather predictions,age_band,60+,policy_general,36.85274124145508
Extreme weather predictions,age_band,60+,policy_role_mean,31.1210036277771
Extreme weather predictions,age_band,60+,policy_specific_mean,27.597975730896003
Extreme weather predictions,age_band,60+,trust_multidimensional,33.34757089614868
Extreme weather predictions,age_band,60+,trust_post,32.04703330993652
control,race,White / Caucasian,behavior_mean,46.0177501042684
control,race,White / Caucasian,belief_post,52.116076151529946
control,race,White / Caucasian,concern_mean,43.0314580599467
control,race,White / Caucasian,distrust_post,45.1856017112732
control,race,White / Caucasian,donation_ams,4.913854996363322
control,race,White / Caucasian,funding_perceptions,52.88569132486981
control,race,White / Caucasian,inst_trust_mean,38.71883551279704
control,race,White / Caucasian,newsletter_signup,0.4774616559346517
control,race,White / Caucasian,policy_general,50.08427302042643
control,race,White / Caucasian,policy_role_mean,52.72919336954752
control,race,White / Caucasian,policy_specific_mean,48.49901994069416
control,race,White / Caucasian,trust_multidimensional,51.986090342203774
control,race,White / Caucasian,trust_post,46.1405316988627
control,race,Black / African American,behavior_mean,47.36684958140056
control,race,Black / African American,belief_post,53.20491790771485
control,race,Black / African American,concern_mean,45.04762490590413
control,race,Black / African American,distrust_post,47.03099727630615
control,race,Black / African American,donation_ams,4.932302236557007
control,race,Black / African American,funding_perceptions,54.23018137613932
control,race,Black / African American,inst_trust_mean,40.385643641153976
control,race,Black / African American,newsletter_signup,0.4876413345336914
control,race,Black / African American,policy_general,51.19868914286295
control,race,Black / African American,policy_role_mean,54.34169769287109
control,race,Black / African American,policy_specific_mean,50.14633337656657
control,race,Black / African American,trust_multidimensional,52.120137214660645
control,race,Black / African American,trust_post,47.62639204661052
control,race,Hispanic / Latino,behavior_mean,48.04755846659343
control,race,Hispanic / Latino,belief_post,53.64065170288086
control,race,Hispanic / Latino,concern_mean,44.87610658009847
control,race,Hispanic / Latino,distrust_post,46.55170838038127
control,race,Hispanic / Latino,donation_ams,5.021264553070068
control,race,Hispanic / Latino,funding_perceptions,54.620726903279625
control,race,Hispanic / Latino,inst_trust_mean,39.75724379221599
control,race,Hispanic / Latino,newsletter_signup,0.4959580898284912
control,race,Hispanic / Latino,policy_general,51.38972600301107
control,race,Hispanic / Latino,policy_role_mean,54.277499516805015
control,race,Hispanic / Latino,policy_specific_mean,49.94625647862752
control,race,Hispanic / Latino,trust_multidimensional,52.93081601460775
control,race,Hispanic / Latino,trust_post,47.23618825276694
control,race,Asian / Asian American,behavior_mean,48.32673072814941
control,race,Asian / Asian American,belief_post,53.649306297302246
control,race,Asian / Asian American,concern_mean,45.1360543568929
control,race,Asian / Asian American,distrust_post,46.4930534362793
control,race,Asian / Asian American,donation_ams,5.001974900563559
control,race,Asian / Asian American,funding_perceptions,54.57304318745931
control,race,Asian / Asian American,inst_trust_mean,40.71960846583049
control,race,Asian / Asian American,newsletter_signup,0.4944554169972737
control,race,Asian / Asian American,policy_general,52.00815200805664
control,race,Asian / Asian American,policy_role_mean,55.16552130381266
control,race,Asian / Asian American,policy_specific_mean,51.12680594126383
control,race,Asian / Asian American,trust_multidimensional,52.714904149373375
control,race,Asian / Asian American,trust_post,47.47692743937175
control,race,Other,behavior_mean,47.94190327326457
control,race,Other,belief_post,53.35063934326172
control,race,Other,concern_mean,44.70929702123007
control,race,Other,distrust_post,45.61590353647868
control,race,Other,donation_ams,5.028033256530762
control,race,Other,funding_perceptions,53.58870029449463
control,race,Other,inst_trust_mean,40.05458354949951
control,race,Other,newsletter_signup,0.4897174835205078
control,race,Other,policy_general,51.50668621063234
control,race,Other,policy_role_mean,54.21396096547445
control,race,Other,policy_specific_mean,50.101304054260254
control,race,Other,trust_multidimensional,52.53419876098633
control,race,Other,trust_post,47.25298881530762
Corporate reliance,race,White / Caucasian,behavior_mean,22.42403825124105
Corporate reliance,race,White / Caucasian,belief_post,27.925634384155277
Corporate reliance,race,White / Caucasian,concern_mean,27.074114481608078
Corporate reliance,race,White / Caucasian,distrust_post,23.852101961771645
Corporate reliance,race,White / Caucasian,donation_ams,2.972349723180135
Corporate reliance,race,White / Caucasian,funding_perceptions,30.643741289774574
Corporate reliance,race,White / Caucasian,inst_trust_mean,21.891462802886963
Corporate reliance,race,White / Caucasian,newsletter_signup,0.4191354115804036
Corporate reliance,race,White / Caucasian,policy_general,29.28070624669394
Corporate reliance,race,White / Caucasian,policy_role_mean,28.30161253611247
Corporate reliance,race,White / Caucasian,policy_specific_mean,30.064936478932697
Corporate reliance,race,White / Caucasian,trust_multidimensional,29.782211780548096
Corporate reliance,race,White / Caucasian,trust_post,28.398982683817547
Corporate reliance,race,Black / African American,behavior_mean,25.17936627070108
Corporate reliance,race,Black / African American,belief_post,28.24535369873047
Corporate reliance,race,Black / African American,concern_mean,30.218271414438885
Corporate reliance,race,Black / African American,distrust_post,25.37138064702352
Corporate reliance,race,Black / African American,donation_ams,3.216785589853921
Corporate reliance,race,Black / African American,funding_perceptions,32.18143781026204
Corporate reliance,race,Black / African American,inst_trust_mean,23.947501182556152
Corporate reliance,race,Black / African American,newsletter_signup,0.4233727057774861
Corporate reliance,race,Black / African American,policy_general,30.531092484792072
Corporate reliance,race,Black / African American,policy_role_mean,29.555702209472663
Corporate reliance,race,Black / African American,policy_specific_mean,32.48918056488037
Corporate reliance,race,Black / African American,trust_multidimensional,31.48804505666097
Corporate reliance,race,Black / African American,trust_post,30.347907543182373
Corporate reliance,race,Hispanic / Latino,behavior_mean,27.358325322469074
Corporate reliance,race,Hispanic / Latino,belief_post,30.755909283955884
Corporate reliance,race,Hispanic / Latino,concern_mean,31.456526120503742
Corporate reliance,race,Hispanic / Latino,distrust_post,26.053277651468917
Corporate reliance,race,Hispanic / Latino,donation_ams,3.3060987790425616
Corporate reliance,race,Hispanic / Latino,funding_perceptions,34.654923280080155
Corporate reliance,race,Hispanic / Latino,inst_trust_mean,24.9974528948466
Corporate reliance,race,Hispanic / Latino,newsletter_signup,0.4458192189534505
Corporate reliance,race,Hispanic / Latino,policy_general,32.33741124471028
Corporate reliance,race,Hispanic / Latino,policy_role_mean,32.05056190490723
Corporate reliance,race,Hispanic / Latino,policy_specific_mean,33.31925868988037
Corporate reliance,race,Hispanic / Latino,trust_multidimensional,33.475418885548905
Corporate reliance,race,Hispanic / Latino,trust_post,31.740864117940266
Corporate reliance,race,Asian / Asian American,behavior_mean,26.53651634852092
Corporate reliance,race,Asian / Asian American,belief_post,30.09054660797119
Corporate reliance,race,Asian / Asian American,concern_mean,31.359684467315677
Corporate reliance,race,Asian / Asian American,distrust_post,26.080632209777832
Corporate reliance,race,Asian / Asian American,donation_ams,3.3167286713918047
Corporate reliance,race,Asian / Asian American,funding_perceptions,34.220218658447266
Corporate reliance,race,Asian / Asian American,inst_trust_mean,25.517245133717864
Corporate reliance,race,Asian / Asian American,newsletter_signup,0.4407867590586345
Corporate reliance,race,Asian / Asian American,policy_general,32.775163650512695
Corporate reliance,race,Asian / Asian American,policy_role_mean,32.31478134791057
Corporate reliance,race,Asian / Asian American,policy_specific_mean,34.6409519513448
Corporate reliance,race,Asian / Asian American,trust_multidimensional,32.989398638407394
Corporate reliance,race,Asian / Asian American,trust_post,30.89592456817627
Corporate reliance,race,Other,behavior_mean,25.637463728586837
Corporate reliance,race,Other,belief_post,29.90630070368449
Corporate reliance,race,Other,concern_mean,30.38655916849773
Corporate reliance,race,Other,distrust_post,25.034972031911213
Corporate reliance,race,Other,donation_ams,3.3612052599589037
Corporate reliance,race,Other,funding_perceptions,33.08910926183064
Corporate reliance,race,Other,inst_trust_mean,24.00094668070475
Corporate reliance,race,Other,newsletter_signup,0.4290355841318767
Corporate reliance,race,Other,policy_general,31.29229148228963
Corporate reliance,race,Other,policy_role_mean,30.724088350931805
Corporate reliance,race,Other,policy_specific_mean,32.818603515625
Corporate reliance,race,Other,trust_multidimensional,32.24904537200928
Corporate reliance,race,Other,trust_post,30.54957389831543
Social justice,race,White / Caucasian,behavior_mean,22.565082708994545
Social justice,race,White / Caucasian,belief_post,36.47057215372722
Social justice,race,White / Caucasian,concern_mean,28.06179920832316
Social justice,race,White / Caucasian,distrust_post,27.64374415079753
Social justice,race,White / Caucasian,donation_ams,3.198879559834798
Social justice,race,White / Caucasian,funding_perceptions,32.93050527572632
Social justice,race,White / Caucasian,inst_trust_mean,15.843816598256424
Social justice,race,White / Caucasian,newsletter_signup,0.3611183166503907
Social justice,race,White / Caucasian,policy_general,34.585773944854736
Social justice,race,White / Caucasian,policy_role_mean,27.88928747177124
Social justice,race,White / Caucasian,policy_specific_mean,30.06778558095296
Social justice,race,White / Caucasian,trust_multidimensional,31.08248710632324
Social justice,race,White / Caucasian,trust_post,30.097297827402752
Social justice,race,Black / African American,behavior_mean,25.436278184254963
Social justice,race,Black / African American,belief_post,38.442905743916825
Social justice,race,Black / African American,concern_mean,31.61876996358236
Social justice,race,Black / African American,distrust_post,29.41219806671142
Social justice,race,Black / African American,donation_ams,3.3751622835795088
Social justice,race,Black / African American,funding_perceptions,35.214924812316895
Social justice,race,Black / African American,inst_trust_mean,17.06644296646118
Social justice,race,Black / African American,newsletter_signup,0.3814727862675984
Social justice,race,Black / African American,policy_general,36.190056800842285
Social justice,race,Black / African American,policy_role_mean,30.641635258992512
Social justice,race,Black / African American,policy_specific_mean,31.60266876220703
Social justice,race,Black / African American,trust_multidimensional,32.8465223312378
Social justice,race,Black / African American,trust_post,31.657111644744877
Social justice,race,Hispanic / Latino,behavior_mean,26.468777656555176
Social justice,race,Hispanic / Latino,belief_post,38.87122472127278
Social justice,race,Hispanic / Latino,concern_mean,32.564493020375565
Social justice,race,Hispanic / Latino,distrust_post,30.323223272959392
Social justice,race,Hispanic / Latino,donation_ams,3.4475207328796387
Social justice,race,Hispanic / Latino,funding_perceptions,36.27910614013672
Social justice,race,Hispanic / Latino,inst_trust_mean,17.779668172200523
Social justice,race,Hispanic / Latino,newsletter_signup,0.3892966906229655
Social justice,race,Hispanic / Latino,policy_general,36.89886728922527
Social justice,race,Hispanic / Latino,policy_role_mean,31.20693365732829
Social justice,race,Hispanic / Latino,policy_specific_mean,33.13552141189575
Social justice,race,Hispanic / Latino,trust_multidimensional,34.025510152181
Social justice,race,Hispanic / Latino,trust_post,32.49538739522298
Social justice,race,Asian / Asian American,behavior_mean,26.997101306915283
Social justice,race,Asian / Asian American,belief_post,39.7777001063029
Social justice,race,Asian / Asian American,concern_mean,32.57095813751221
Social justice,race,Asian / Asian American,distrust_post,30.400458971659344
Social justice,race,Asian / Asian American,donation_ams,3.5342343648274737
Social justice,race,Asian / Asian American,funding_perceptions,37.286273638407394
Social justice,race,Asian / Asian American,inst_trust_mean,19.76511081059774
Social justice,race,Asian / Asian American,newsletter_signup,0.3941060304641723
Social justice,race,Asian / Asian American,policy_general,38.561391830444336
Social justice,race,Asian / Asian American,policy_role_mean,32.69692659378052
Social justice,race,Asian / Asian American,policy_specific_mean,35.010421276092536
Social justice,race,Asian / Asian American,trust_multidimensional,34.259072939554855
Social justice,race,Asian / Asian American,trust_post,33.71316591898601
Social justice,race,Other,behavior_mean,24.449547131856285
Social justice,race,Other,belief_post,39.94425932566325
Social justice,race,Other,concern_mean,31.17063840230307
Social justice,race,Other,distrust_post,30.0695300102234
Social justice,race,Other,donation_ams,3.513565063476562
Social justice,race,Other,funding_perceptions,36.026203632354736
Social justice,race,Other,inst_trust_mean,16.766746838887535
Social justice,race,Other,newsletter_signup,0.3879910707473755
Social justice,race,Other,policy_general,36.8436614672343
Social justice,race,Other,policy_role_mean,30.012317498524983
Social justice,race,Other,policy_specific_mean,32.90435075759888
Social justice,race,Other,trust_multidimensional,33.29360882441203
Social justice,race,Other,trust_post,31.991442044576008
Interview Prof. Maraun,race,White / Caucasian,behavior_mean,26.94867451985677
Interview Prof. Maraun,race,White / Caucasian,belief_post,44.84999577204387
Interview Prof. Maraun,race,White / Caucasian,concern_mean,31.739282608032227
Interview Prof. Maraun,race,White / Caucasian,distrust_post,35.57830651601155
Interview Prof. Maraun,race,White / Caucasian,donation_ams,4.003674586613973
Interview Prof. Maraun,race,White / Caucasian,funding_perceptions,46.23043537139893
Interview Prof. Maraun,race,White / Caucasian,inst_trust_mean,23.625175158182778
Interview Prof. Maraun,race,White / Caucasian,newsletter_signup,0.5002692540486654
Interview Prof. Maraun,race,White / Caucasian,policy_general,42.89398193359375
Interview Prof. Maraun,race,White / Caucasian,policy_role_mean,47.52120971679688
Interview Prof. Maraun,race,White / Caucasian,policy_specific_mean,35.420211156209305
Interview Prof. Maraun,race,White / Caucasian,trust_multidimensional,39.96402422587077
Interview Prof. Maraun,race,White / Caucasian,trust_post,37.14932600657146
Interview Prof. Maraun,race,Black / African American,behavior_mean,30.35760323206584
Interview Prof. Maraun,race,Black / African American,belief_post,46.5590238571167
Interview Prof. Maraun,race,Black / African American,concern_mean,34.669431050618485
Interview Prof. Maraun,race,Black / African American,distrust_post,37.27027575174968
Interview Prof. Maraun,race,Black / African American,donation_ams,4.13031021753947
Interview Prof. Maraun,race,Black / African American,funding_perceptions,48.46463203430176
Interview Prof. Maraun,race,Black / African American,inst_trust_mean,26.02595090866089
Interview Prof. Maraun,race,Black / African American,newsletter_signup,0.4962822596232096
Interview Prof. Maraun,race,Black / African American,policy_general,43.88266801834106
Interview Prof. Maraun,race,Black / African American,policy_role_mean,48.827453454335526
Interview Prof. Maraun,race,Black / African American,policy_specific_mean,37.57667541503907
Interview Prof. Maraun,race,Black / African American,trust_multidimensional,41.466422875722245
Interview Prof. Maraun,race,Black / African American,trust_post,38.55918248494467
Interview Prof. Maraun,race,Hispanic / Latino,behavior_mean,32.53315687179566
Interview Prof. Maraun,race,Hispanic / Latino,belief_post,48.54735533396404
Interview Prof. Maraun,race,Hispanic / Latino,concern_mean,35.961178938547775
Interview Prof. Maraun,race,Hispanic / Latino,distrust_post,38.68791659673055
Interview Prof. Maraun,race,Hispanic / Latino,donation_ams,4.280448357264201
Interview Prof. Maraun,race,Hispanic / Latino,funding_perceptions,50.79180399576823
Interview Prof. Maraun,race,Hispanic / Latino,inst_trust_mean,27.52311627070108
Interview Prof. Maraun,race,Hispanic / Latino,newsletter_signup,0.5157690842946371
Interview Prof. Maraun,race,Hispanic / Latino,policy_general,46.34828567504883
Interview Prof. Maraun,race,Hispanic / Latino,policy_role_mean,51.59707069396973
Interview Prof. Maraun,race,Hispanic / Latino,policy_specific_mean,40.15512069066367
Interview Prof. Maraun,race,Hispanic / Latino,trust_multidimensional,43.856128056844085
Interview Prof. Maraun,race,Hispanic / Latino,trust_post,40.99389712015788
Interview Prof. Maraun,race,Asian / Asian American,behavior_mean,31.509347756703693
Interview Prof. Maraun,race,Asian / Asian American,belief_post,48.7726887067159
Interview Prof. Maraun,race,Asian / Asian American,concern_mean,35.52840153376262
Interview Prof. Maraun,race,Asian / Asian American,distrust_post,38.84976704915364
Interview Prof. Maraun,race,Asian / Asian American,donation_ams,4.303232828776042
Interview Prof. Maraun,race,Asian / Asian American,funding_perceptions,50.68578720092773
Interview Prof. Maraun,race,Asian / Asian American,inst_trust_mean,27.899364630381267
Interview Prof. Maraun,race,Asian / Asian American,newsletter_signup,0.4972575108210246
Interview Prof. Maraun,race,Asian / Asian American,policy_general,47.223643461863205
Interview Prof. Maraun,race,Asian / Asian American,policy_role_mean,52.57220268249512
Interview Prof. Maraun,race,Asian / Asian American,policy_specific_mean,40.781509876251214
Interview Prof. Maraun,race,Asian / Asian American,trust_multidimensional,42.42064555486043
Interview Prof. Maraun,race,Asian / Asian American,trust_post,40.76433579126994
Interview Prof. Maraun,race,Other,behavior_mean,31.14867210388184
Interview Prof. Maraun,race,Other,belief_post,49.40840403238933
Interview Prof. Maraun,race,Other,concern_mean,35.42756239573161
Interview Prof. Maraun,race,Other,distrust_post,39.5141084988912
Interview Prof. Maraun,race,Other,donation_ams,4.347277482350666
Interview Prof. Maraun,race,Other,funding_perceptions,49.9907652537028
Interview Prof. Maraun,race,Other,inst_trust_mean,26.20076338450114
Interview Prof. Maraun,race,Other,newsletter_signup,0.5069632530212402
Interview Prof. Maraun,race,Other,policy_general,46.79999748865764
Interview Prof. Maraun,race,Other,policy_role_mean,50.93697706858317
Interview Prof. Maraun,race,Other,policy_specific_mean,39.56773281097413
Interview Prof. Maraun,race,Other,trust_multidimensional,42.71647930145264
Interview Prof. Maraun,race,Other,trust_post,40.65385659535725
Funding,race,White / Caucasian,behavior_mean,37.1235728263855
Funding,race,White / Caucasian,belief_post,35.74981689453125
Funding,race,White / Caucasian,concern_mean,37.66837120056152
Funding,race,White / Caucasian,distrust_post,34.09021298090617
Funding,race,White / Caucasian,donation_ams,3.382145563761393
Funding,race,White / Caucasian,funding_perceptions,34.30719375610352
Funding,race,White / Caucasian,inst_trust_mean,34.568897883097335
Funding,race,White / Caucasian,newsletter_signup,0.3703484932581584
Funding,race,White / Caucasian,policy_general,38.57104778289795
Funding,race,White / Caucasian,policy_role_mean,40.82628885904949
Funding,race,White / Caucasian,policy_specific_mean,40.27191003163655
Funding,race,White / Caucasian,trust_multidimensional,38.278138637542725
Funding,race,White / Caucasian,trust_post,38.59792550404866
Funding,race,Black / African American,behavior_mean,38.79114786783855
Funding,race,Black / African American,belief_post,37.196528911590576
Funding,race,Black / African American,concern_mean,39.56031401952107
Funding,race,Black / African American,distrust_post,35.433896382649735
Funding,race,Black / African American,donation_ams,3.4983666737874346
Funding,race,Black / African American,funding_perceptions,35.62737703323364
Funding,race,Black / African American,inst_trust_mean,36.048825581868485
Funding,race,Black / African American,newsletter_signup,0.3794401486714681
Funding,race,Black / African American,policy_general,40.45558373133342
Funding,race,Black / African American,policy_role_mean,42.32921600341797
Funding,race,Black / African American,policy_specific_mean,42.08948214848836
Funding,race,Black / African American,trust_multidimensional,40.153658390045166
Funding,race,Black / African American,trust_post,40.64052104949951
Funding,race,Hispanic / Latino,behavior_mean,40.65371354420979
Funding,race,Hispanic / Latino,belief_post,39.01763359705608
Funding,race,Hispanic / Latino,concern_mean,40.65144856770833
Funding,race,Hispanic / Latino,distrust_post,36.25330924987793
Funding,race,Hispanic / Latino,donation_ams,3.633568286895752
Funding,race,Hispanic / Latino,funding_perceptions,37.20104694366455
Funding,race,Hispanic / Latino,inst_trust_mean,37.32921679814656
Funding,race,Hispanic / Latino,newsletter_signup,0.3962899446487427
Funding,race,Hispanic / Latino,policy_general,41.8203353881836
Funding,race,Hispanic / Latino,policy_role_mean,44.252101580301925
Funding,race,Hispanic / Latino,policy_specific_mean,43.92752250035603
Funding,race,Hispanic / Latino,trust_multidimensional,41.54264529546101
Funding,race,Hispanic / Latino,trust_post,41.404898961385086
Funding,race,Asian / Asian American,behavior_mean,41.09758138656616
Funding,race,Asian / Asian American,belief_post,38.776429494222
Funding,race,Asian / Asian American,concern_mean,41.3319746653239
Funding,race,Asian / Asian American,distrust_post,37.307890256245926
Funding,race,Asian / Asian American,donation_ams,3.757089773813884
Funding,race,Asian / Asian American,funding_perceptions,37.84246842066448
Funding,race,Asian / Asian American,inst_trust_mean,38.1190299987793
Funding,race,Asian / Asian American,newsletter_signup,0.3875352541605631
Funding,race,Asian / Asian American,policy_general,42.44651794433593
Funding,race,Asian / Asian American,policy_role_mean,44.36387221018474
Funding,race,Asian / Asian American,policy_specific_mean,44.204624493916825
Funding,race,Asian / Asian American,trust_multidimensional,41.34780168533325
Funding,race,Asian / Asian American,trust_post,42.13980833689372
Funding,race,Other,behavior_mean,37.812773386637375
Funding,race,Other,belief_post,36.033594608306885
Funding,race,Other,concern_mean,38.38502963383992
Funding,race,Other,distrust_post,35.13162136077881
Funding,race,Other,donation_ams,3.487122456232707
Funding,race,Other,funding_perceptions,34.41993395487468
Funding,race,Other,inst_trust_mean,35.12988885243733
Funding,race,Other,newsletter_signup,0.3608942031860351
Funding,race,Other,policy_general,39.36661084493001
Funding,race,Other,policy_role_mean,41.73710346221924
Funding,race,Other,policy_specific_mean,41.09232425689697
Funding,race,Other,trust_multidimensional,38.888541857401535
Funding,race,Other,trust_post,39.5251711209615
Oil industry misinformation,race,White / Caucasian,behavior_mean,33.36382706960042
Oil industry misinformation,race,White / Caucasian,belief_post,34.15726025899251
Oil industry misinformation,race,White / Caucasian,concern_mean,34.54028765360515
Oil industry misinformation,race,White / Caucasian,distrust_post,27.675875027974445
Oil industry misinformation,race,White / Caucasian,donation_ams,3.311935265858968
Oil industry misinformation,race,White / Caucasian,funding_perceptions,38.681161403656006
Oil industry misinformation,race,White / Caucasian,inst_trust_mean,29.84735171000163
Oil industry misinformation,race,White / Caucasian,newsletter_signup,0.4040277401606242
Oil industry misinformation,race,White / Caucasian,policy_general,37.61516014734904
Oil industry misinformation,race,White / Caucasian,policy_role_mean,34.73862806955974
Oil industry misinformation,race,White / Caucasian,policy_specific_mean,34.719769159952804
Oil industry misinformation,race,White / Caucasian,trust_multidimensional,32.848381996154785
Oil industry misinformation,race,White / Caucasian,trust_post,35.40656963984172
Oil industry misinformation,race,Black / African American,behavior_mean,37.16466426849365
Oil industry misinformation,race,Black / African American,belief_post,34.87368822097778
Oil industry misinformation,race,Black / African American,concern_mean,37.74543205897014
Oil industry misinformation,race,Black / African American,distrust_post,30.484187602996823
Oil industry misinformation,race,Black / African American,donation_ams,3.4220468997955327
Oil industry misinformation,race,Black / African American,funding_perceptions,39.04414574305217
Oil industry misinformation,race,Black / African American,inst_trust_mean,31.29179875055949
Oil industry misinformation,race,Black / African American,newsletter_signup,0.4143333037694295
Oil industry misinformation,race,Black / African American,policy_general,41.55768156051635
Oil industry misinformation,race,Black / African American,policy_role_mean,34.36233997344971
Oil industry misinformation,race,Black / African American,policy_specific_mean,35.86594661076863
Oil industry misinformation,race,Black / African American,trust_multidimensional,34.022609392801925
Oil industry misinformation,race,Black / African American,trust_post,39.65415954589844
Oil industry misinformation,race,Hispanic / Latino,behavior_mean,38.5905106862386
Oil industry misinformation,race,Hispanic / Latino,belief_post,36.53553724288941
Oil industry misinformation,race,Hispanic / Latino,concern_mean,39.00532325108847
Oil industry misinformation,race,Hispanic / Latino,distrust_post,31.617041428883866
Oil industry misinformation,race,Hispanic / Latino,donation_ams,3.5868120193481445
Oil industry misinformation,race,Hispanic / Latino,funding_perceptions,40.83822568257649
Oil industry misinformation,race,Hispanic / Latino,inst_trust_mean,33.1400990486145
Oil industry misinformation,race,Hispanic / Latino,newsletter_signup,0.4314022064208984
Oil industry misinformation,race,Hispanic / Latino,policy_general,41.94917678833008
Oil industry misinformation,race,Hispanic / Latino,policy_role_mean,37.55703767140706
Oil industry misinformation,race,Hispanic / Latino,policy_specific_mean,38.16848198572795
Oil industry misinformation,race,Hispanic / Latino,trust_multidimensional,36.28644545873007
Oil industry misinformation,race,Hispanic / Latino,trust_post,40.12182553609213
Oil industry misinformation,race,Asian / Asian American,behavior_mean,37.49329646428427
Oil industry misinformation,race,Asian / Asian American,belief_post,35.89334487915039
Oil industry misinformation,race,Asian / Asian American,concern_mean,38.05755376815795
Oil industry misinformation,race,Asian / Asian American,distrust_post,31.104751427968345
Oil industry misinformation,race,Asian / Asian American,donation_ams,3.522884845733642
Oil industry misinformation,race,Asian / Asian American,funding_perceptions,40.4852310816447
Oil industry misinformation,race,Asian / Asian American,inst_trust_mean,33.0088456471761
Oil industry misinformation,race,Asian / Asian American,newsletter_signup,0.4243472417195638
Oil industry misinformation,race,Asian / Asian American,policy_general,40.84524313608806
Oil industry misinformation,race,Asian / Asian American,policy_role_mean,37.4923586845398
Oil industry misinformation,race,Asian / Asian American,policy_specific_mean,38.15444310506184
Oil industry misinformation,race,Asian / Asian American,trust_multidimensional,34.2780351638794
Oil industry misinformation,race,Asian / Asian American,trust_post,39.62193727493287
Oil industry misinformation,race,Other,behavior_mean,36.00751956303914
Oil industry misinformation,race,Other,belief_post,35.00072956085205
Oil industry misinformation,race,Other,concern_mean,36.766783396403
Oil industry misinformation,race,Other,distrust_post,29.55329418182373
Oil industry misinformation,race,Other,donation_ams,3.520607153574626
Oil industry misinformation,race,Other,funding_perceptions,39.03558254241944
Oil industry misinformation,race,Other,inst_trust_mean,31.586802005767822
Oil industry misinformation,race,Other,newsletter_signup,0.4172156651814778
Oil industry misinformation,race,Other,policy_general,39.02312914530437
Oil industry misinformation,race,Other,policy_role_mean,35.9546979268392
Oil industry misinformation,race,Other,policy_specific_mean,36.642615000406906
Oil industry misinformation,race,Other,trust_multidimensional,34.26031668980916
Oil industry misinformation,race,Other,trust_post,36.7079218228658
Measurement & modeling (1),race,White / Caucasian,behavior_mean,27.333470185597736
Measurement & modeling (1),race,White / Caucasian,belief_post,35.336518287658684
Measurement & modeling (1),race,White / Caucasian,concern_mean,22.064010302225743
Measurement & modeling (1),race,White / Caucasian,distrust_post,27.18509833017985
Measurement & modeling (1),race,White / Caucasian,donation_ams,4.021707773208618
Measurement & modeling (1),race,White / Caucasian,funding_perceptions,41.652627786000565
Measurement & modeling (1),race,White / Caucasian,inst_trust_mean,15.815601746241253
Measurement & modeling (1),race,White / Caucasian,newsletter_signup,0.3412116368611653
Measurement & modeling (1),race,White / Caucasian,policy_general,37.1939778327942
Measurement & modeling (1),race,White / Caucasian,policy_role_mean,38.09689283370972
Measurement & modeling (1),race,White / Caucasian,policy_specific_mean,28.09935410817464
Measurement & modeling (1),race,White / Caucasian,trust_multidimensional,34.01864369710286
Measurement & modeling (1),race,White / Caucasian,trust_post,33.414467175801605
Measurement & modeling (1),race,Black / African American,behavior_mean,29.137730598449707
Measurement & modeling (1),race,Black / African American,belief_post,36.03562116622925
Measurement & modeling (1),race,Black / African American,concern_mean,24.034039179484047
Measurement & modeling (1),race,Black / African American,distrust_post,29.99426523844401
Measurement & modeling (1),race,Black / African American,donation_ams,4.164934953053792
Measurement & modeling (1),race,Black / African American,funding_perceptions,42.62049198150635
Measurement & modeling (1),race,Black / African American,inst_trust_mean,16.83988173802694
Measurement & modeling (1),race,Black / African American,newsletter_signup,0.3446129163106282
Measurement & modeling (1),race,Black / African American,policy_general,37.731774648030594
Measurement & modeling (1),race,Black / African American,policy_role_mean,39.06539678573608
Measurement & modeling (1),race,Black / African American,policy_specific_mean,30.057744185129803
Measurement & modeling (1),race,Black / African American,trust_multidimensional,34.49429273605347
Measurement & modeling (1),race,Black / African American,trust_post,34.60947275161743
Measurement & modeling (1),race,Hispanic / Latino,behavior_mean,31.95318778355916
Measurement & modeling (1),race,Hispanic / Latino,belief_post,37.43582566579183
Measurement & modeling (1),race,Hispanic / Latino,concern_mean,25.64868927001953
Measurement & modeling (1),race,Hispanic / Latino,distrust_post,30.553122361501057
Measurement & modeling (1),race,Hispanic / Latino,donation_ams,4.262797435124715
Measurement & modeling (1),race,Hispanic / Latino,funding_perceptions,44.69358126322429
Measurement & modeling (1),race,Hispanic / Latino,inst_trust_mean,18.58400503794353
Measurement & modeling (1),race,Hispanic / Latino,newsletter_signup,0.369562824567159
Measurement & modeling (1),race,Hispanic / Latino,policy_general,39.44418827692668
Measurement & modeling (1),race,Hispanic / Latino,policy_role_mean,41.63910547892253
Measurement & modeling (1),race,Hispanic / Latino,policy_specific_mean,32.173808415730804
Measurement & modeling (1),race,Hispanic / Latino,trust_multidimensional,37.28303909301758
Measurement & modeling (1),race,Hispanic / Latino,trust_post,35.70365905761719
Measurement & modeling (1),race,Asian / Asian American,behavior_mean,32.15862115224202
Measurement & modeling (1),race,Asian / Asian American,belief_post,38.63935867945354
Measurement & modeling (1),race,Asian / Asian American,concern_mean,25.6017525990804
Measurement & modeling (1),race,Asian / Asian American,distrust_post,29.787198702494305
Measurement & modeling (1),race,Asian / Asian American,donation_ams,4.236771663029988
Measurement & modeling (1),race,Asian / Asian American,funding_perceptions,44.06118392944336
Measurement & modeling (1),race,Asian / Asian American,inst_trust_mean,20.205330848693848
Measurement & modeling (1),race,Asian / Asian American,newsletter_signup,0.3555952707926433
Measurement & modeling (1),race,Asian / Asian American,policy_general,40.810227394104
Measurement & modeling (1),race,Asian / Asian American,policy_role_mean,42.15900897979736
Measurement & modeling (1),race,Asian / Asian American,policy_specific_mean,33.41951767603557
Measurement & modeling (1),race,Asian / Asian American,trust_multidimensional,35.69427728652954
Measurement & modeling (1),race,Asian / Asian American,trust_post,36.66445016860962
Measurement & modeling (1),race,Other,behavior_mean,30.32929102579753
Measurement & modeling (1),race,Other,belief_post,37.36944993336995
Measurement & modeling (1),race,Other,concern_mean,25.143730640411377
Measurement & modeling (1),race,Other,distrust_post,29.730685551961265
Measurement & modeling (1),race,Other,donation_ams,4.337024688720703
Measurement & modeling (1),race,Other,funding_perceptions,43.5033639272054
Measurement & modeling (1),race,Other,inst_trust_mean,17.558558781941734
Measurement & modeling (1),race,Other,newsletter_signup,0.3530706564585368
Measurement & modeling (1),race,Other,policy_general,40.20243883132935
Measurement & modeling (1),race,Other,policy_role_mean,40.73310693105061
Measurement & modeling (1),race,Other,policy_specific_mean,31.372666358947747
Measurement & modeling (1),race,Other,trust_multidimensional,35.967111587524414
Measurement & modeling (1),race,Other,trust_post,33.52847894032796
Former skeptics,race,White / Caucasian,behavior_mean,28.699560960133866
Former skeptics,race,White / Caucasian,belief_post,46.21214866638184
Former skeptics,race,White / Caucasian,concern_mean,32.06752936045329
Former skeptics,race,White / Caucasian,distrust_post,38.01165024439494
Former skeptics,race,White / Caucasian,donation_ams,3.2232030232747406
Former skeptics,race,White / Caucasian,funding_perceptions,45.58645089467366
Former skeptics,race,White / Caucasian,inst_trust_mean,26.124823093414307
Former skeptics,race,White / Caucasian,newsletter_signup,0.3974967002868652
Former skeptics,race,White / Caucasian,policy_general,44.81209913889566
Former skeptics,race,White / Caucasian,policy_role_mean,47.56935834884644
Former skeptics,race,White / Caucasian,policy_specific_mean,37.06168333689372
Former skeptics,race,White / Caucasian,trust_multidimensional,41.346653302510575
Former skeptics,race,White / Caucasian,trust_post,41.0126010576884
Former skeptics,race,Black / African American,behavior_mean,32.1230411529541
Former skeptics,race,Black / African American,belief_post,47.95939524968465
Former skeptics,race,Black / African American,concern_mean,35.389773050944015
Former skeptics,race,Black / African American,distrust_post,39.0135367711385
Former skeptics,race,Black / African American,donation_ams,3.3026937643686933
Former skeptics,race,Black / African American,funding_perceptions,46.5177059173584
Former skeptics,race,Black / African American,inst_trust_mean,28.91870339711507
Former skeptics,race,Black / African American,newsletter_signup,0.4052819808324178
Former skeptics,race,Black / African American,policy_general,46.43289645512898
Former skeptics,race,Black / African American,policy_role_mean,48.42976729075114
Former skeptics,race,Black / African American,policy_specific_mean,39.16521469751994
Former skeptics,race,Black / African American,trust_multidimensional,42.79000759124755
Former skeptics,race,Black / African American,trust_post,42.2409693400065
Former skeptics,race,Hispanic / Latino,behavior_mean,33.35289160410564
Former skeptics,race,Hispanic / Latino,belief_post,49.23408031463623
Former skeptics,race,Hispanic / Latino,concern_mean,36.577602227528885
Former skeptics,race,Hispanic / Latino,distrust_post,39.5280122756958
Former skeptics,race,Hispanic / Latino,donation_ams,3.3609028657277418
Former skeptics,race,Hispanic / Latino,funding_perceptions,48.29282363255818
Former skeptics,race,Hispanic / Latino,inst_trust_mean,29.97759977976481
Former skeptics,race,Hispanic / Latino,newsletter_signup,0.4184540510177612
Former skeptics,race,Hispanic / Latino,policy_general,48.09755484263101
Former skeptics,race,Hispanic / Latino,policy_role_mean,50.017102559407554
Former skeptics,race,Hispanic / Latino,policy_specific_mean,40.32328128814697
Former skeptics,race,Hispanic / Latino,trust_multidimensional,44.85345284144084
Former skeptics,race,Hispanic / Latino,trust_post,42.97979275385539
Former skeptics,race,Asian / Asian American,behavior_mean,32.81280597050984
Former skeptics,race,Asian / Asian American,belief_post,48.83747895558675
Former skeptics,race,Asian / Asian American,concern_mean,35.46125888824463
Former skeptics,race,Asian / Asian American,distrust_post,40.438294410705566
Former skeptics,race,Asian / Asian American,donation_ams,3.456714948018392
Former skeptics,race,Asian / Asian American,funding_perceptions,48.627543449401855
Former skeptics,race,Asian / Asian American,inst_trust_mean,30.138452847798664
Former skeptics,race,Asian / Asian American,newsletter_signup,0.4031766255696614
Former skeptics,race,Asian / Asian American,policy_general,48.75700076421101
Former skeptics,race,Asian / Asian American,policy_role_mean,51.29663944244385
Former skeptics,race,Asian / Asian American,policy_specific_mean,41.468191146850586
Former skeptics,race,Asian / Asian American,trust_multidimensional,43.83485317230225
Former skeptics,race,Asian / Asian American,trust_post,44.01074647903442
Former skeptics,race,Other,behavior_mean,32.27449258168538
Former skeptics,race,Other,belief_post,48.84008963902791
Former skeptics,race,Other,concern_mean,35.48001050949097
Former skeptics,race,Other,distrust_post,39.67684904734294
Former skeptics,race,Other,donation_ams,3.496641715367635
Former skeptics,race,Other,funding_perceptions,48.11958471934
Former skeptics,race,Other,inst_trust_mean,29.172054926554363
Former skeptics,race,Other,newsletter_signup,0.4099051157633464
Former skeptics,race,Other,policy_general,47.71993954976399
Former skeptics,race,Other,policy_role_mean,50.71472326914469
Former skeptics,race,Other,policy_specific_mean,40.40658871332805
Former skeptics,race,Other,trust_multidimensional,44.20194228490193
Former skeptics,race,Other,trust_post,43.070363998413086
High public trust,race,White / Caucasian,behavior_mean,29.14241949717204
High public trust,race,White / Caucasian,belief_post,35.78466574350993
High public trust,race,White / Caucasian,concern_mean,36.24408642450969
High public trust,race,White / Caucasian,distrust_post,30.006929238637287
High public trust,race,White / Caucasian,donation_ams,3.601549863815308
High public trust,race,White / Caucasian,funding_perceptions,35.77573696772258
High public trust,race,White / Caucasian,inst_trust_mean,31.55156373977661
High public trust,race,White / Caucasian,newsletter_signup,0.3427228132883708
High public trust,race,White / Caucasian,policy_general,36.66305939356487
High public trust,race,White / Caucasian,policy_role_mean,34.18849309285481
High public trust,race,White / Caucasian,policy_specific_mean,36.169687906901046
High public trust,race,White / Caucasian,trust_multidimensional,35.84191004435222
High public trust,race,White / Caucasian,trust_post,36.26890182495117
High public trust,race,Black / African American,behavior_mean,30.644774436950684
High public trust,race,Black / African American,belief_post,36.38657728830974
High public trust,race,Black / African American,concern_mean,38.53379090627034
High public trust,race,Black / African American,distrust_post,30.34191131591797
High public trust,race,Black / African American,donation_ams,3.771380583445232
High public trust,race,Black / African American,funding_perceptions,36.720339457194015
High public trust,race,Black / African American,inst_trust_mean,32.8316609064738
High public trust,race,Black / African American,newsletter_signup,0.3456534544626872
High public trust,race,Black / African American,policy_general,38.36744626363118
High public trust,race,Black / African American,policy_role_mean,35.44480403264363
High public trust,race,Black / African American,policy_specific_mean,37.84339427947998
High public trust,race,Black / African American,trust_multidimensional,37.71781921386719
High public trust,race,Black / African American,trust_post,36.63621743520101
High public trust,race,Hispanic / Latino,behavior_mean,32.9754114151001
High public trust,race,Hispanic / Latino,belief_post,39.15599981943767
High public trust,race,Hispanic / Latino,concern_mean,39.38066164652507
High public trust,race,Hispanic / Latino,distrust_post,31.98523124059041
High public trust,race,Hispanic / Latino,donation_ams,3.8994526863098153
High public trust,race,Hispanic / Latino,funding_perceptions,37.97414302825928
High public trust,race,Hispanic / Latino,inst_trust_mean,34.27531719207764
High public trust,race,Hispanic / Latino,newsletter_signup,0.3656249046325683
High public trust,race,Hispanic / Latino,policy_general,39.82772032419841
High public trust,race,Hispanic / Latino,policy_role_mean,38.27957312266032
High public trust,race,Hispanic / Latino,policy_specific_mean,39.713164170583084
High public trust,race,Hispanic / Latino,trust_multidimensional,39.3421212832133
High public trust,race,Hispanic / Latino,trust_post,39.2794926961263
High public trust,race,Asian / Asian American,behavior_mean,32.61672258377075
High public trust,race,Asian / Asian American,belief_post,37.814533710479736
High public trust,race,Asian / Asian American,concern_mean,39.31180238723755
High public trust,race,Asian / Asian American,distrust_post,31.131505966186523
High public trust,race,Asian / Asian American,donation_ams,3.9182106653849287
High public trust,race,Asian / Asian American,funding_perceptions,38.24803431828816
High public trust,race,Asian / Asian American,inst_trust_mean,34.6493403116862
High public trust,race,Asian / Asian American,newsletter_signup,0.3613313833872477
High public trust,race,Asian / Asian American,policy_general,40.065141518910735
High public trust,race,Asian / Asian American,policy_role_mean,38.224220275878906
High public trust,race,Asian / Asian American,policy_specific_mean,40.188705921173096
High public trust,race,Asian / Asian American,trust_multidimensional,39.07683690388997
High public trust,race,Asian / Asian American,trust_post,38.57183456420898
High public trust,race,Other,behavior_mean,31.189767519632976
High public trust,race,Other,belief_post,37.272874514261886
High public trust,race,Other,concern_mean,38.49067687988281
High public trust,race,Other,distrust_post,30.775725841522217
High public trust,race,Other,donation_ams,3.780311346054077
High public trust,race,Other,funding_perceptions,36.639348665873214
High public trust,race,Other,inst_trust_mean,33.68411461512248
High public trust,race,Other,newsletter_signup,0.3482731978098551
High public trust,race,Other,policy_general,39.09273942311604
High public trust,race,Other,policy_role_mean,36.00504398345947
High public trust,race,Other,policy_specific_mean,38.0091389020284
High public trust,race,Other,trust_multidimensional,37.99093166987102
High public trust,race,Other,trust_post,37.32062975565593
Measurement & modeling (2),race,White / Caucasian,behavior_mean,31.72372579574585
Measurement & modeling (2),race,White / Caucasian,belief_post,39.46195443471274
Measurement & modeling (2),race,White / Caucasian,concern_mean,29.10240093866984
Measurement & modeling (2),race,White / Caucasian,distrust_post,33.15834601720174
Measurement & modeling (2),race,White / Caucasian,donation_ams,3.81718635559082
Measurement & modeling (2),race,White / Caucasian,funding_perceptions,46.04769547780354
Measurement & modeling (2),race,White / Caucasian,inst_trust_mean,24.839699268341064
Measurement & modeling (2),race,White / Caucasian,newsletter_signup,0.374904712041219
Measurement & modeling (2),race,White / Caucasian,policy_general,41.1616325378418
Measurement & modeling (2),race,White / Caucasian,policy_role_mean,43.23042631149292
Measurement & modeling (2),race,White / Caucasian,policy_specific_mean,34.68388716379802
Measurement & modeling (2),race,White / Caucasian,trust_multidimensional,39.63400522867839
Measurement & modeling (2),race,White / Caucasian,trust_post,37.911264101664216
Measurement & modeling (2),race,Black / African American,behavior_mean,33.31085840861003
Measurement & modeling (2),race,Black / African American,belief_post,40.68361123402913
Measurement & modeling (2),race,Black / African American,concern_mean,30.91278076171875
Measurement & modeling (2),race,Black / African American,distrust_post,35.27328173319499
Measurement & modeling (2),race,Black / African American,donation_ams,3.9431699117024737
Measurement & modeling (2),race,Black / African American,funding_perceptions,46.471599737803146
Measurement & modeling (2),race,Black / African American,inst_trust_mean,25.6743590037028
Measurement & modeling (2),race,Black / African American,newsletter_signup,0.3793074289957682
Measurement & modeling (2),race,Black / African American,policy_general,42.23891894022624
Measurement & modeling (2),race,Black / African American,policy_role_mean,43.38513215382893
Measurement & modeling (2),race,Black / African American,policy_specific_mean,36.37777964274089
Measurement & modeling (2),race,Black / African American,trust_multidimensional,40.28247992197673
Measurement & modeling (2),race,Black / African American,trust_post,39.89322185516357
Measurement & modeling (2),race,Hispanic / Latino,behavior_mean,35.61591307322185
Measurement & modeling (2),race,Hispanic / Latino,belief_post,41.564249992370605
Measurement & modeling (2),race,Hispanic / Latino,concern_mean,32.43039846420288
Measurement & modeling (2),race,Hispanic / Latino,distrust_post,36.892640590667725
Measurement & modeling (2),race,Hispanic / Latino,donation_ams,4.063984553019206
Measurement & modeling (2),race,Hispanic / Latino,funding_perceptions,47.97731240590413
Measurement & modeling (2),race,Hispanic / Latino,inst_trust_mean,27.176475524902344
Measurement & modeling (2),race,Hispanic / Latino,newsletter_signup,0.3939957221349079
Measurement & modeling (2),race,Hispanic / Latino,policy_general,43.589822451273605
Measurement & modeling (2),race,Hispanic / Latino,policy_role_mean,45.971818765004485
Measurement & modeling (2),race,Hispanic / Latino,policy_specific_mean,38.35268815358479
Measurement & modeling (2),race,Hispanic / Latino,trust_multidimensional,43.01148653030396
Measurement & modeling (2),race,Hispanic / Latino,trust_post,40.54700136184693
Measurement & modeling (2),race,Asian / Asian American,behavior_mean,34.75770155588786
Measurement & modeling (2),race,Asian / Asian American,belief_post,42.35037962595622
Measurement & modeling (2),race,Asian / Asian American,concern_mean,31.45101070404053
Measurement & modeling (2),race,Asian / Asian American,distrust_post,35.6556495030721
Measurement & modeling (2),race,Asian / Asian American,donation_ams,4.14525866508484
Measurement & modeling (2),race,Asian / Asian American,funding_perceptions,48.47987095514934
Measurement & modeling (2),race,Asian / Asian American,inst_trust_mean,27.897198994954422
Measurement & modeling (2),race,Asian / Asian American,newsletter_signup,0.3781298796335856
Measurement & modeling (2),race,Asian / Asian American,policy_general,44.166278839111335
Measurement & modeling (2),race,Asian / Asian American,policy_role_mean,47.20772902170816
Measurement & modeling (2),race,Asian / Asian American,policy_specific_mean,39.1209324200948
Measurement & modeling (2),race,Asian / Asian American,trust_multidimensional,41.05278650919597
Measurement & modeling (2),race,Asian / Asian American,trust_post,40.62284231185913
Measurement & modeling (2),race,Other,behavior_mean,34.04587507247925
Measurement & modeling (2),race,Other,belief_post,42.650580406188965
Measurement & modeling (2),race,Other,concern_mean,31.83906078338623
Measurement & modeling (2),race,Other,distrust_post,34.893667697906494
Measurement & modeling (2),race,Other,donation_ams,4.106307029724121
Measurement & modeling (2),race,Other,funding_perceptions,47.882219155629485
Measurement & modeling (2),race,Other,inst_trust_mean,27.499890327453613
Measurement & modeling (2),race,Other,newsletter_signup,0.3870867888132731
Measurement & modeling (2),race,Other,policy_general,44.30893262227376
Measurement & modeling (2),race,Other,policy_role_mean,46.48560682932536
Measurement & modeling (2),race,Other,policy_specific_mean,38.04498116175334
Measurement & modeling (2),race,Other,trust_multidimensional,42.213233311971024
Measurement & modeling (2),race,Other,trust_post,39.393409093221024
Peer-review,race,White / Caucasian,behavior_mean,32.95547167460124
Peer-review,race,White / Caucasian,belief_post,47.774620850880936
Peer-review,race,White / Caucasian,concern_mean,35.07574001948039
Peer-review,race,White / Caucasian,distrust_post,38.18533817927043
Peer-review,race,White / Caucasian,donation_ams,4.224698543548584
Peer-review,race,White / Caucasian,funding_perceptions,43.69583129882813
Peer-review,race,White / Caucasian,inst_trust_mean,31.540783246358234
Peer-review,race,White / Caucasian,newsletter_signup,0.4641609191894532
Peer-review,race,White / Caucasian,policy_general,45.53922017415364
Peer-review,race,White / Caucasian,policy_role_mean,43.86081298192342
Peer-review,race,White / Caucasian,policy_specific_mean,38.130736351013184
Peer-review,race,White / Caucasian,trust_multidimensional,45.16525268554688
Peer-review,race,White / Caucasian,trust_post,38.4311318397522
Peer-review,race,Black / African American,behavior_mean,36.06847127278645
Peer-review,race,Black / African American,belief_post,49.41791296005248
Peer-review,race,Black / African American,concern_mean,38.268156846364334
Peer-review,race,Black / African American,distrust_post,41.151611010233566
Peer-review,race,Black / African American,donation_ams,4.556999206542968
Peer-review,race,Black / African American,funding_perceptions,45.80180247624715
Peer-review,race,Black / African American,inst_trust_mean,33.72443517049153
Peer-review,race,Black / African American,newsletter_signup,0.4806725184122721
Peer-review,race,Black / African American,policy_general,47.24689324696858
Peer-review,race,Black / African American,policy_role_mean,46.39853239059448
Peer-review,race,Black / African American,policy_specific_mean,40.97392956415813
Peer-review,race,Black / African American,trust_multidimensional,47.29766845703125
Peer-review,race,Black / African American,trust_post,41.29021167755127
Peer-review,race,Hispanic / Latino,behavior_mean,38.10339371363322
Peer-review,race,Hispanic / Latino,belief_post,51.07264518737793
Peer-review,race,Hispanic / Latino,concern_mean,40.179403622945145
Peer-review,race,Hispanic / Latino,distrust_post,41.84142748514812
Peer-review,race,Hispanic / Latino,donation_ams,4.63961680730184
Peer-review,race,Hispanic / Latino,funding_perceptions,47.838560740153
Peer-review,race,Hispanic / Latino,inst_trust_mean,35.46400864919026
Peer-review,race,Hispanic / Latino,newsletter_signup,0.500236431757609
Peer-review,race,Hispanic / Latino,policy_general,49.7111201286316
Peer-review,race,Hispanic / Latino,policy_role_mean,48.28654130299887
Peer-review,race,Hispanic / Latino,policy_specific_mean,43.24310620625813
Peer-review,race,Hispanic / Latino,trust_multidimensional,49.30237134297688
Peer-review,race,Hispanic / Latino,trust_post,42.91425546010335
Peer-review,race,Asian / Asian American,behavior_mean,37.50551541646321
Peer-review,race,Asian / Asian American,belief_post,50.8285919825236
Peer-review,race,Asian / Asian American,concern_mean,40.134572982788086
Peer-review,race,Asian / Asian American,distrust_post,42.16812451680501
Peer-review,race,Asian / Asian American,donation_ams,4.663782517115275
Peer-review,race,Asian / Asian American,funding_perceptions,47.46314684549968
Peer-review,race,Asian / Asian American,inst_trust_mean,36.2510363260905
Peer-review,race,Asian / Asian American,newsletter_signup,0.4895869493484496
Peer-review,race,Asian / Asian American,policy_general,50.3238836924235
Peer-review,race,Asian / Asian American,policy_role_mean,48.751624425252274
Peer-review,race,Asian / Asian American,policy_specific_mean,44.117991129557296
Peer-review,race,Asian / Asian American,trust_multidimensional,48.2124924659729
Peer-review,race,Asian / Asian American,trust_post,43.209699789683015
Peer-review,race,Other,behavior_mean,36.987360318501786
Peer-review,race,Other,belief_post,52.05618540445963
Peer-review,race,Other,concern_mean,39.6971623102824
Peer-review,race,Other,distrust_post,42.266845703125
Peer-review,race,Other,donation_ams,4.741576910018922
Peer-review,race,Other,funding_perceptions,47.69996802012126
Peer-review,race,Other,inst_trust_mean,35.75337330500285
Peer-review,race,Other,newsletter_signup,0.4893749952316284
Peer-review,race,Other,policy_general,50.61912536621094
Peer-review,race,Other,policy_role_mean,48.5016147295634
Peer-review,race,Other,policy_specific_mean,43.11904509862264
Peer-review,race,Other,trust_multidimensional,48.545821507771805
Peer-review,race,Other,trust_post,42.51224597295125
Scientist community helpers,race,White / Caucasian,behavior_mean,22.81765937805175
Scientist community helpers,race,White / Caucasian,belief_post,33.501005172729485
Scientist community helpers,race,White / Caucasian,concern_mean,23.173034191131592
Scientist community helpers,race,White / Caucasian,distrust_post,27.793820699056
Scientist community helpers,race,White / Caucasian,donation_ams,2.907261848449707
Scientist community helpers,race,White / Caucasian,funding_perceptions,32.06431070963542
Scientist community helpers,race,White / Caucasian,inst_trust_mean,18.22831630706787
Scientist community helpers,race,White / Caucasian,newsletter_signup,0.3795101642608642
Scientist community helpers,race,White / Caucasian,policy_general,33.95477930704753
Scientist community helpers,race,White / Caucasian,policy_role_mean,31.80425961812337
Scientist community helpers,race,White / Caucasian,policy_specific_mean,28.002087275187176
Scientist community helpers,race,White / Caucasian,trust_multidimensional,31.199042002360027
Scientist community helpers,race,White / Caucasian,trust_post,24.87270832061768
Scientist community helpers,race,Black / African American,behavior_mean,27.28416919708252
Scientist community helpers,race,Black / African American,belief_post,36.644156773885086
Scientist community helpers,race,Black / African American,concern_mean,27.477614084879548
Scientist community helpers,race,Black / African American,distrust_post,33.164099852244064
Scientist community helpers,race,Black / African American,donation_ams,3.164164225260417
Scientist community helpers,race,Black / African American,funding_perceptions,36.17955843607585
Scientist community helpers,race,Black / African American,inst_trust_mean,22.59143988291422
Scientist community helpers,race,Black / African American,newsletter_signup,0.4066231648127238
Scientist community helpers,race,Black / African American,policy_general,38.382164637247726
Scientist community helpers,race,Black / African American,policy_role_mean,34.72111225128174
Scientist community helpers,race,Black / African American,policy_specific_mean,32.44696855545044
Scientist community helpers,race,Black / African American,trust_multidimensional,34.31046009063721
Scientist community helpers,race,Black / African American,trust_post,29.02521292368571
Scientist community helpers,race,Hispanic / Latino,behavior_mean,29.80116605758667
Scientist community helpers,race,Hispanic / Latino,belief_post,39.617300033569336
Scientist community helpers,race,Hispanic / Latino,concern_mean,29.192662239074707
Scientist community helpers,race,Hispanic / Latino,distrust_post,33.90616575876872
Scientist community helpers,race,Hispanic / Latino,donation_ams,3.289121786753337
Scientist community helpers,race,Hispanic / Latino,funding_perceptions,37.818940480550125
Scientist community helpers,race,Hispanic / Latino,inst_trust_mean,24.036403497060142
Scientist community helpers,race,Hispanic / Latino,newsletter_signup,0.4268269538879394
Scientist community helpers,race,Hispanic / Latino,policy_general,39.72190221150716
Scientist community helpers,race,Hispanic / Latino,policy_role_mean,37.97249794006348
Scientist community helpers,race,Hispanic / Latino,policy_specific_mean,34.66172615687053
Scientist community helpers,race,Hispanic / Latino,trust_multidimensional,36.39144500096639
Scientist community helpers,race,Hispanic / Latino,trust_post,30.63950538635254
Scientist community helpers,race,Asian / Asian American,behavior_mean,27.58797804514566
Scientist community helpers,race,Asian / Asian American,belief_post,36.37199401855468
Scientist community helpers,race,Asian / Asian American,concern_mean,27.63857444127401
Scientist community helpers,race,Asian / Asian American,distrust_post,31.842883427937817
Scientist community helpers,race,Asian / Asian American,donation_ams,3.2062168916066485
Scientist community helpers,race,Asian / Asian American,funding_perceptions,36.5390419960022
Scientist community helpers,race,Asian / Asian American,inst_trust_mean,22.58071502049764
Scientist community helpers,race,Asian / Asian American,newsletter_signup,0.3987653652826945
Scientist community helpers,race,Asian / Asian American,policy_general,37.87636756896973
Scientist community helpers,race,Asian / Asian American,policy_role_mean,36.4276647567749
Scientist community helpers,race,Asian / Asian American,policy_specific_mean,33.8994820912679
Scientist community helpers,race,Asian / Asian American,trust_multidimensional,33.642590045928955
Scientist community helpers,race,Asian / Asian American,trust_post,28.79507939020793
Scientist community helpers,race,Other,behavior_mean,27.03700065612793
Scientist community helpers,race,Other,belief_post,37.80264457066853
Scientist community helpers,race,Other,concern_mean,27.23344167073568
Scientist community helpers,race,Other,distrust_post,31.49069945017497
Scientist community helpers,race,Other,donation_ams,3.339289824167888
Scientist community helpers,race,Other,funding_perceptions,35.51505009333293
Scientist community helpers,race,Other,inst_trust_mean,21.607820192972817
Scientist community helpers,race,Other,newsletter_signup,0.3951977888743083
Scientist community helpers,race,Other,policy_general,37.68313725789388
Scientist community helpers,race,Other,policy_role_mean,35.762691497802734
Scientist community helpers,race,Other,policy_specific_mean,33.05551608403523
Scientist community helpers,race,Other,trust_multidimensional,34.47279930114747
Scientist community helpers,race,Other,trust_post,28.76892487208049
Consensus,race,White / Caucasian,behavior_mean,38.2749875386556
Consensus,race,White / Caucasian,belief_post,32.50303268432617
Consensus,race,White / Caucasian,concern_mean,34.774116675059005
Consensus,race,White / Caucasian,distrust_post,29.56215540568034
Consensus,race,White / Caucasian,donation_ams,4.06831701596578
Consensus,race,White / Caucasian,funding_perceptions,35.94503005345662
Consensus,race,White / Caucasian,inst_trust_mean,30.325575669606536
Consensus,race,White / Caucasian,newsletter_signup,0.3841312726338704
Consensus,race,White / Caucasian,policy_general,38.90065352121989
Consensus,race,White / Caucasian,policy_role_mean,35.60708363850911
Consensus,race,White / Caucasian,policy_specific_mean,39.49199914932251
Consensus,race,White / Caucasian,trust_multidimensional,37.07313537597656
Consensus,race,White / Caucasian,trust_post,35.87733904520671
Consensus,race,Black / African American,behavior_mean,39.70758120218913
Consensus,race,Black / African American,belief_post,33.06265672047934
Consensus,race,Black / African American,concern_mean,36.63807312647502
Consensus,race,Black / African American,distrust_post,30.63257535298665
Consensus,race,Black / African American,donation_ams,4.058969418207805
Consensus,race,Black / African American,funding_perceptions,37.12468147277832
Consensus,race,Black / African American,inst_trust_mean,31.60550991694133
Consensus,race,Black / African American,newsletter_signup,0.3987509409586589
Consensus,race,Black / African American,policy_general,40.678465366363525
Consensus,race,Black / African American,policy_role_mean,36.85184319814047
Consensus,race,Black / African American,policy_specific_mean,41.3468877474467
Consensus,race,Black / African American,trust_multidimensional,38.36667537689209
Consensus,race,Black / African American,trust_post,36.71760559082031
Consensus,race,Hispanic / Latino,behavior_mean,42.14495817820232
Consensus,race,Hispanic / Latino,belief_post,36.20177904764812
Consensus,race,Hispanic / Latino,concern_mean,38.10877799987793
Consensus,race,Hispanic / Latino,distrust_post,32.586264610290534
Consensus,race,Hispanic / Latino,donation_ams,4.235685269037882
Consensus,race,Hispanic / Latino,funding_perceptions,39.55363432566325
Consensus,race,Hispanic / Latino,inst_trust_mean,33.42069784800212
Consensus,race,Hispanic / Latino,newsletter_signup,0.4156705935796101
Consensus,race,Hispanic / Latino,policy_general,42.71282752354939
Consensus,race,Hispanic / Latino,policy_role_mean,39.72155650456746
Consensus,race,Hispanic / Latino,policy_specific_mean,43.59701474507649
Consensus,race,Hispanic / Latino,trust_multidimensional,40.5712366104126
Consensus,race,Hispanic / Latino,trust_post,39.38224315643311
Consensus,race,Asian / Asian American,behavior_mean,42.1250859896342
Consensus,race,Asian / Asian American,belief_post,34.14366245269775
Consensus,race,Asian / Asian American,concern_mean,37.74464925130208
Consensus,race,Asian / Asian American,distrust_post,32.27429389953613
Consensus,race,Asian / Asian American,donation_ams,4.228554566701253
Consensus,race,Asian / Asian American,funding_perceptions,38.793154557545975
Consensus,race,Asian / Asian American,inst_trust_mean,34.0733806292216
Consensus,race,Asian / Asian American,newsletter_signup,0.4043698708216349
Consensus,race,Asian / Asian American,policy_general,41.727546850840255
Consensus,race,Asian / Asian American,policy_role_mean,39.667391777038574
Consensus,race,Asian / Asian American,policy_specific_mean,43.7522570292155
Consensus,race,Asian / Asian American,trust_multidimensional,39.91349538167317
Consensus,race,Asian / Asian American,trust_post,38.975636164347335
Consensus,race,Other,behavior_mean,41.63415829340617
Consensus,race,Other,belief_post,34.40587520599365
Consensus,race,Other,concern_mean,37.94300556182861
Consensus,race,Other,distrust_post,32.01306660970052
Consensus,race,Other,donation_ams,4.312906662623088
Consensus,race,Other,funding_perceptions,37.89294560750327
Consensus,race,Other,inst_trust_mean,33.17781289418538
Consensus,race,Other,newsletter_signup,0.3935519059499104
Consensus,race,Other,policy_general,41.82271162668864
Consensus,race,Other,policy_role_mean,38.70411316553752
Consensus,race,Other,policy_specific_mean,42.61397520701091
Consensus,race,Other,trust_multidimensional,39.84365065892537
Consensus,race,Other,trust_post,38.788624604543045
Portrait Prof. Cherry,race,White / Caucasian,behavior_mean,32.72169828414917
Portrait Prof. Cherry,race,White / Caucasian,belief_post,47.141285737355545
Portrait Prof. Cherry,race,White / Caucasian,concern_mean,33.505018552144364
Portrait Prof. Cherry,race,White / Caucasian,distrust_post,43.312950929005936
Portrait Prof. Cherry,race,White / Caucasian,donation_ams,3.581087191899617
Portrait Prof. Cherry,race,White / Caucasian,funding_perceptions,46.04915777842203
Portrait Prof. Cherry,race,White / Caucasian,inst_trust_mean,24.35290813446045
Portrait Prof. Cherry,race,White / Caucasian,newsletter_signup,0.4777255455652873
Portrait Prof. Cherry,race,White / Caucasian,policy_general,45.44792970021567
Portrait Prof. Cherry,race,White / Caucasian,policy_role_mean,49.9663233757019
Portrait Prof. Cherry,race,White / Caucasian,policy_specific_mean,36.84429725011189
Portrait Prof. Cherry,race,White / Caucasian,trust_multidimensional,50.59818426767985
Portrait Prof. Cherry,race,White / Caucasian,trust_post,41.533128420511886
Portrait Prof. Cherry,race,Black / African American,behavior_mean,34.9950114885966
Portrait Prof. Cherry,race,Black / African American,belief_post,47.96663125356038
Portrait Prof. Cherry,race,Black / African American,concern_mean,36.84024810791016
Portrait Prof. Cherry,race,Black / African American,distrust_post,44.69223817189534
Portrait Prof. Cherry,race,Black / African American,donation_ams,3.8027469317118334
Portrait Prof. Cherry,race,Black / African American,funding_perceptions,48.525408903757736
Portrait Prof. Cherry,race,Black / African American,inst_trust_mean,26.123746236165363
Portrait Prof. Cherry,race,Black / African American,newsletter_signup,0.4825754960378012
Portrait Prof. Cherry,race,Black / African American,policy_general,46.30954662958781
Portrait Prof. Cherry,race,Black / African American,policy_role_mean,50.70218245188395
Portrait Prof. Cherry,race,Black / African American,policy_specific_mean,39.487576484680176
Portrait Prof. Cherry,race,Black / African American,trust_multidimensional,51.74325307210287
Portrait Prof. Cherry,race,Black / African American,trust_post,42.93107191721599
Portrait Prof. Cherry,race,Hispanic / Latino,behavior_mean,37.279415130615234
Portrait Prof. Cherry,race,Hispanic / Latino,belief_post,49.96607303619385
Portrait Prof. Cherry,race,Hispanic / Latino,concern_mean,38.39609622955322
Portrait Prof. Cherry,race,Hispanic / Latino,distrust_post,46.44853274027507
Portrait Prof. Cherry,race,Hispanic / Latino,donation_ams,3.959116935729981
Portrait Prof. Cherry,race,Hispanic / Latino,funding_perceptions,51.09752813975016
Portrait Prof. Cherry,race,Hispanic / Latino,inst_trust_mean,28.087298075358078
Portrait Prof. Cherry,race,Hispanic / Latino,newsletter_signup,0.495316982269287
Portrait Prof. Cherry,race,Hispanic / Latino,policy_general,49.22178586324056
Portrait Prof. Cherry,race,Hispanic / Latino,policy_role_mean,53.97168795267741
Portrait Prof. Cherry,race,Hispanic / Latino,policy_specific_mean,41.90269311269124
Portrait Prof. Cherry,race,Hispanic / Latino,trust_multidimensional,54.07163302103678
Portrait Prof. Cherry,race,Hispanic / Latino,trust_post,45.2994426091512
Portrait Prof. Cherry,race,Asian / Asian American,behavior_mean,36.7211898167928
Portrait Prof. Cherry,race,Asian / Asian American,belief_post,50.41120847066244
Portrait Prof. Cherry,race,Asian / Asian American,concern_mean,38.05357217788696
Portrait Prof. Cherry,race,Asian / Asian American,distrust_post,46.66709899902344
Portrait Prof. Cherry,race,Asian / Asian American,donation_ams,4.008939663569133
Portrait Prof. Cherry,race,Asian / Asian American,funding_perceptions,50.34349759419761
Portrait Prof. Cherry,race,Asian / Asian American,inst_trust_mean,28.414177894592285
Portrait Prof. Cherry,race,Asian / Asian American,newsletter_signup,0.4916458924611409
Portrait Prof. Cherry,race,Asian / Asian American,policy_general,49.71106847127278
Portrait Prof. Cherry,race,Asian / Asian American,policy_role_mean,54.482523600260414
Portrait Prof. Cherry,race,Asian / Asian American,policy_specific_mean,42.527755101521805
Portrait Prof. Cherry,race,Asian / Asian American,trust_multidimensional,52.92609532674154
Portrait Prof. Cherry,race,Asian / Asian American,trust_post,45.19640604654949
Portrait Prof. Cherry,race,Other,behavior_mean,35.912450154622405
Portrait Prof. Cherry,race,Other,belief_post,50.51724910736084
Portrait Prof. Cherry,race,Other,concern_mean,36.30598783493042
Portrait Prof. Cherry,race,Other,distrust_post,46.44261201222737
Portrait Prof. Cherry,race,Other,donation_ams,4.01697834332784
Portrait Prof. Cherry,race,Other,funding_perceptions,49.81936613718669
Portrait Prof. Cherry,race,Other,inst_trust_mean,26.652463277181
Portrait Prof. Cherry,race,Other,newsletter_signup,0.4898468255996706
Portrait Prof. Cherry,race,Other,policy_general,48.38089148203533
Portrait Prof. Cherry,race,Other,policy_role_mean,53.06170781453451
Portrait Prof. Cherry,race,Other,policy_specific_mean,40.83444277445476
Portrait Prof. Cherry,race,Other,trust_multidimensional,52.779905001322426
Portrait Prof. Cherry,race,Other,trust_post,44.71705754597981
Model accuracy,race,White / Caucasian,behavior_mean,36.08438571294148
Model accuracy,race,White / Caucasian,belief_post,47.8495995203654
Model accuracy,race,White / Caucasian,concern_mean,34.547944863637284
Model accuracy,race,White / Caucasian,distrust_post,33.281493186950684
Model accuracy,race,White / Caucasian,donation_ams,4.24115816752116
Model accuracy,race,White / Caucasian,funding_perceptions,50.420522689819336
Model accuracy,race,White / Caucasian,inst_trust_mean,30.16754388809204
Model accuracy,race,White / Caucasian,newsletter_signup,0.4740225871404012
Model accuracy,race,White / Caucasian,policy_general,45.38966417312621
Model accuracy,race,White / Caucasian,policy_role_mean,49.2259701093038
Model accuracy,race,White / Caucasian,policy_specific_mean,42.78664191563924
Model accuracy,race,White / Caucasian,trust_multidimensional,40.1698112487793
Model accuracy,race,White / Caucasian,trust_post,38.81683349609375
Model accuracy,race,Black / African American,behavior_mean,39.2508864402771
Model accuracy,race,Black / African American,belief_post,48.77767562866212
Model accuracy,race,Black / African American,concern_mean,38.1356159845988
Model accuracy,race,Black / African American,distrust_post,35.381444295247405
Model accuracy,race,Black / African American,donation_ams,4.313440322875977
Model accuracy,race,Black / African American,funding_perceptions,51.58926645914713
Model accuracy,race,Black / African American,inst_trust_mean,31.81300163269043
Model accuracy,race,Black / African American,newsletter_signup,0.4746841589609782
Model accuracy,race,Black / African American,policy_general,47.32473293940227
Model accuracy,race,Black / African American,policy_role_mean,50.942420959472656
Model accuracy,race,Black / African American,policy_specific_mean,45.20862102508545
Model accuracy,race,Black / African American,trust_multidimensional,41.106466452280685
Model accuracy,race,Black / African American,trust_post,41.20897849400838
Model accuracy,race,Hispanic / Latino,behavior_mean,41.34842554728191
Model accuracy,race,Hispanic / Latino,belief_post,50.80907344818115
Model accuracy,race,Hispanic / Latino,concern_mean,39.3094023068746
Model accuracy,race,Hispanic / Latino,distrust_post,36.8303378423055
Model accuracy,race,Hispanic / Latino,donation_ams,4.445987542470296
Model accuracy,race,Hispanic / Latino,funding_perceptions,53.772362073262535
Model accuracy,race,Hispanic / Latino,inst_trust_mean,33.665649096171066
Model accuracy,race,Hispanic / Latino,newsletter_signup,0.4947925806045532
Model accuracy,race,Hispanic / Latino,policy_general,49.58353837331136
Model accuracy,race,Hispanic / Latino,policy_role_mean,52.787208557128906
Model accuracy,race,Hispanic / Latino,policy_specific_mean,46.91564639409383
Model accuracy,race,Hispanic / Latino,trust_multidimensional,43.55651934941609
Model accuracy,race,Hispanic / Latino,trust_post,43.39599212010701
Model accuracy,race,Asian / Asian American,behavior_mean,40.38118918736775
Model accuracy,race,Asian / Asian American,belief_post,49.63734944661458
Model accuracy,race,Asian / Asian American,concern_mean,37.85781462987264
Model accuracy,race,Asian / Asian American,distrust_post,35.799340407053634
Model accuracy,race,Asian / Asian American,donation_ams,4.392261505126953
Model accuracy,race,Asian / Asian American,funding_perceptions,52.91637579600016
Model accuracy,race,Asian / Asian American,inst_trust_mean,33.35893551508586
Model accuracy,race,Asian / Asian American,newsletter_signup,0.485778530438741
Model accuracy,race,Asian / Asian American,policy_general,48.84894291559856
Model accuracy,race,Asian / Asian American,policy_role_mean,52.45930353800456
Model accuracy,race,Asian / Asian American,policy_specific_mean,46.99827035268147
Model accuracy,race,Asian / Asian American,trust_multidimensional,41.80014928181967
Model accuracy,race,Asian / Asian American,trust_post,42.65499909718831
Model accuracy,race,Other,behavior_mean,40.06081024805705
Model accuracy,race,Other,belief_post,50.0640869140625
Model accuracy,race,Other,concern_mean,38.453761736551925
Model accuracy,race,Other,distrust_post,36.52395407358806
Model accuracy,race,Other,donation_ams,4.5723191897074384
Model accuracy,race,Other,funding_perceptions,53.54607899983724
Model accuracy,race,Other,inst_trust_mean,33.2058310508728
Model accuracy,race,Other,newsletter_signup,0.4826041062672934
Model accuracy,race,Other,policy_general,50.07530848185221
Model accuracy,race,Other,policy_role_mean,52.93376445770264
Model accuracy,race,Other,policy_specific_mean,46.72221342722575
Model accuracy,race,Other,trust_multidimensional,42.25329558054607
Model accuracy,race,Other,trust_post,43.23294162750244
Interview Prof. Sebille,race,White / Caucasian,behavior_mean,28.09757391611735
Interview Prof. Sebille,race,White / Caucasian,belief_post,46.07125123341878
Interview Prof. Sebille,race,White / Caucasian,concern_mean,33.731913566589355
Interview Prof. Sebille,race,White / Caucasian,distrust_post,35.806894302368164
Interview Prof. Sebille,race,White / Caucasian,donation_ams,3.937566677729288
Interview Prof. Sebille,race,White / Caucasian,funding_perceptions,43.69087219238281
Interview Prof. Sebille,race,White / Caucasian,inst_trust_mean,22.16426134109497
Interview Prof. Sebille,race,White / Caucasian,newsletter_signup,0.4399939378102619
Interview Prof. Sebille,race,White / Caucasian,policy_general,43.67955128351848
Interview Prof. Sebille,race,White / Caucasian,policy_role_mean,43.2594617207845
Interview Prof. Sebille,race,White / Caucasian,policy_specific_mean,36.57482465108235
Interview Prof. Sebille,race,White / Caucasian,trust_multidimensional,38.486603895823166
Interview Prof. Sebille,race,White / Caucasian,trust_post,34.75917180379231
Interview Prof. Sebille,race,Black / African American,behavior_mean,31.376012166341145
Interview Prof. Sebille,race,Black / African American,belief_post,49.79816675186157
Interview Prof. Sebille,race,Black / African American,concern_mean,37.13638782501221
Interview Prof. Sebille,race,Black / African American,distrust_post,37.93712854385376
Interview Prof. Sebille,race,Black / African American,donation_ams,4.257040818532308
Interview Prof. Sebille,race,Black / African American,funding_perceptions,46.08337879180908
Interview Prof. Sebille,race,Black / African American,inst_trust_mean,24.779808521270752
Interview Prof. Sebille,race,Black / African American,newsletter_signup,0.4552023013432821
Interview Prof. Sebille,race,Black / African American,policy_general,46.24731540679932
Interview Prof. Sebille,race,Black / African American,policy_role_mean,45.2322006225586
Interview Prof. Sebille,race,Black / African American,policy_specific_mean,40.01370271046956
Interview Prof. Sebille,race,Black / African American,trust_multidimensional,39.74212010701497
Interview Prof. Sebille,race,Black / African American,trust_post,37.40678628285725
Interview Prof. Sebille,race,Hispanic / Latino,behavior_mean,33.99664958318074
Interview Prof. Sebille,race,Hispanic / Latino,belief_post,50.98620255788168
Interview Prof. Sebille,race,Hispanic / Latino,concern_mean,38.50579261779785
Interview Prof. Sebille,race,Hispanic / Latino,distrust_post,39.021893342336014
Interview Prof. Sebille,race,Hispanic / Latino,donation_ams,4.36901330947876
Interview Prof. Sebille,race,Hispanic / Latino,funding_perceptions,48.04821014404297
Interview Prof. Sebille,race,Hispanic / Latino,inst_trust_mean,26.86698039372761
Interview Prof. Sebille,race,Hispanic / Latino,newsletter_signup,0.478531002998352
Interview Prof. Sebille,race,Hispanic / Latino,policy_general,48.15348784128825
Interview Prof. Sebille,race,Hispanic / Latino,policy_role_mean,47.739517688751214
Interview Prof. Sebille,race,Hispanic / Latino,policy_specific_mean,42.36347675323486
Interview Prof. Sebille,race,Hispanic / Latino,trust_multidimensional,42.3030932744344
Interview Prof. Sebille,race,Hispanic / Latino,trust_post,39.51789538065593
Interview Prof. Sebille,race,Asian / Asian American,behavior_mean,32.1427583694458
Interview Prof. Sebille,race,Asian / Asian American,belief_post,50.21557807922363
Interview Prof. Sebille,race,Asian / Asian American,concern_mean,36.85670693715413
Interview Prof. Sebille,race,Asian / Asian American,distrust_post,38.91401290893555
Interview Prof. Sebille,race,Asian / Asian American,donation_ams,4.400145212809245
Interview Prof. Sebille,race,Asian / Asian American,funding_perceptions,47.64002561569213
Interview Prof. Sebille,race,Asian / Asian American,inst_trust_mean,26.37134393056233
Interview Prof. Sebille,race,Asian / Asian American,newsletter_signup,0.4664222399393719
Interview Prof. Sebille,race,Asian / Asian American,policy_general,47.55671819051106
Interview Prof. Sebille,race,Asian / Asian American,policy_role_mean,48.2982595761617
Interview Prof. Sebille,race,Asian / Asian American,policy_specific_mean,42.14757680892944
Interview Prof. Sebille,race,Asian / Asian American,trust_multidimensional,41.031861305236816
Interview Prof. Sebille,race,Asian / Asian American,trust_post,38.987704118092864
Interview Prof. Sebille,race,Other,behavior_mean,33.32231839497884
Interview Prof. Sebille,race,Other,belief_post,51.534366607666016
Interview Prof. Sebille,race,Other,concern_mean,37.214473883310944
Interview Prof. Sebille,race,Other,distrust_post,39.18401002883911
Interview Prof. Sebille,race,Other,donation_ams,4.480099280675253
Interview Prof. Sebille,race,Other,funding_perceptions,47.010747591654464
Interview Prof. Sebille,race,Other,inst_trust_mean,25.10715325673421
Interview Prof. Sebille,race,Other,newsletter_signup,0.4709196090698241
Interview Prof. Sebille,race,Other,policy_general,48.22234312693279
Interview Prof. Sebille,race,Other,policy_role_mean,47.28689193725587
Interview Prof. Sebille,race,Other,policy_specific_mean,42.11026032765706
Interview Prof. Sebille,race,Other,trust_multidimensional,41.17164214452107
Interview Prof. Sebille,race,Other,trust_post,38.26281229654949
Extreme weather predictions,race,White / Caucasian,behavior_mean,24.03825124104817
Extreme weather predictions,race,White / Caucasian,belief_post,33.55158964792888
Extreme weather predictions,race,White / Caucasian,concern_mean,25.680406888326008
Extreme weather predictions,race,White / Caucasian,distrust_post,26.08296473821004
Extreme weather predictions,race,White / Caucasian,donation_ams,3.396346966425578
Extreme weather predictions,race,White / Caucasian,funding_perceptions,33.87323617935181
Extreme weather predictions,race,White / Caucasian,inst_trust_mean,16.909448305765796
Extreme weather predictions,race,White / Caucasian,newsletter_signup,0.4430698156356811
Extreme weather predictions,race,White / Caucasian,policy_general,36.34130160013835
Extreme weather predictions,race,White / Caucasian,policy_role_mean,30.18834590911865
Extreme weather predictions,race,White / Caucasian,policy_specific_mean,26.37850046157837
Extreme weather predictions,race,White / Caucasian,trust_multidimensional,32.29665358861287
Extreme weather predictions,race,White / Caucasian,trust_post,30.41904369990031
Extreme weather predictions,race,Black / African American,behavior_mean,25.30500888824463
Extreme weather predictions,race,Black / African American,belief_post,33.79971981048584
Extreme weather predictions,race,Black / African American,concern_mean,28.814077377319336
Extreme weather predictions,race,Black / African American,distrust_post,26.452406247456867
Extreme weather predictions,race,Black / African American,donation_ams,3.5390369097391767
Extreme weather predictions,race,Black / African American,funding_perceptions,35.28052568435669
Extreme weather predictions,race,Black / African American,inst_trust_mean,17.657713095347084
Extreme weather predictions,race,Black / African American,newsletter_signup,0.4543721675872803
Extreme weather predictions,race,Black / African American,policy_general,36.643071969350174
Extreme weather predictions,race,Black / African American,policy_role_mean,31.204946835835774
Extreme weather predictions,race,Black / African American,policy_specific_mean,27.9177983601888
Extreme weather predictions,race,Black / African American,trust_multidimensional,33.4395448366801
Extreme weather predictions,race,Black / African American,trust_post,30.94818592071533
Extreme weather predictions,race,Hispanic / Latino,behavior_mean,27.4338165918986
Extreme weather predictions,race,Hispanic / Latino,belief_post,35.908949375152595
Extreme weather predictions,race,Hispanic / Latino,concern_mean,29.706533749898277
Extreme weather predictions,race,Hispanic / Latino,distrust_post,27.68434683481853
Extreme weather predictions,race,Hispanic / Latino,donation_ams,3.636021216710408
Extreme weather predictions,race,Hispanic / Latino,funding_perceptions,37.08468278249104
Extreme weather predictions,race,Hispanic / Latino,inst_trust_mean,19.073553880055748
Extreme weather predictions,race,Hispanic / Latino,newsletter_signup,0.4701209465662638
Extreme weather predictions,race,Hispanic / Latino,policy_general,38.95711898803711
Extreme weather predictions,race,Hispanic / Latino,policy_role_mean,33.69576930999755
Extreme weather predictions,race,Hispanic / Latino,policy_specific_mean,29.873816172281902
Extreme weather predictions,race,Hispanic / Latino,trust_multidimensional,35.21919250488281
Extreme weather predictions,race,Hispanic / Latino,trust_post,32.67083565394084
Extreme weather predictions,race,Asian / Asian American,behavior_mean,28.11347643534341
Extreme weather predictions,race,Asian / Asian American,belief_post,35.89154879252115
Extreme weather predictions,race,Asian / Asian American,concern_mean,29.561126232147217
Extreme weather predictions,race,Asian / Asian American,distrust_post,28.203848997751876
Extreme weather predictions,race,Asian / Asian American,donation_ams,3.745338916778565
Extreme weather predictions,race,Asian / Asian American,funding_perceptions,37.20699151357015
Extreme weather predictions,race,Asian / Asian American,inst_trust_mean,19.73619063695272
Extreme weather predictions,race,Asian / Asian American,newsletter_signup,0.4654348691304524
Extreme weather predictions,race,Asian / Asian American,policy_general,39.88213539123535
Extreme weather predictions,race,Asian / Asian American,policy_role_mean,34.26542679468791
Extreme weather predictions,race,Asian / Asian American,policy_specific_mean,30.681618054707844
Extreme weather predictions,race,Asian / Asian American,trust_multidimensional,34.80867942174275
Extreme weather predictions,race,Asian / Asian American,trust_post,33.25018485387166
Extreme weather predictions,race,Other,behavior_mean,26.292224725087483
Extreme weather predictions,race,Other,belief_post,35.294417540232345
Extreme weather predictions,race,Other,concern_mean,27.89897123972575
Extreme weather predictions,race,Other,distrust_post,27.36790974934895
Extreme weather predictions,race,Other,donation_ams,3.7744708855946856
Extreme weather predictions,race,Other,funding_perceptions,36.19507948557535
Extreme weather predictions,race,Other,inst_trust_mean,17.50361124674479
Extreme weather predictions,race,Other,newsletter_signup,0.4526471296946208
Extreme weather predictions,race,Other,policy_general,38.81738980611165
Extreme weather predictions,race,Other,policy_role_mean,31.94352388381958
Extreme weather predictions,race,Other,policy_specific_mean,28.873197237650555
Extreme weather predictions,race,Other,trust_multidimensional,33.95947217941284
Extreme weather predictions,race,Other,trust_post,31.25672737757365
control,education,Less than high school,behavior_mean,47.3430871963501
control,education,Less than high school,belief_post,52.58591175079346
control,education,Less than high school,concern_mean,45.25792598724365
control,education,Less than high school,distrust_post,47.25268681844075
control,education,Less than high school,donation_ams,5.083811283111572
control,education,Less than high school,funding_perceptions,54.38669522603353
control,education,Less than high school,inst_trust_mean,40.19612868626912
control,education,Less than high school,newsletter_signup,0.4902551174163818
control,education,Less than high school,policy_general,50.76483090718588
control,education,Less than high school,policy_role_mean,53.00135612487793
control,education,Less than high school,policy_specific_mean,49.93488788604736
control,education,Less than high school,trust_multidimensional,54.01155153910319
control,education,Less than high school,trust_post,46.98051611582439
control,education,High school diploma / GED,behavior_mean,46.556123097737625
control,education,High school diploma / GED,belief_post,52.53505706787109
control,education,High school diploma / GED,concern_mean,43.63117218017578
control,education,High school diploma / GED,distrust_post,45.71184714635213
control,education,High school diploma / GED,donation_ams,4.908840656280519
control,education,High school diploma / GED,funding_perceptions,54.24559116363525
control,education,High school diploma / GED,inst_trust_mean,38.60258261362712
control,education,High school diploma / GED,newsletter_signup,0.4821428457895915
control,education,High school diploma / GED,policy_general,50.18963019053141
control,education,High school diploma / GED,policy_role_mean,53.02812258402506
control,education,High school diploma / GED,policy_specific_mean,48.73470465342203
control,education,High school diploma / GED,trust_multidimensional,52.24210421244303
control,education,High school diploma / GED,trust_post,46.060315767924
control,education,Some college or Associate's degree,behavior_mean,47.04604546229044
control,education,Some college or Associate's degree,belief_post,53.03208033243815
control,education,Some college or Associate's degree,concern_mean,43.73845259348552
control,education,Some college or Associate's degree,distrust_post,45.89402278264363
control,education,Some college or Associate's degree,donation_ams,4.948426882425944
control,education,Some college or Associate's degree,funding_perceptions,53.39686075846354
control,education,Some college or Associate's degree,inst_trust_mean,39.3044392267863
control,education,Some college or Associate's degree,newsletter_signup,0.4873245557149251
control,education,Some college or Associate's degree,policy_general,50.91366767883301
control,education,Some college or Associate's degree,policy_role_mean,53.60278288523356
control,education,Some college or Associate's degree,policy_specific_mean,49.20114676157634
control,education,Some college or Associate's degree,trust_multidimensional,52.519710858662926
control,education,Some college or Associate's degree,trust_post,46.86919848124187
control,education,Bachelor's degree,behavior_mean,46.41239643096922
control,education,Bachelor's degree,belief_post,52.42999394734701
control,education,Bachelor's degree,concern_mean,43.37133169174194
control,education,Bachelor's degree,distrust_post,45.1069434483846
control,education,Bachelor's degree,donation_ams,4.926926294962565
control,education,Bachelor's degree,funding_perceptions,52.584616343180336
control,education,Bachelor's degree,inst_trust_mean,39.18752272923787
control,education,Bachelor's degree,newsletter_signup,0.4779003858566284
control,education,Bachelor's degree,policy_general,50.56017239888509
control,education,Bachelor's degree,policy_role_mean,53.366454442342125
control,education,Bachelor's degree,policy_specific_mean,49.06555414199829
control,education,Bachelor's degree,trust_multidimensional,51.6175111134847
control,education,Bachelor's degree,trust_post,46.519434452056885
control,education,Master's degree / Professional degree,behavior_mean,46.21402422587077
control,education,Master's degree / Professional degree,belief_post,52.73737112681071
control,education,Master's degree / Professional degree,concern_mean,43.531743685404464
control,education,Master's degree / Professional degree,distrust_post,45.38434346516927
control,education,Master's degree / Professional degree,donation_ams,4.924709796905519
control,education,Master's degree / Professional degree,funding_perceptions,52.709499994913735
control,education,Master's degree / Professional degree,inst_trust_mean,39.43711121877034
control,education,Master's degree / Professional degree,newsletter_signup,0.4834297100702922
control,education,Master's degree / Professional degree,policy_general,50.85000197092692
control,education,Master's degree / Professional degree,policy_role_mean,54.46615219116211
control,education,Master's degree / Professional degree,policy_specific_mean,49.63175455729167
control,education,Master's degree / Professional degree,trust_multidimensional,51.189025243123375
control,education,Master's degree / Professional degree,trust_post,47.184880574544266
control,education,Doctorate degree / Ph.D.,behavior_mean,48.64354928334555
control,education,Doctorate degree / Ph.D.,belief_post,52.20912297566732
control,education,Doctorate degree / Ph.D.,concern_mean,46.08330329259236
control,education,Doctorate degree / Ph.D.,distrust_post,46.58325513203938
control,education,Doctorate degree / Ph.D.,donation_ams,5.049065748850504
control,education,Doctorate degree / Ph.D.,funding_perceptions,54.115899403889976
control,education,Doctorate degree / Ph.D.,inst_trust_mean,43.41278870900472
control,education,Doctorate degree / Ph.D.,newsletter_signup,0.4846649964650472
control,education,Doctorate degree / Ph.D.,policy_general,51.695688565572105
control,education,Doctorate degree / Ph.D.,policy_role_mean,54.136292139689125
control,education,Doctorate degree / Ph.D.,policy_specific_mean,51.19675795237223
control,education,Doctorate degree / Ph.D.,trust_multidimensional,51.9840399424235
control,education,Doctorate degree / Ph.D.,trust_post,48.43740860621135
Corporate reliance,education,Less than high school,behavior_mean,26.158841451009117
Corporate reliance,education,Less than high school,belief_post,32.14546839396159
Corporate reliance,education,Less than high school,concern_mean,31.85516993204753
Corporate reliance,education,Less than high school,distrust_post,27.51545508702596
Corporate reliance,education,Less than high school,donation_ams,3.2478686173756914
Corporate reliance,education,Less than high school,funding_perceptions,35.14632383982341
Corporate reliance,education,Less than high school,inst_trust_mean,24.810433387756348
Corporate reliance,education,Less than high school,newsletter_signup,0.4444722334543864
Corporate reliance,education,Less than high school,policy_general,31.59260352452596
Corporate reliance,education,Less than high school,policy_role_mean,32.178370157877595
Corporate reliance,education,Less than high school,policy_specific_mean,33.561134338378906
Corporate reliance,education,Less than high school,trust_multidimensional,34.47672923405965
Corporate reliance,education,Less than high school,trust_post,31.43167495727539
Corporate reliance,education,High school diploma / GED,behavior_mean,24.56232706705729
Corporate reliance,education,High school diploma / GED,belief_post,29.790977636973064
Corporate reliance,education,High school diploma / GED,concern_mean,29.74286476771037
Corporate reliance,education,High school diploma / GED,distrust_post,25.04256169001261
Corporate reliance,education,High school diploma / GED,donation_ams,3.028001387914021
Corporate reliance,education,High school diploma / GED,funding_perceptions,32.676005363464355
Corporate reliance,education,High school diploma / GED,inst_trust_mean,23.333164056142174
Corporate reliance,education,High school diploma / GED,newsletter_signup,0.4367112318674723
Corporate reliance,education,High school diploma / GED,policy_general,30.178566773732506
Corporate reliance,education,High school diploma / GED,policy_role_mean,30.237265427907307
Corporate reliance,education,High school diploma / GED,policy_specific_mean,31.331562995910645
Corporate reliance,education,High school diploma / GED,trust_multidimensional,31.95025126139323
Corporate reliance,education,High school diploma / GED,trust_post,30.58351675669353
Corporate reliance,education,Some college or Associate's degree,behavior_mean,23.774258295694985
Corporate reliance,education,Some college or Associate's degree,belief_post,28.92229159673055
Corporate reliance,education,Some college or Associate's degree,concern_mean,28.40983867645264
Corporate reliance,education,Some college or Associate's degree,distrust_post,24.508869647979736
Corporate reliance,education,Some college or Associate's degree,donation_ams,3.1488577524820967
Corporate reliance,education,Some college or Associate's degree,funding_perceptions,31.61988655726115
Corporate reliance,education,Some college or Associate's degree,inst_trust_mean,23.18944136301676
Corporate reliance,education,Some college or Associate's degree,newsletter_signup,0.4262581666310628
Corporate reliance,education,Some college or Associate's degree,policy_general,30.123921235402417
Corporate reliance,education,Some college or Associate's degree,policy_role_mean,29.35064633687337
Corporate reliance,education,Some college or Associate's degree,policy_specific_mean,31.149931748708088
Corporate reliance,education,Some college or Associate's degree,trust_multidimensional,30.79373041788737
Corporate reliance,education,Some college or Associate's degree,trust_post,29.820791880289715
Corporate reliance,education,Bachelor's degree,behavior_mean,23.17688465118408
Corporate reliance,education,Bachelor's degree,belief_post,27.50169038772583
Corporate reliance,education,Bachelor's degree,concern_mean,27.51262982686361
Corporate reliance,education,Bachelor's degree,distrust_post,23.95281394322713
Corporate reliance,education,Bachelor's degree,donation_ams,3.09109886487325
Corporate reliance,education,Bachelor's degree,funding_perceptions,30.561335881551106
Corporate reliance,education,Bachelor's degree,inst_trust_mean,22.106893857320152
Corporate reliance,education,Bachelor's degree,newsletter_signup,0.4157092968622843
Corporate reliance,education,Bachelor's degree,policy_general,30.28137683868408
Corporate reliance,education,Bachelor's degree,policy_role_mean,28.575261433919263
Corporate reliance,education,Bachelor's degree,policy_specific_mean,30.86929718653361
Corporate reliance,education,Bachelor's degree,trust_multidimensional,29.81691360473633
Corporate reliance,education,Bachelor's degree,trust_post,28.15200090408325
Corporate reliance,education,Master's degree / Professional degree,behavior_mean,22.99567858378092
Corporate reliance,education,Master's degree / Professional degree,belief_post,25.47638018925985
Corporate reliance,education,Master's degree / Professional degree,concern_mean,26.252798239390064
Corporate reliance,education,Master's degree / Professional degree,distrust_post,22.5032925605774
Corporate reliance,education,Master's degree / Professional degree,donation_ams,2.9814163843790693
Corporate reliance,education,Master's degree / Professional degree,funding_perceptions,30.1921288172404
Corporate reliance,education,Master's degree / Professional degree,inst_trust_mean,21.82463010152181
Corporate reliance,education,Master's degree / Professional degree,newsletter_signup,0.409064253171285
Corporate reliance,education,Master's degree / Professional degree,policy_general,29.560351371765137
Corporate reliance,education,Master's degree / Professional degree,policy_role_mean,27.59199937184652
Corporate reliance,education,Master's degree / Professional degree,policy_specific_mean,30.48928181330363
Corporate reliance,education,Master's degree / Professional degree,trust_multidimensional,28.233202298482254
Corporate reliance,education,Master's degree / Professional degree,trust_post,27.170554796854663
Corporate reliance,education,Doctorate degree / Ph.D.,behavior_mean,24.30039644241333
Corporate reliance,education,Doctorate degree / Ph.D.,belief_post,24.570894241333008
Corporate reliance,education,Doctorate degree / Ph.D.,concern_mean,26.342713832855218
Corporate reliance,education,Doctorate degree / Ph.D.,distrust_post,24.76895252863567
Corporate reliance,education,Doctorate degree / Ph.D.,donation_ams,3.1047483285268145
Corporate reliance,education,Doctorate degree / Ph.D.,funding_perceptions,32.1909745534261
Corporate reliance,education,Doctorate degree / Ph.D.,inst_trust_mean,23.403803507486977
Corporate reliance,education,Doctorate degree / Ph.D.,newsletter_signup,0.4107831319173177
Corporate reliance,education,Doctorate degree / Ph.D.,policy_general,30.7692011197408
Corporate reliance,education,Doctorate degree / Ph.D.,policy_role_mean,28.085772196451824
Corporate reliance,education,Doctorate degree / Ph.D.,policy_specific_mean,32.346276442209884
Corporate reliance,education,Doctorate degree / Ph.D.,trust_multidimensional,29.43832874298096
Corporate reliance,education,Doctorate degree / Ph.D.,trust_post,27.1220604578654
Social justice,education,Less than high school,behavior_mean,25.665775934855144
Social justice,education,Less than high school,belief_post,39.01552359263103
Social justice,education,Less than high school,concern_mean,32.186102867126465
Social justice,education,Less than high school,distrust_post,32.02224175135295
Social justice,education,Less than high school,donation_ams,3.565915822982788
Social justice,education,Less than high school,funding_perceptions,37.20669746398926
Social justice,education,Less than high school,inst_trust_mean,17.656890551249184
Social justice,education,Less than high school,newsletter_signup,0.390015165011088
Social justice,education,Less than high school,policy_general,36.23766501744588
Social justice,education,Less than high school,policy_role_mean,30.56712547938029
Social justice,education,Less than high school,policy_specific_mean,32.496631145477295
Social justice,education,Less than high school,trust_multidimensional,35.57627201080322
Social justice,education,Less than high school,trust_post,32.79443184534709
Social justice,education,High school diploma / GED,behavior_mean,24.60977633794149
Social justice,education,High school diploma / GED,belief_post,37.51288255055746
Social justice,education,High school diploma / GED,concern_mean,30.52632411321004
Social justice,education,High school diploma / GED,distrust_post,29.058631261189777
Social justice,education,High school diploma / GED,donation_ams,3.270370960235596
Social justice,education,High school diploma / GED,funding_perceptions,34.835676352183015
Social justice,education,High school diploma / GED,inst_trust_mean,16.60932501157125
Social justice,education,High school diploma / GED,newsletter_signup,0.3767430782318115
Social justice,education,High school diploma / GED,policy_general,35.12929677963257
Social justice,education,High school diploma / GED,policy_role_mean,29.70743576685588
Social justice,education,High school diploma / GED,policy_specific_mean,31.070303916931152
Social justice,education,High school diploma / GED,trust_multidimensional,32.6330582300822
Social justice,education,High school diploma / GED,trust_post,31.14473025004069
Social justice,education,Some college or Associate's degree,behavior_mean,23.765460650126137
Social justice,education,Some college or Associate's degree,belief_post,37.74929841359456
Social justice,education,Some college or Associate's degree,concern_mean,29.36156988143921
Social justice,education,Some college or Associate's degree,distrust_post,28.550052642822266
Social justice,education,Some college or Associate's degree,donation_ams,3.26825777689616
Social justice,education,Some college or Associate's degree,funding_perceptions,34.11129713058472
Social justice,education,Some college or Associate's degree,inst_trust_mean,16.89699093500773
Social justice,education,Some college or Associate's degree,newsletter_signup,0.3715212345123291
Social justice,education,Some college or Associate's degree,policy_general,35.56612730026245
Social justice,education,Some college or Associate's degree,policy_role_mean,29.0849765141805
Social justice,education,Some college or Associate's degree,policy_specific_mean,31.07455571492513
Social justice,education,Some college or Associate's degree,trust_multidimensional,32.07269906997681
Social justice,education,Some college or Associate's degree,trust_post,31.06435537338257
Social justice,education,Bachelor's degree,behavior_mean,23.31594228744507
Social justice,education,Bachelor's degree,belief_post,37.2122883796692
Social justice,education,Bachelor's degree,concern_mean,28.95546754201253
Social justice,education,Bachelor's degree,distrust_post,27.657965819040932
Social justice,education,Bachelor's degree,donation_ams,3.270036379496257
Social justice,education,Bachelor's degree,funding_perceptions,33.08804829915364
Social justice,education,Bachelor's degree,inst_trust_mean,16.00619157155355
Social justice,education,Bachelor's degree,newsletter_signup,0.3650831778844197
Social justice,education,Bachelor's degree,policy_general,35.77922979990642
Social justice,education,Bachelor's degree,policy_role_mean,28.644339243570965
Social justice,education,Bachelor's degree,policy_specific_mean,30.97391923268636
Social justice,education,Bachelor's degree,trust_multidimensional,31.123689810434968
Social justice,education,Bachelor's degree,trust_post,30.232572555541992
Social justice,education,Master's degree / Professional degree,behavior_mean,22.76427745819092
Social justice,education,Master's degree / Professional degree,belief_post,35.827525456746415
Social justice,education,Master's degree / Professional degree,concern_mean,28.27330032984416
Social justice,education,Master's degree / Professional degree,distrust_post,26.643172899882
Social justice,education,Master's degree / Professional degree,donation_ams,3.2356063524882
Social justice,education,Master's degree / Professional degree,funding_perceptions,32.470011711120605
Social justice,education,Master's degree / Professional degree,inst_trust_mean,15.917789936065674
Social justice,education,Master's degree / Professional degree,newsletter_signup,0.3581427733103434
Social justice,education,Master's degree / Professional degree,policy_general,35.00248591105144
Social justice,education,Master's degree / Professional degree,policy_role_mean,28.22676499684652
Social justice,education,Master's degree / Professional degree,policy_specific_mean,30.732297897338867
Social justice,education,Master's degree / Professional degree,trust_multidimensional,30.18043835957845
Social justice,education,Master's degree / Professional degree,trust_post,30.320195357004803
Social justice,education,Doctorate degree / Ph.D.,behavior_mean,23.93531799316407
Social justice,education,Doctorate degree / Ph.D.,belief_post,37.01993227005005
Social justice,education,Doctorate degree / Ph.D.,concern_mean,28.77171436945597
Social justice,education,Doctorate degree / Ph.D.,distrust_post,29.002046585083008
Social justice,education,Doctorate degree / Ph.D.,donation_ams,3.446199893951416
Social justice,education,Doctorate degree / Ph.D.,funding_perceptions,34.741083780924484
Social justice,education,Doctorate degree / Ph.D.,inst_trust_mean,18.0752714474996
Social justice,education,Doctorate degree / Ph.D.,newsletter_signup,0.3686131238937378
Social justice,education,Doctorate degree / Ph.D.,policy_general,35.96994082132976
Social justice,education,Doctorate degree / Ph.D.,policy_role_mean,29.237163066864014
Social justice,education,Doctorate degree / Ph.D.,policy_specific_mean,32.878975073496505
Social justice,education,Doctorate degree / Ph.D.,trust_multidimensional,31.881701946258545
Social justice,education,Doctorate degree / Ph.D.,trust_post,32.43267138799031
Interview Prof. Maraun,education,Less than high school,behavior_mean,30.92828591664633
Interview Prof. Maraun,education,Less than high school,belief_post,47.66713380813599
Interview Prof. Maraun,education,Less than high school,concern_mean,34.596319993337005
Interview Prof. Maraun,education,Less than high school,distrust_post,38.62887620925903
Interview Prof. Maraun,education,Less than high school,donation_ams,4.516958793004353
Interview Prof. Maraun,education,Less than high school,funding_perceptions,51.06477737426758
Interview Prof. Maraun,education,Less than high school,inst_trust_mean,26.427169640858967
Interview Prof. Maraun,education,Less than high school,newsletter_signup,0.5133273601531982
Interview Prof. Maraun,education,Less than high school,policy_general,45.54731051127117
Interview Prof. Maraun,education,Less than high school,policy_role_mean,50.70476531982422
Interview Prof. Maraun,education,Less than high school,policy_specific_mean,39.26386833190918
Interview Prof. Maraun,education,Less than high school,trust_multidimensional,45.2303409576416
Interview Prof. Maraun,education,Less than high school,trust_post,38.500257333119706
Interview Prof. Maraun,education,High school diploma / GED,behavior_mean,29.240870475769043
Interview Prof. Maraun,education,High school diploma / GED,belief_post,46.41745885213216
Interview Prof. Maraun,education,High school diploma / GED,concern_mean,33.880821863810226
Interview Prof. Maraun,education,High school diploma / GED,distrust_post,36.33804321289062
Interview Prof. Maraun,education,High school diploma / GED,donation_ams,4.089540640513103
Interview Prof. Maraun,education,High school diploma / GED,funding_perceptions,48.784104983011886
Interview Prof. Maraun,education,High school diploma / GED,inst_trust_mean,25.27585426966349
Interview Prof. Maraun,education,High school diploma / GED,newsletter_signup,0.5136893590291342
Interview Prof. Maraun,education,High school diploma / GED,policy_general,44.02107000350952
Interview Prof. Maraun,education,High school diploma / GED,policy_role_mean,48.97495905558269
Interview Prof. Maraun,education,High school diploma / GED,policy_specific_mean,37.01361020406087
Interview Prof. Maraun,education,High school diploma / GED,trust_multidimensional,41.96035861968994
Interview Prof. Maraun,education,High school diploma / GED,trust_post,37.724506855010986
Interview Prof. Maraun,education,Some college or Associate's degree,behavior_mean,28.450278441111248
Interview Prof. Maraun,education,Some college or Associate's degree,belief_post,46.26568953196208
Interview Prof. Maraun,education,Some college or Associate's degree,concern_mean,32.94033209482829
Interview Prof. Maraun,education,Some college or Associate's degree,distrust_post,36.74824237823486
Interview Prof. Maraun,education,Some college or Associate's degree,donation_ams,4.031042655309041
Interview Prof. Maraun,education,Some college or Associate's degree,funding_perceptions,47.4131425221761
Interview Prof. Maraun,education,Some college or Associate's degree,inst_trust_mean,24.996558825174965
Interview Prof. Maraun,education,Some college or Associate's degree,newsletter_signup,0.5033283233642578
Interview Prof. Maraun,education,Some college or Associate's degree,policy_general,43.898797035217285
Interview Prof. Maraun,education,Some college or Associate's degree,policy_role_mean,48.95816644032796
Interview Prof. Maraun,education,Some college or Associate's degree,policy_specific_mean,36.70186996459962
Interview Prof. Maraun,education,Some college or Associate's degree,trust_multidimensional,41.04790290196736
Interview Prof. Maraun,education,Some college or Associate's degree,trust_post,38.49213520685832
Interview Prof. Maraun,education,Bachelor's degree,behavior_mean,27.913451194763184
Interview Prof. Maraun,education,Bachelor's degree,belief_post,45.38397391637166
Interview Prof. Maraun,education,Bachelor's degree,concern_mean,32.447679837544754
Interview Prof. Maraun,education,Bachelor's degree,distrust_post,35.84935267766316
Interview Prof. Maraun,education,Bachelor's degree,donation_ams,4.038816690444947
Interview Prof. Maraun,education,Bachelor's degree,funding_perceptions,46.1723526318868
Interview Prof. Maraun,education,Bachelor's degree,inst_trust_mean,24.145563443501796
Interview Prof. Maraun,education,Bachelor's degree,newsletter_signup,0.4912049372990927
Interview Prof. Maraun,education,Bachelor's degree,policy_general,43.74211231867473
Interview Prof. Maraun,education,Bachelor's degree,policy_role_mean,47.89590438206989
Interview Prof. Maraun,education,Bachelor's degree,policy_specific_mean,36.45412127176921
Interview Prof. Maraun,education,Bachelor's degree,trust_multidimensional,39.55412705739339
Interview Prof. Maraun,education,Bachelor's degree,trust_post,37.97262509663899
Interview Prof. Maraun,education,Master's degree / Professional degree,behavior_mean,28.509199619293213
Interview Prof. Maraun,education,Master's degree / Professional degree,belief_post,45.2181617418925
Interview Prof. Maraun,education,Master's degree / Professional degree,concern_mean,32.66225655873616
Interview Prof. Maraun,education,Master's degree / Professional degree,distrust_post,36.92558606465657
Interview Prof. Maraun,education,Master's degree / Professional degree,donation_ams,4.0710171063741045
Interview Prof. Maraun,education,Master's degree / Professional degree,funding_perceptions,46.28426233927408
Interview Prof. Maraun,education,Master's degree / Professional degree,inst_trust_mean,24.391543865203857
Interview Prof. Maraun,education,Master's degree / Professional degree,newsletter_signup,0.4895610411961873
Interview Prof. Maraun,education,Master's degree / Professional degree,policy_general,43.921613693237305
Interview Prof. Maraun,education,Master's degree / Professional degree,policy_role_mean,48.51059913635253
Interview Prof. Maraun,education,Master's degree / Professional degree,policy_specific_mean,37.05631891886394
Interview Prof. Maraun,education,Master's degree / Professional degree,trust_multidimensional,38.93347183863322
Interview Prof. Maraun,education,Master's degree / Professional degree,trust_post,39.56481615702312
Interview Prof. Maraun,education,Doctorate degree / Ph.D.,behavior_mean,29.666634400685627
Interview Prof. Maraun,education,Doctorate degree / Ph.D.,belief_post,45.71812947591147
Interview Prof. Maraun,education,Doctorate degree / Ph.D.,concern_mean,33.164310455322266
Interview Prof. Maraun,education,Doctorate degree / Ph.D.,distrust_post,40.203042825063065
Interview Prof. Maraun,education,Doctorate degree / Ph.D.,donation_ams,4.30174748102824
Interview Prof. Maraun,education,Doctorate degree / Ph.D.,funding_perceptions,48.20090134938559
Interview Prof. Maraun,education,Doctorate degree / Ph.D.,inst_trust_mean,26.654505729675293
Interview Prof. Maraun,education,Doctorate degree / Ph.D.,newsletter_signup,0.4800036748250325
Interview Prof. Maraun,education,Doctorate degree / Ph.D.,policy_general,44.2371924718221
Interview Prof. Maraun,education,Doctorate degree / Ph.D.,policy_role_mean,50.61971346537272
Interview Prof. Maraun,education,Doctorate degree / Ph.D.,policy_specific_mean,38.53491147359213
Interview Prof. Maraun,education,Doctorate degree / Ph.D.,trust_multidimensional,39.84644015630087
Interview Prof. Maraun,education,Doctorate degree / Ph.D.,trust_post,42.79759724934896
Funding,education,Less than high school,behavior_mean,39.20780817667644
Funding,education,Less than high school,belief_post,39.11397854487102
Funding,education,Less than high school,concern_mean,39.81698751449585
Funding,education,Less than high school,distrust_post,37.182354927063
Funding,education,Less than high school,donation_ams,3.44243844350179
Funding,education,Less than high school,funding_perceptions,36.42665545145671
Funding,education,Less than high school,inst_trust_mean,36.66526079177856
Funding,education,Less than high school,newsletter_signup,0.391057014465332
Funding,education,Less than high school,policy_general,40.63262939453125
Funding,education,Less than high school,policy_role_mean,44.30392583211263
Funding,education,Less than high school,policy_specific_mean,42.7761991818746
Funding,education,Less than high school,trust_multidimensional,41.79065227508545
Funding,education,Less than high school,trust_post,40.34207661946614
Funding,education,High school diploma / GED,behavior_mean,38.487279415130615
Funding,education,High school diploma / GED,belief_post,37.8774642944336
Funding,education,High school diploma / GED,concern_mean,39.3258015314738
Funding,education,High school diploma / GED,distrust_post,35.18646955490112
Funding,education,High school diploma / GED,donation_ams,3.417865037918091
Funding,education,High school diploma / GED,funding_perceptions,35.376862684885666
Funding,education,High school diploma / GED,inst_trust_mean,35.900827248891204
Funding,education,High school diploma / GED,newsletter_signup,0.3840487003326416
Funding,education,High school diploma / GED,policy_general,39.959021409352616
Funding,education,High school diploma / GED,policy_role_mean,42.81596342722575
Funding,education,High school diploma / GED,policy_specific_mean,41.86451435089111
Funding,education,High school diploma / GED,trust_multidimensional,40.32275676727295
Funding,education,High school diploma / GED,trust_post,39.8826281229655
Funding,education,Some college or Associate's degree,behavior_mean,38.42206001281738
Funding,education,Some college or Associate's degree,belief_post,36.89823150634766
Funding,education,Some college or Associate's degree,concern_mean,38.97576729456584
Funding,education,Some college or Associate's degree,distrust_post,34.906987349192306
Funding,education,Some college or Associate's degree,donation_ams,3.49700133005778
Funding,education,Some college or Associate's degree,funding_perceptions,35.28975645701091
Funding,education,Some college or Associate's degree,inst_trust_mean,35.62987645467122
Funding,education,Some college or Associate's degree,newsletter_signup,0.3777362902959187
Funding,education,Some college or Associate's degree,policy_general,39.68886931737264
Funding,education,Some college or Associate's degree,policy_role_mean,41.941233476003006
Funding,education,Some college or Associate's degree,policy_specific_mean,41.53844118118287
Funding,education,Some college or Associate's degree,trust_multidimensional,39.5559310913086
Funding,education,Some college or Associate's degree,trust_post,39.920250574747726
Funding,education,Bachelor's degree,behavior_mean,37.74628639221192
Funding,education,Bachelor's degree,belief_post,35.68545579910278
Funding,education,Bachelor's degree,concern_mean,37.898874282836914
Funding,education,Bachelor's degree,distrust_post,34.47364171346028
Funding,education,Bachelor's degree,donation_ams,3.483951489130656
Funding,education,Bachelor's degree,funding_perceptions,34.72067515055339
Funding,education,Bachelor's degree,inst_trust_mean,34.8849097887675
Funding,education,Bachelor's degree,newsletter_signup,0.3697463274002075
Funding,education,Bachelor's degree,policy_general,39.2024040222168
Funding,education,Bachelor's degree,policy_role_mean,40.90939362843831
Funding,education,Bachelor's degree,policy_specific_mean,40.8489465713501
Funding,education,Bachelor's degree,trust_multidimensional,38.27742735544841
Funding,education,Bachelor's degree,trust_post,39.18837706247966
Funding,education,Master's degree / Professional degree,behavior_mean,38.021790981292725
Funding,education,Master's degree / Professional degree,belief_post,35.11697053909302
Funding,education,Master's degree / Professional degree,concern_mean,38.14243475596111
Funding,education,Master's degree / Professional degree,distrust_post,34.09879207611084
Funding,education,Master's degree / Professional degree,donation_ams,3.5357610384623213
Funding,education,Master's degree / Professional degree,funding_perceptions,35.26725769042968
Funding,education,Master's degree / Professional degree,inst_trust_mean,35.167837142944336
Funding,education,Master's degree / Professional degree,newsletter_signup,0.3682545820871989
Funding,education,Master's degree / Professional degree,policy_general,39.64766263961792
Funding,education,Master's degree / Professional degree,policy_role_mean,40.62719345092773
Funding,education,Master's degree / Professional degree,policy_specific_mean,40.98696708679199
Funding,education,Master's degree / Professional degree,trust_multidimensional,37.76802619298299
Funding,education,Master's degree / Professional degree,trust_post,39.2837127049764
Funding,education,Doctorate degree / Ph.D.,behavior_mean,37.79870669047038
Funding,education,Doctorate degree / Ph.D.,belief_post,32.33090241750081
Funding,education,Doctorate degree / Ph.D.,concern_mean,36.54255469640096
Funding,education,Doctorate degree / Ph.D.,distrust_post,32.292989889780685
Funding,education,Doctorate degree / Ph.D.,donation_ams,3.525876998901367
Funding,education,Doctorate degree / Ph.D.,funding_perceptions,35.11866728464763
Funding,education,Doctorate degree / Ph.D.,inst_trust_mean,34.421706199646
Funding,education,Doctorate degree / Ph.D.,newsletter_signup,0.3611094951629638
Funding,education,Doctorate degree / Ph.D.,policy_general,39.1909917195638
Funding,education,Doctorate degree / Ph.D.,policy_role_mean,39.35129642486573
Funding,education,Doctorate degree / Ph.D.,policy_specific_mean,40.37909507751465
Funding,education,Doctorate degree / Ph.D.,trust_multidimensional,35.27216911315918
Funding,education,Doctorate degree / Ph.D.,trust_post,37.64931360880534
Oil industry misinformation,education,Less than high school,behavior_mean,39.24130598704021
Oil industry misinformation,education,Less than high school,belief_post,38.698597749074295
Oil industry misinformation,education,Less than high school,concern_mean,40.48818747202556
Oil industry misinformation,education,Less than high school,distrust_post,32.32458035151164
Oil industry misinformation,education,Less than high school,donation_ams,3.752710024515788
Oil industry misinformation,education,Less than high school,funding_perceptions,44.05811230341594
Oil industry misinformation,education,Less than high school,inst_trust_mean,34.63183641433715
Oil industry misinformation,education,Less than high school,newsletter_signup,0.4324592351913452
Oil industry misinformation,education,Less than high school,policy_general,42.59937604268392
Oil industry misinformation,education,Less than high school,policy_role_mean,40.214522679646805
Oil industry misinformation,education,Less than high school,policy_specific_mean,40.42344490687053
Oil industry misinformation,education,Less than high school,trust_multidimensional,39.45416609446208
Oil industry misinformation,education,Less than high school,trust_post,39.8032029469808
Oil industry misinformation,education,High school diploma / GED,behavior_mean,35.52524248758952
Oil industry misinformation,education,High school diploma / GED,belief_post,35.34754912058513
Oil industry misinformation,education,High school diploma / GED,concern_mean,36.969852447509766
Oil industry misinformation,education,High school diploma / GED,distrust_post,29.27085558573405
Oil industry misinformation,education,High school diploma / GED,donation_ams,3.412417968114217
Oil industry misinformation,education,High school diploma / GED,funding_perceptions,40.46870072682698
Oil industry misinformation,education,High school diploma / GED,inst_trust_mean,31.40087127685547
Oil industry misinformation,education,High school diploma / GED,newsletter_signup,0.4155174096425374
Oil industry misinformation,education,High school diploma / GED,policy_general,39.47827021280925
Oil industry misinformation,education,High school diploma / GED,policy_role_mean,36.54194275538127
Oil industry misinformation,education,High school diploma / GED,policy_specific_mean,36.15442117055257
Oil industry misinformation,education,High school diploma / GED,trust_multidimensional,34.782743453979485
Oil industry misinformation,education,High school diploma / GED,trust_post,37.22469806671142
Oil industry misinformation,education,Some college or Associate's degree,behavior_mean,34.36113595962524
Oil industry misinformation,education,Some college or Associate's degree,belief_post,34.69976981480916
Oil industry misinformation,education,Some college or Associate's degree,concern_mean,35.67178249359131
Oil industry misinformation,education,Some college or Associate's degree,distrust_post,28.622742493947342
Oil industry misinformation,education,Some college or Associate's degree,donation_ams,3.395873705546061
Oil industry misinformation,education,Some college or Associate's degree,funding_perceptions,38.71668179829915
Oil industry misinformation,education,Some college or Associate's degree,inst_trust_mean,30.755738417307537
Oil industry misinformation,education,Some college or Associate's degree,newsletter_signup,0.412743846575419
Oil industry misinformation,education,Some college or Associate's degree,policy_general,38.67086569468181
Oil industry misinformation,education,Some college or Associate's degree,policy_role_mean,35.04278262456258
Oil industry misinformation,education,Some college or Associate's degree,policy_specific_mean,35.17274856567383
Oil industry misinformation,education,Some college or Associate's degree,trust_multidimensional,33.3643913269043
Oil industry misinformation,education,Some college or Associate's degree,trust_post,37.125929196675614
Oil industry misinformation,education,Bachelor's degree,behavior_mean,33.62788359324138
Oil industry misinformation,education,Bachelor's degree,belief_post,33.38140646616618
Oil industry misinformation,education,Bachelor's degree,concern_mean,34.20979181925455
Oil industry misinformation,education,Bachelor's degree,distrust_post,27.59881019592285
Oil industry misinformation,education,Bachelor's degree,donation_ams,3.278247912724814
Oil industry misinformation,education,Bachelor's degree,funding_perceptions,37.28129863739014
Oil industry misinformation,education,Bachelor's degree,inst_trust_mean,29.146313667297363
Oil industry misinformation,education,Bachelor's degree,newsletter_signup,0.3997588157653808
Oil industry misinformation,education,Bachelor's degree,policy_general,38.06653022766113
Oil industry misinformation,education,Bachelor's degree,policy_role_mean,33.4771712621053
Oil industry misinformation,education,Bachelor's degree,policy_specific_mean,34.31564172108968
Oil industry misinformation,education,Bachelor's degree,trust_multidimensional,31.875713666280102
Oil industry misinformation,education,Bachelor's degree,trust_post,35.798613230387375
Oil industry misinformation,education,Master's degree / Professional degree,behavior_mean,33.953956762949616
Oil industry misinformation,education,Master's degree / Professional degree,belief_post,32.97080993652344
Oil industry misinformation,education,Master's degree / Professional degree,concern_mean,33.65706602732341
Oil industry misinformation,education,Master's degree / Professional degree,distrust_post,27.9776692390442
Oil industry misinformation,education,Master's degree / Professional degree,donation_ams,3.214810291926067
Oil industry misinformation,education,Master's degree / Professional degree,funding_perceptions,36.99683348337808
Oil industry misinformation,education,Master's degree / Professional degree,inst_trust_mean,29.33973471323648
Oil industry misinformation,education,Master's degree / Professional degree,newsletter_signup,0.4027957916259766
Oil industry misinformation,education,Master's degree / Professional degree,policy_general,37.55038976669312
Oil industry misinformation,education,Master's degree / Professional degree,policy_role_mean,33.203911781311035
Oil industry misinformation,education,Master's degree / Professional degree,policy_specific_mean,34.30363734563191
Oil industry misinformation,education,Master's degree / Professional degree,trust_multidimensional,30.56573867797852
Oil industry misinformation,education,Master's degree / Professional degree,trust_post,35.614669322967536
Oil industry misinformation,education,Doctorate degree / Ph.D.,behavior_mean,36.6993268330892
Oil industry misinformation,education,Doctorate degree / Ph.D.,belief_post,33.65953365961711
Oil industry misinformation,education,Doctorate degree / Ph.D.,concern_mean,34.35641924540202
Oil industry misinformation,education,Doctorate degree / Ph.D.,distrust_post,30.902504920959476
Oil industry misinformation,education,Doctorate degree / Ph.D.,donation_ams,3.319020271301269
Oil industry misinformation,education,Doctorate degree / Ph.D.,funding_perceptions,39.04520273208618
Oil industry misinformation,education,Doctorate degree / Ph.D.,inst_trust_mean,31.14953835805257
Oil industry misinformation,education,Doctorate degree / Ph.D.,newsletter_signup,0.4078700145085653
Oil industry misinformation,education,Doctorate degree / Ph.D.,policy_general,38.44027121861775
Oil industry misinformation,education,Doctorate degree / Ph.D.,policy_role_mean,34.368058045705155
Oil industry misinformation,education,Doctorate degree / Ph.D.,policy_specific_mean,36.968259016672775
Oil industry misinformation,education,Doctorate degree / Ph.D.,trust_multidimensional,31.388982137044263
Oil industry misinformation,education,Doctorate degree / Ph.D.,trust_post,36.9518518447876
Measurement & modeling (1),education,Less than high school,behavior_mean,31.62399927775065
Measurement & modeling (1),education,Less than high school,belief_post,37.08718617757161
Measurement & modeling (1),education,Less than high school,concern_mean,26.461660861969
Measurement & modeling (1),education,Less than high school,distrust_post,32.016170024871826
Measurement & modeling (1),education,Less than high school,donation_ams,4.556941986083985
Measurement & modeling (1),education,Less than high school,funding_perceptions,45.46130498250325
Measurement & modeling (1),education,Less than high school,inst_trust_mean,18.0158297220866
Measurement & modeling (1),education,Less than high school,newsletter_signup,0.3679550091425578
Measurement & modeling (1),education,Less than high school,policy_general,40.21868705749512
Measurement & modeling (1),education,Less than high school,policy_role_mean,42.723075548807785
Measurement & modeling (1),education,Less than high school,policy_specific_mean,33.178162574768066
Measurement & modeling (1),education,Less than high school,trust_multidimensional,38.78859678904216
Measurement & modeling (1),education,Less than high school,trust_post,35.34512917200725
Measurement & modeling (1),education,High school diploma / GED,behavior_mean,28.66216500600179
Measurement & modeling (1),education,High school diploma / GED,belief_post,35.98230679829915
Measurement & modeling (1),education,High school diploma / GED,concern_mean,23.70915412902832
Measurement & modeling (1),education,High school diploma / GED,distrust_post,28.569769859313965
Measurement & modeling (1),education,High school diploma / GED,donation_ams,4.075373808542888
Measurement & modeling (1),education,High school diploma / GED,funding_perceptions,43.65106026331584
Measurement & modeling (1),education,High school diploma / GED,inst_trust_mean,16.486759980519615
Measurement & modeling (1),education,High school diploma / GED,newsletter_signup,0.3521559238433838
Measurement & modeling (1),education,High school diploma / GED,policy_general,37.64932950337728
Measurement & modeling (1),education,High school diploma / GED,policy_role_mean,39.4676685333252
Measurement & modeling (1),education,High school diploma / GED,policy_specific_mean,29.384636878967285
Measurement & modeling (1),education,High school diploma / GED,trust_multidimensional,35.17836729685466
Measurement & modeling (1),education,High school diploma / GED,trust_post,33.91096591949463
Measurement & modeling (1),education,Some college or Associate's degree,behavior_mean,28.72958978017171
Measurement & modeling (1),education,Some college or Associate's degree,belief_post,36.66264613469441
Measurement & modeling (1),education,Some college or Associate's degree,concern_mean,23.05950323740641
Measurement & modeling (1),education,Some college or Associate's degree,distrust_post,28.55677604675293
Measurement & modeling (1),education,Some college or Associate's degree,donation_ams,4.06378428141276
Measurement & modeling (1),education,Some college or Associate's degree,funding_perceptions,42.696479956309005
Measurement & modeling (1),education,Some college or Associate's degree,inst_trust_mean,17.037741343180336
Measurement & modeling (1),education,Some college or Associate's degree,newsletter_signup,0.3515818516413371
Measurement & modeling (1),education,Some college or Associate's degree,policy_general,38.04113467534383
Measurement & modeling (1),education,Some college or Associate's degree,policy_role_mean,39.48418299357097
Measurement & modeling (1),education,Some college or Associate's degree,policy_specific_mean,29.32868003845215
Measurement & modeling (1),education,Some college or Associate's degree,trust_multidimensional,35.16350189844768
Measurement & modeling (1),education,Some college or Associate's degree,trust_post,34.89344914754231
Measurement & modeling (1),education,Bachelor's degree,behavior_mean,27.97747055689494
Measurement & modeling (1),education,Bachelor's degree,belief_post,35.4911208152771
Measurement & modeling (1),education,Bachelor's degree,concern_mean,22.3109761873881
Measurement & modeling (1),education,Bachelor's degree,distrust_post,26.78665320078532
Measurement & modeling (1),education,Bachelor's degree,donation_ams,4.013142983118693
Measurement & modeling (1),education,Bachelor's degree,funding_perceptions,40.590647856394455
Measurement & modeling (1),education,Bachelor's degree,inst_trust_mean,15.916875998179115
Measurement & modeling (1),education,Bachelor's degree,newsletter_signup,0.3361082077026367
Measurement & modeling (1),education,Bachelor's degree,policy_general,37.85053888956706
Measurement & modeling (1),education,Bachelor's degree,policy_role_mean,37.60908444722493
Measurement & modeling (1),education,Bachelor's degree,policy_specific_mean,28.64988644917807
Measurement & modeling (1),education,Bachelor's degree,trust_multidimensional,33.185044924418136
Measurement & modeling (1),education,Bachelor's degree,trust_post,33.14800262451172
Measurement & modeling (1),education,Master's degree / Professional degree,behavior_mean,28.635927041371662
Measurement & modeling (1),education,Master's degree / Professional degree,belief_post,35.70982615152995
Measurement & modeling (1),education,Master's degree / Professional degree,concern_mean,22.181948026021328
Measurement & modeling (1),education,Master's degree / Professional degree,distrust_post,27.45374838511148
Measurement & modeling (1),education,Master's degree / Professional degree,donation_ams,4.027769962946574
Measurement & modeling (1),education,Master's degree / Professional degree,funding_perceptions,40.77249368031819
Measurement & modeling (1),education,Master's degree / Professional degree,inst_trust_mean,17.36888885498047
Measurement & modeling (1),education,Master's degree / Professional degree,newsletter_signup,0.3370229403177897
Measurement & modeling (1),education,Master's degree / Professional degree,policy_general,37.292639414469406
Measurement & modeling (1),education,Master's degree / Professional degree,policy_role_mean,37.89799213409424
Measurement & modeling (1),education,Master's degree / Professional degree,policy_specific_mean,29.00838851928711
Measurement & modeling (1),education,Master's degree / Professional degree,trust_multidimensional,32.97703663508098
Measurement & modeling (1),education,Master's degree / Professional degree,trust_post,34.482626120249435
Measurement & modeling (1),education,Doctorate degree / Ph.D.,behavior_mean,29.839758078257244
Measurement & modeling (1),education,Doctorate degree / Ph.D.,belief_post,34.468309084574386
Measurement & modeling (1),education,Doctorate degree / Ph.D.,concern_mean,23.21609656016032
Measurement & modeling (1),education,Doctorate degree / Ph.D.,distrust_post,29.31072314580281
Measurement & modeling (1),education,Doctorate degree / Ph.D.,donation_ams,4.268612066904704
Measurement & modeling (1),education,Doctorate degree / Ph.D.,funding_perceptions,42.273124059041336
Measurement & modeling (1),education,Doctorate degree / Ph.D.,inst_trust_mean,19.200611114501957
Measurement & modeling (1),education,Doctorate degree / Ph.D.,newsletter_signup,0.3371746937433879
Measurement & modeling (1),education,Doctorate degree / Ph.D.,policy_general,37.1546467145284
Measurement & modeling (1),education,Doctorate degree / Ph.D.,policy_role_mean,39.48619365692139
Measurement & modeling (1),education,Doctorate degree / Ph.D.,policy_specific_mean,30.78748385111491
Measurement & modeling (1),education,Doctorate degree / Ph.D.,trust_multidimensional,33.513212203979485
Measurement & modeling (1),education,Doctorate degree / Ph.D.,trust_post,34.6691370010376
Former skeptics,education,Less than high school,behavior_mean,33.650080362955734
Former skeptics,education,Less than high school,belief_post,48.07846546173096
Former skeptics,education,Less than high school,concern_mean,36.862925688425705
Former skeptics,education,Less than high school,distrust_post,42.00362364451091
Former skeptics,education,Less than high school,donation_ams,3.5912708441416425
Former skeptics,education,Less than high school,funding_perceptions,50.42813618977865
Former skeptics,education,Less than high school,inst_trust_mean,30.396540959676106
Former skeptics,education,Less than high school,newsletter_signup,0.416047175725301
Former skeptics,education,Less than high school,policy_general,47.81917730967203
Former skeptics,education,Less than high school,policy_role_mean,52.19848950703939
Former skeptics,education,Less than high school,policy_specific_mean,41.680192947387695
Former skeptics,education,Less than high school,trust_multidimensional,47.70131508509319
Former skeptics,education,Less than high school,trust_post,43.70652437210083
Former skeptics,education,High school diploma / GED,behavior_mean,31.023359298706065
Former skeptics,education,High school diploma / GED,belief_post,47.52258062362671
Former skeptics,education,High school diploma / GED,concern_mean,34.623050689697266
Former skeptics,education,High school diploma / GED,distrust_post,39.112206300099686
Former skeptics,education,High school diploma / GED,donation_ams,3.2517755031585693
Former skeptics,education,High school diploma / GED,funding_perceptions,47.742589314778655
Former skeptics,education,High school diploma / GED,inst_trust_mean,28.066738446553547
Former skeptics,education,High school diploma / GED,newsletter_signup,0.4040885766347249
Former skeptics,education,High school diploma / GED,policy_general,45.94187736511229
Former skeptics,education,High school diploma / GED,policy_role_mean,49.211037158966064
Former skeptics,education,High school diploma / GED,policy_specific_mean,38.63407770792644
Former skeptics,education,High school diploma / GED,trust_multidimensional,43.44751040140788
Former skeptics,education,High school diploma / GED,trust_post,41.8302615483602
Former skeptics,education,Some college or Associate's degree,behavior_mean,30.316627025604248
Former skeptics,education,Some college or Associate's degree,belief_post,48.0367382367452
Former skeptics,education,Some college or Associate's degree,concern_mean,33.576114972432464
Former skeptics,education,Some college or Associate's degree,distrust_post,38.75819047292073
Former skeptics,education,Some college or Associate's degree,donation_ams,3.2650713125864668
Former skeptics,education,Some college or Associate's degree,funding_perceptions,46.50502999623616
Former skeptics,education,Some college or Associate's degree,inst_trust_mean,27.52359708150228
Former skeptics,education,Some college or Associate's degree,newsletter_signup,0.4067075252532959
Former skeptics,education,Some college or Associate's degree,policy_general,45.92684904734294
Former skeptics,education,Some college or Associate's degree,policy_role_mean,48.60817591349282
Former skeptics,education,Some college or Associate's degree,policy_specific_mean,38.14101219177247
Former skeptics,education,Some college or Associate's degree,trust_multidimensional,42.55973895390828
Former skeptics,education,Some college or Associate's degree,trust_post,42.07245508829753
Former skeptics,education,Bachelor's degree,behavior_mean,28.9747714996338
Former skeptics,education,Bachelor's degree,belief_post,46.59260908762613
Former skeptics,education,Bachelor's degree,concern_mean,32.36391544342041
Former skeptics,education,Bachelor's degree,distrust_post,37.27674086888631
Former skeptics,education,Bachelor's degree,donation_ams,3.223457336425781
Former skeptics,education,Bachelor's degree,funding_perceptions,44.850226243337005
Former skeptics,education,Bachelor's degree,inst_trust_mean,26.118028163909912
Former skeptics,education,Bachelor's degree,newsletter_signup,0.397858460744222
Former skeptics,education,Bachelor's degree,policy_general,45.37512063980103
Former skeptics,education,Bachelor's degree,policy_role_mean,46.80531819661458
Former skeptics,education,Bachelor's degree,policy_specific_mean,37.29037841161093
Former skeptics,education,Bachelor's degree,trust_multidimensional,40.46295483907063
Former skeptics,education,Bachelor's degree,trust_post,40.98660945892334
Former skeptics,education,Master's degree / Professional degree,behavior_mean,28.83733908335368
Former skeptics,education,Master's degree / Professional degree,belief_post,45.43478886286418
Former skeptics,education,Master's degree / Professional degree,concern_mean,31.59151077270508
Former skeptics,education,Master's degree / Professional degree,distrust_post,36.83543205261231
Former skeptics,education,Master's degree / Professional degree,donation_ams,3.247944911321004
Former skeptics,education,Master's degree / Professional degree,funding_perceptions,43.74136130015056
Former skeptics,education,Master's degree / Professional degree,inst_trust_mean,26.67364676793416
Former skeptics,education,Master's degree / Professional degree,newsletter_signup,0.394415020942688
Former skeptics,education,Master's degree / Professional degree,policy_general,45.538330078125
Former skeptics,education,Master's degree / Professional degree,policy_role_mean,46.66231473286946
Former skeptics,education,Master's degree / Professional degree,policy_specific_mean,37.15941905975342
Former skeptics,education,Master's degree / Professional degree,trust_multidimensional,39.62862094243367
Former skeptics,education,Master's degree / Professional degree,trust_post,40.99891583124797
Former skeptics,education,Doctorate degree / Ph.D.,behavior_mean,30.719987551371258
Former skeptics,education,Doctorate degree / Ph.D.,belief_post,45.41128873825073
Former skeptics,education,Doctorate degree / Ph.D.,concern_mean,31.89615408579509
Former skeptics,education,Doctorate degree / Ph.D.,distrust_post,39.543116092681885
Former skeptics,education,Doctorate degree / Ph.D.,donation_ams,3.429043690363567
Former skeptics,education,Doctorate degree / Ph.D.,funding_perceptions,44.43886280059815
Former skeptics,education,Doctorate degree / Ph.D.,inst_trust_mean,28.554447491963703
Former skeptics,education,Doctorate degree / Ph.D.,newsletter_signup,0.388870636622111
Former skeptics,education,Doctorate degree / Ph.D.,policy_general,47.469190756479904
Former skeptics,education,Doctorate degree / Ph.D.,policy_role_mean,48.5129992167155
Former skeptics,education,Doctorate degree / Ph.D.,policy_specific_mean,39.27350044250488
Former skeptics,education,Doctorate degree / Ph.D.,trust_multidimensional,40.43936332066853
Former skeptics,education,Doctorate degree / Ph.D.,trust_post,42.363111178080246
High public trust,education,Less than high school,behavior_mean,32.78580904006958
High public trust,education,Less than high school,belief_post,39.757370948791504
High public trust,education,Less than high school,concern_mean,39.53636487325032
High public trust,education,Less than high school,distrust_post,32.807258764902755
High public trust,education,Less than high school,donation_ams,3.8809502124786377
High public trust,education,Less than high school,funding_perceptions,38.67634932200114
High public trust,education,Less than high school,inst_trust_mean,34.412531057993576
High public trust,education,Less than high school,newsletter_signup,0.3567025661468506
High public trust,education,Less than high school,policy_general,38.9315128326416
High public trust,education,Less than high school,policy_role_mean,37.520714600880936
High public trust,education,Less than high school,policy_specific_mean,39.22324975331624
High public trust,education,Less than high school,trust_multidimensional,40.6577189763387
High public trust,education,Less than high school,trust_post,38.4218692779541
High public trust,education,High school diploma / GED,behavior_mean,30.138365427653003
High public trust,education,High school diploma / GED,belief_post,36.67855660120647
High public trust,education,High school diploma / GED,concern_mean,37.1549685796102
High public trust,education,High school diploma / GED,distrust_post,29.9283504486084
High public trust,education,High school diploma / GED,donation_ams,3.623722394307454
High public trust,education,High school diploma / GED,funding_perceptions,36.26354535420735
High public trust,education,High school diploma / GED,inst_trust_mean,31.975456078847248
High public trust,education,High school diploma / GED,newsletter_signup,0.3509034315745035
High public trust,education,High school diploma / GED,policy_general,36.78806225458781
High public trust,education,High school diploma / GED,policy_role_mean,34.87923940022786
High public trust,education,High school diploma / GED,policy_specific_mean,36.799049377441406
High public trust,education,High school diploma / GED,trust_multidimensional,37.15490500132243
High public trust,education,High school diploma / GED,trust_post,36.73423926035564
High public trust,education,Some college or Associate's degree,behavior_mean,30.233569939931236
High public trust,education,Some college or Associate's degree,belief_post,36.6000493367513
High public trust,education,Some college or Associate's degree,concern_mean,37.34318812688191
High public trust,education,Some college or Associate's degree,distrust_post,30.11587858200073
High public trust,education,Some college or Associate's degree,donation_ams,3.7333424886067705
High public trust,education,Some college or Associate's degree,funding_perceptions,36.30181948343913
High public trust,education,Some college or Associate's degree,inst_trust_mean,32.524081071217864
High public trust,education,Some college or Associate's degree,newsletter_signup,0.3475736776987712
High public trust,education,Some college or Associate's degree,policy_general,38.01252841949463
High public trust,education,Some college or Associate's degree,policy_role_mean,35.368092854817704
High public trust,education,Some college or Associate's degree,policy_specific_mean,37.43620713551839
High public trust,education,Some college or Associate's degree,trust_multidimensional,36.93869908650716
High public trust,education,Some college or Associate's degree,trust_post,37.1826171875
High public trust,education,Bachelor's degree,behavior_mean,29.79918718338013
High public trust,education,Bachelor's degree,belief_post,36.22403542200725
High public trust,education,Bachelor's degree,concern_mean,36.89539035161336
High public trust,education,Bachelor's degree,distrust_post,30.308679739634204
High public trust,education,Bachelor's degree,donation_ams,3.7057665983835855
High public trust,education,Bachelor's degree,funding_perceptions,36.16034984588623
High public trust,education,Bachelor's degree,inst_trust_mean,31.94848696390788
High public trust,education,Bachelor's degree,newsletter_signup,0.3442248106002808
High public trust,education,Bachelor's degree,policy_general,37.73992856343587
High public trust,education,Bachelor's degree,policy_role_mean,35.21766662597656
High public trust,education,Bachelor's degree,policy_specific_mean,37.01069752375285
High public trust,education,Bachelor's degree,trust_multidimensional,35.88273127873738
High public trust,education,Bachelor's degree,trust_post,36.73834005991618
High public trust,education,Master's degree / Professional degree,behavior_mean,29.931310812632244
High public trust,education,Master's degree / Professional degree,belief_post,35.374422868092864
High public trust,education,Master's degree / Professional degree,concern_mean,37.06363836924236
High public trust,education,Master's degree / Professional degree,distrust_post,31.038729349772137
High public trust,education,Master's degree / Professional degree,donation_ams,3.655277887980144
High public trust,education,Master's degree / Professional degree,funding_perceptions,36.04341348012288
High public trust,education,Master's degree / Professional degree,inst_trust_mean,32.59069124857585
High public trust,education,Master's degree / Professional degree,newsletter_signup,0.3491543928782145
High public trust,education,Master's degree / Professional degree,policy_general,38.07100454966228
High public trust,education,Master's degree / Professional degree,policy_role_mean,35.34890015920003
High public trust,education,Master's degree / Professional degree,policy_specific_mean,37.15294202168782
High public trust,education,Master's degree / Professional degree,trust_multidimensional,35.7649564743042
High public trust,education,Master's degree / Professional degree,trust_post,36.99614604314168
High public trust,education,Doctorate degree / Ph.D.,behavior_mean,29.6789288520813
High public trust,education,Doctorate degree / Ph.D.,belief_post,34.18288230895996
High public trust,education,Doctorate degree / Ph.D.,concern_mean,36.56442562739055
High public trust,education,Doctorate degree / Ph.D.,distrust_post,31.8226416905721
High public trust,education,Doctorate degree / Ph.D.,donation_ams,3.6167748769124346
High public trust,education,Doctorate degree / Ph.D.,funding_perceptions,36.85314655303955
High public trust,education,Doctorate degree / Ph.D.,inst_trust_mean,33.387140432993576
High public trust,education,Doctorate degree / Ph.D.,newsletter_signup,0.3469289143880208
High public trust,education,Doctorate degree / Ph.D.,policy_general,38.2651408513387
High public trust,education,Doctorate degree / Ph.D.,policy_role_mean,35.19877990086873
High public trust,education,Doctorate degree / Ph.D.,policy_specific_mean,37.93757756551106
High public trust,education,Doctorate degree / Ph.D.,trust_multidimensional,36.1352523167928
High public trust,education,Doctorate degree / Ph.D.,trust_post,36.52329047520955
Measurement & modeling (2),education,Less than high school,behavior_mean,34.309569994608566
Measurement & modeling (2),education,Less than high school,belief_post,39.78051741917928
Measurement & modeling (2),education,Less than high school,concern_mean,31.838492552439373
Measurement & modeling (2),education,Less than high school,distrust_post,37.54791418711344
Measurement & modeling (2),education,Less than high school,donation_ams,4.266043504079183
Measurement & modeling (2),education,Less than high school,funding_perceptions,47.43311802546184
Measurement & modeling (2),education,Less than high school,inst_trust_mean,25.456615289052337
Measurement & modeling (2),education,Less than high school,newsletter_signup,0.3920329014460246
Measurement & modeling (2),education,Less than high school,policy_general,42.94586181640625
Measurement & modeling (2),education,Less than high school,policy_role_mean,45.80929279327393
Measurement & modeling (2),education,Less than high school,policy_specific_mean,37.71579662958781
Measurement & modeling (2),education,Less than high school,trust_multidimensional,43.497566382090255
Measurement & modeling (2),education,Less than high school,trust_post,39.00007009506226
Measurement & modeling (2),education,High school diploma / GED,behavior_mean,32.8718900680542
Measurement & modeling (2),education,High school diploma / GED,belief_post,39.56096172332764
Measurement & modeling (2),education,High school diploma / GED,concern_mean,30.33432960510254
Measurement & modeling (2),education,High school diploma / GED,distrust_post,34.562699000040695
Measurement & modeling (2),education,High school diploma / GED,donation_ams,3.8616617520650234
Measurement & modeling (2),education,High school diploma / GED,funding_perceptions,47.35335111618042
Measurement & modeling (2),education,High school diploma / GED,inst_trust_mean,25.07980267206828
Measurement & modeling (2),education,High school diploma / GED,newsletter_signup,0.3797319730122884
Measurement & modeling (2),education,High school diploma / GED,policy_general,41.27026796340942
Measurement & modeling (2),education,High school diploma / GED,policy_role_mean,44.424986839294434
Measurement & modeling (2),education,High school diploma / GED,policy_specific_mean,35.537489255269364
Measurement & modeling (2),education,High school diploma / GED,trust_multidimensional,40.93874295552571
Measurement & modeling (2),education,High school diploma / GED,trust_post,38.012925783793136
Measurement & modeling (2),education,Some college or Associate's degree,behavior_mean,33.167159557342536
Measurement & modeling (2),education,Some college or Associate's degree,belief_post,41.14357630411784
Measurement & modeling (2),education,Some college or Associate's degree,concern_mean,30.32677570978801
Measurement & modeling (2),education,Some college or Associate's degree,distrust_post,34.9164883295695
Measurement & modeling (2),education,Some college or Associate's degree,donation_ams,3.918709357579549
Measurement & modeling (2),education,Some college or Associate's degree,funding_perceptions,47.45816389719646
Measurement & modeling (2),education,Some college or Associate's degree,inst_trust_mean,26.125693321228027
Measurement & modeling (2),education,Some college or Associate's degree,newsletter_signup,0.383533517519633
Measurement & modeling (2),education,Some college or Associate's degree,policy_general,42.24886099497478
Measurement & modeling (2),education,Some college or Associate's degree,policy_role_mean,44.273662567138665
Measurement & modeling (2),education,Some college or Associate's degree,policy_specific_mean,36.04102532068889
Measurement & modeling (2),education,Some college or Associate's degree,trust_multidimensional,41.01920922597249
Measurement & modeling (2),education,Some college or Associate's degree,trust_post,39.323480923970536
Measurement & modeling (2),education,Bachelor's degree,behavior_mean,32.20379749933879
Measurement & modeling (2),education,Bachelor's degree,belief_post,40.51806529362996
Measurement & modeling (2),education,Bachelor's degree,concern_mean,29.566999276479084
Measurement & modeling (2),education,Bachelor's degree,distrust_post,32.75274435679118
Measurement & modeling (2),education,Bachelor's degree,donation_ams,3.869287172953288
Measurement & modeling (2),education,Bachelor's degree,funding_perceptions,45.35764853159587
Measurement & modeling (2),education,Bachelor's degree,inst_trust_mean,25.2059539159139
Measurement & modeling (2),education,Bachelor's degree,newsletter_signup,0.3726195891698201
Measurement & modeling (2),education,Bachelor's degree,policy_general,41.91007614135742
Measurement & modeling (2),education,Bachelor's degree,policy_role_mean,43.18600098292033
Measurement & modeling (2),education,Bachelor's degree,policy_specific_mean,35.51078637441
Measurement & modeling (2),education,Bachelor's degree,trust_multidimensional,39.30458227793376
Measurement & modeling (2),education,Bachelor's degree,trust_post,38.695593674977616
Measurement & modeling (2),education,Master's degree / Professional degree,behavior_mean,32.331717014312744
Measurement & modeling (2),education,Master's degree / Professional degree,belief_post,39.96584415435791
Measurement & modeling (2),education,Master's degree / Professional degree,concern_mean,29.13293441136678
Measurement & modeling (2),education,Master's degree / Professional degree,distrust_post,32.60221878687541
Measurement & modeling (2),education,Master's degree / Professional degree,donation_ams,3.769657611846924
Measurement & modeling (2),education,Master's degree / Professional degree,funding_perceptions,44.96843020121257
Measurement & modeling (2),education,Master's degree / Professional degree,inst_trust_mean,26.3807773590088
Measurement & modeling (2),education,Master's degree / Professional degree,newsletter_signup,0.373945434888204
Measurement & modeling (2),education,Master's degree / Professional degree,policy_general,42.22842852274577
Measurement & modeling (2),education,Master's degree / Professional degree,policy_role_mean,43.37722460428874
Measurement & modeling (2),education,Master's degree / Professional degree,policy_specific_mean,35.778546333312995
Measurement & modeling (2),education,Master's degree / Professional degree,trust_multidimensional,38.39888572692871
Measurement & modeling (2),education,Master's degree / Professional degree,trust_post,39.824823538462326
Measurement & modeling (2),education,Doctorate degree / Ph.D.,behavior_mean,33.595506350199386
Measurement & modeling (2),education,Doctorate degree / Ph.D.,belief_post,38.67663542429607
Measurement & modeling (2),education,Doctorate degree / Ph.D.,concern_mean,29.82480525970459
Measurement & modeling (2),education,Doctorate degree / Ph.D.,distrust_post,34.43574110666911
Measurement & modeling (2),education,Doctorate degree / Ph.D.,donation_ams,3.850548267364502
Measurement & modeling (2),education,Doctorate degree / Ph.D.,funding_perceptions,46.73418601353963
Measurement & modeling (2),education,Doctorate degree / Ph.D.,inst_trust_mean,28.287625312805176
Measurement & modeling (2),education,Doctorate degree / Ph.D.,newsletter_signup,0.373322049776713
Measurement & modeling (2),education,Doctorate degree / Ph.D.,policy_general,44.300154844919845
Measurement & modeling (2),education,Doctorate degree / Ph.D.,policy_role_mean,44.406143824259445
Measurement & modeling (2),education,Doctorate degree / Ph.D.,policy_specific_mean,37.55056858062744
Measurement & modeling (2),education,Doctorate degree / Ph.D.,trust_multidimensional,38.59192530314128
Measurement & modeling (2),education,Doctorate degree / Ph.D.,trust_post,39.63730335235596
Peer-review,education,Less than high school,behavior_mean,36.65412664413453
Peer-review,education,Less than high school,belief_post,49.99209245045979
Peer-review,education,Less than high school,concern_mean,37.98099756240845
Peer-review,education,Less than high school,distrust_post,41.14602406819661
Peer-review,education,Less than high school,donation_ams,4.690291086832684
Peer-review,education,Less than high school,funding_perceptions,48.45756689707439
Peer-review,education,Less than high school,inst_trust_mean,34.73571538925171
Peer-review,education,Less than high school,newsletter_signup,0.4893462657928467
Peer-review,education,Less than high school,policy_general,48.438608646392815
Peer-review,education,Less than high school,policy_role_mean,47.645437717437744
Peer-review,education,Less than high school,policy_specific_mean,42.07576513290405
Peer-review,education,Less than high school,trust_multidimensional,50.11011759440106
Peer-review,education,Less than high school,trust_post,40.809710820515946
Peer-review,education,High school diploma / GED,behavior_mean,35.39488315582275
Peer-review,education,High school diploma / GED,belief_post,48.78310362497966
Peer-review,education,High school diploma / GED,concern_mean,37.39640315373738
Peer-review,education,High school diploma / GED,distrust_post,39.60675398508708
Peer-review,education,High school diploma / GED,donation_ams,4.379615783691407
Peer-review,education,High school diploma / GED,funding_perceptions,46.60491943359375
Peer-review,education,High school diploma / GED,inst_trust_mean,32.91856447855632
Peer-review,education,High school diploma / GED,newsletter_signup,0.4815071821212768
Peer-review,education,High school diploma / GED,policy_general,46.46722475687663
Peer-review,education,High school diploma / GED,policy_role_mean,45.93798319498697
Peer-review,education,High school diploma / GED,policy_specific_mean,39.869022369384766
Peer-review,education,High school diploma / GED,trust_multidimensional,46.92031939824422
Peer-review,education,High school diploma / GED,trust_post,40.50921599070232
Peer-review,education,Some college or Associate's degree,behavior_mean,34.388140837351486
Peer-review,education,Some college or Associate's degree,belief_post,49.13975397745769
Peer-review,education,Some college or Associate's degree,concern_mean,36.56558195749919
Peer-review,education,Some college or Associate's degree,distrust_post,39.82888857523601
Peer-review,education,Some college or Associate's degree,donation_ams,4.394012292226154
Peer-review,education,Some college or Associate's degree,funding_perceptions,44.99881267547608
Peer-review,education,Some college or Associate's degree,inst_trust_mean,32.783397038777665
Peer-review,education,Some college or Associate's degree,newsletter_signup,0.4768159389495849
Peer-review,education,Some college or Associate's degree,policy_general,46.98649644851684
Peer-review,education,Some college or Associate's degree,policy_role_mean,45.302073160807296
Peer-review,education,Some college or Associate's degree,policy_specific_mean,39.60045178731282
Peer-review,education,Some college or Associate's degree,trust_multidimensional,46.58919970194499
Peer-review,education,Some college or Associate's degree,trust_post,40.103141466776535
Peer-review,education,Bachelor's degree,behavior_mean,33.81917874018352
Peer-review,education,Bachelor's degree,belief_post,48.53955904642741
Peer-review,education,Bachelor's degree,concern_mean,36.35375102361043
Peer-review,education,Bachelor's degree,distrust_post,38.78765106201172
Peer-review,education,Bachelor's degree,donation_ams,4.341338475545248
Peer-review,education,Bachelor's degree,funding_perceptions,43.181757132212326
Peer-review,education,Bachelor's degree,inst_trust_mean,32.20024506251018
Peer-review,education,Bachelor's degree,newsletter_signup,0.4663283824920654
Peer-review,education,Bachelor's degree,policy_general,46.871741612752274
Peer-review,education,Bachelor's degree,policy_role_mean,44.49354807535808
Peer-review,education,Bachelor's degree,policy_specific_mean,39.64604536692302
Peer-review,education,Bachelor's degree,trust_multidimensional,45.51043907801311
Peer-review,education,Bachelor's degree,trust_post,39.28629159927368
Peer-review,education,Master's degree / Professional degree,behavior_mean,33.949081103007
Peer-review,education,Master's degree / Professional degree,belief_post,48.37030172348023
Peer-review,education,Master's degree / Professional degree,concern_mean,36.59494717915854
Peer-review,education,Master's degree / Professional degree,distrust_post,39.0127698580424
Peer-review,education,Master's degree / Professional degree,donation_ams,4.283500512441
Peer-review,education,Master's degree / Professional degree,funding_perceptions,42.326370875040695
Peer-review,education,Master's degree / Professional degree,inst_trust_mean,33.07751814524333
Peer-review,education,Master's degree / Professional degree,newsletter_signup,0.4650393724441528
Peer-review,education,Master's degree / Professional degree,policy_general,47.11554845174153
Peer-review,education,Master's degree / Professional degree,policy_role_mean,44.55903768539428
Peer-review,education,Master's degree / Professional degree,policy_specific_mean,39.58599170049031
Peer-review,education,Master's degree / Professional degree,trust_multidimensional,44.3670670191447
Peer-review,education,Master's degree / Professional degree,trust_post,39.152677853902176
Peer-review,education,Doctorate degree / Ph.D.,behavior_mean,35.19296646118164
Peer-review,education,Doctorate degree / Ph.D.,belief_post,49.33253129323323
Peer-review,education,Doctorate degree / Ph.D.,concern_mean,37.06773122151694
Peer-review,education,Doctorate degree / Ph.D.,distrust_post,41.44798119862874
Peer-review,education,Doctorate degree / Ph.D.,donation_ams,4.136613607406616
Peer-review,education,Doctorate degree / Ph.D.,funding_perceptions,45.2884038289388
Peer-review,education,Doctorate degree / Ph.D.,inst_trust_mean,36.24844948450725
Peer-review,education,Doctorate degree / Ph.D.,newsletter_signup,0.4606494506200154
Peer-review,education,Doctorate degree / Ph.D.,policy_general,48.24887911478679
Peer-review,education,Doctorate degree / Ph.D.,policy_role_mean,46.3115652402242
Peer-review,education,Doctorate degree / Ph.D.,policy_specific_mean,42.43343671162923
Peer-review,education,Doctorate degree / Ph.D.,trust_multidimensional,45.0639565785726
Peer-review,education,Doctorate degree / Ph.D.,trust_post,41.85400406519573
Scientist community helpers,education,Less than high school,behavior_mean,27.664017677307136
Scientist community helpers,education,Less than high school,belief_post,36.67031923929851
Scientist community helpers,education,Less than high school,concern_mean,27.67690420150757
Scientist community helpers,education,Less than high school,distrust_post,34.15995041529338
Scientist community helpers,education,Less than high school,donation_ams,3.3349752426147465
Scientist community helpers,education,Less than high school,funding_perceptions,37.05023129781087
Scientist community helpers,education,Less than high school,inst_trust_mean,22.92917172114054
Scientist community helpers,education,Less than high school,newsletter_signup,0.4098720550537109
Scientist community helpers,education,Less than high school,policy_general,37.24883794784546
Scientist community helpers,education,Less than high school,policy_role_mean,35.92731952667236
Scientist community helpers,education,Less than high school,policy_specific_mean,33.138271172841385
Scientist community helpers,education,Less than high school,trust_multidimensional,36.80239121119182
Scientist community helpers,education,Less than high school,trust_post,30.136847496032715
Scientist community helpers,education,High school diploma / GED,behavior_mean,25.38048426310221
Scientist community helpers,education,High school diploma / GED,belief_post,35.58836778004964
Scientist community helpers,education,High school diploma / GED,concern_mean,25.507227579752595
Scientist community helpers,education,High school diploma / GED,distrust_post,30.122892061869305
Scientist community helpers,education,High school diploma / GED,donation_ams,2.9903769493103027
Scientist community helpers,education,High school diploma / GED,funding_perceptions,34.54461892445882
Scientist community helpers,education,High school diploma / GED,inst_trust_mean,20.26309967041016
Scientist community helpers,education,High school diploma / GED,newsletter_signup,0.398662010828654
Scientist community helpers,education,High school diploma / GED,policy_general,36.03428999582927
Scientist community helpers,education,High school diploma / GED,policy_role_mean,34.669319788614914
Scientist community helpers,education,High school diploma / GED,policy_specific_mean,30.36169608434041
Scientist community helpers,education,High school diploma / GED,trust_multidimensional,33.32318464914958
Scientist community helpers,education,High school diploma / GED,trust_post,26.9565224647522
Scientist community helpers,education,Some college or Associate's degree,behavior_mean,24.680201212565105
Scientist community helpers,education,Some college or Associate's degree,belief_post,35.300346215565995
Scientist community helpers,education,Some college or Associate's degree,concern_mean,24.915170669555664
Scientist community helpers,education,Some college or Associate's degree,distrust_post,29.547754923502595
Scientist community helpers,education,Some college or Associate's degree,donation_ams,3.0522195498148603
Scientist community helpers,education,Some college or Associate's degree,funding_perceptions,33.568815390268966
Scientist community helpers,education,Some college or Associate's degree,inst_trust_mean,20.147720972696938
Scientist community helpers,education,Some college or Associate's degree,newsletter_signup,0.3956732749938965
Scientist community helpers,education,Some college or Associate's degree,policy_general,35.77282428741455
Scientist community helpers,education,Some college or Associate's degree,policy_role_mean,33.52726300557454
Scientist community helpers,education,Some college or Associate's degree,policy_specific_mean,29.696043332417805
Scientist community helpers,education,Some college or Associate's degree,trust_multidimensional,32.705609003702804
Scientist community helpers,education,Some college or Associate's degree,trust_post,26.4974315961202
Scientist community helpers,education,Bachelor's degree,behavior_mean,23.616504669189453
Scientist community helpers,education,Bachelor's degree,belief_post,34.514423211415604
Scientist community helpers,education,Bachelor's degree,concern_mean,23.9331324895223
Scientist community helpers,education,Bachelor's degree,distrust_post,28.43616008758545
Scientist community helpers,education,Bachelor's degree,donation_ams,2.970837354660034
Scientist community helpers,education,Bachelor's degree,funding_perceptions,32.49610662460327
Scientist community helpers,education,Bachelor's degree,inst_trust_mean,18.63266229629517
Scientist community helpers,education,Bachelor's degree,newsletter_signup,0.3789854447046916
Scientist community helpers,education,Bachelor's degree,policy_general,34.9583387374878
Scientist community helpers,education,Bachelor's degree,policy_role_mean,31.91999594370524
Scientist community helpers,education,Bachelor's degree,policy_specific_mean,29.181877772013348
Scientist community helpers,education,Bachelor's degree,trust_multidimensional,31.135463714599616
Scientist community helpers,education,Bachelor's degree,trust_post,25.564078489939373
Scientist community helpers,education,Master's degree / Professional degree,behavior_mean,24.63831106821696
Scientist community helpers,education,Master's degree / Professional degree,belief_post,34.01902914047241
Scientist community helpers,education,Master's degree / Professional degree,concern_mean,24.849585692087818
Scientist community helpers,education,Master's degree / Professional degree,distrust_post,28.672436873118084
Scientist community helpers,education,Master's degree / Professional degree,donation_ams,2.942355076471965
Scientist community helpers,education,Master's degree / Professional degree,funding_perceptions,33.016204833984375
Scientist community helpers,education,Master's degree / Professional degree,inst_trust_mean,19.73930199941
Scientist community helpers,education,Master's degree / Professional degree,newsletter_signup,0.3822104930877686
Scientist community helpers,education,Master's degree / Professional degree,policy_general,35.475810368855804
Scientist community helpers,education,Master's degree / Professional degree,policy_role_mean,32.43287404378255
Scientist community helpers,education,Master's degree / Professional degree,policy_specific_mean,30.13993104298909
Scientist community helpers,education,Master's degree / Professional degree,trust_multidimensional,30.72335322697957
Scientist community helpers,education,Master's degree / Professional degree,trust_post,25.68863232930501
Scientist community helpers,education,Doctorate degree / Ph.D.,behavior_mean,28.84225050608317
Scientist community helpers,education,Doctorate degree / Ph.D.,belief_post,36.94101572036743
Scientist community helpers,education,Doctorate degree / Ph.D.,concern_mean,27.10436979929607
Scientist community helpers,education,Doctorate degree / Ph.D.,distrust_post,32.517409324646
Scientist community helpers,education,Doctorate degree / Ph.D.,donation_ams,3.1545253594716387
Scientist community helpers,education,Doctorate degree / Ph.D.,funding_perceptions,37.1321161588033
Scientist community helpers,education,Doctorate degree / Ph.D.,inst_trust_mean,23.718293507893883
Scientist community helpers,education,Doctorate degree / Ph.D.,newsletter_signup,0.3954808712005615
Scientist community helpers,education,Doctorate degree / Ph.D.,policy_general,39.221330483754485
Scientist community helpers,education,Doctorate degree / Ph.D.,policy_role_mean,35.64279874165854
Scientist community helpers,education,Doctorate degree / Ph.D.,policy_specific_mean,34.08631086349487
Scientist community helpers,education,Doctorate degree / Ph.D.,trust_multidimensional,33.16715558369954
Scientist community helpers,education,Doctorate degree / Ph.D.,trust_post,29.202175140380863
Consensus,education,Less than high school,behavior_mean,40.851716200510666
Consensus,education,Less than high school,belief_post,37.349840005238846
Consensus,education,Less than high school,concern_mean,38.25792868932088
Consensus,education,Less than high school,distrust_post,33.66340398788453
Consensus,education,Less than high school,donation_ams,4.233276844024658
Consensus,education,Less than high school,funding_perceptions,38.59448432922363
Consensus,education,Less than high school,inst_trust_mean,33.202862739562995
Consensus,education,Less than high school,newsletter_signup,0.4234569867451985
Consensus,education,Less than high school,policy_general,41.85603857040405
Consensus,education,Less than high school,policy_role_mean,39.07721837361653
Consensus,education,Less than high school,policy_specific_mean,42.53063201904297
Consensus,education,Less than high school,trust_multidimensional,41.53114954630534
Consensus,education,Less than high school,trust_post,39.53204154968262
Consensus,education,High school diploma / GED,behavior_mean,39.59999879201253
Consensus,education,High school diploma / GED,belief_post,34.35917695363362
Consensus,education,High school diploma / GED,concern_mean,36.430565516153976
Consensus,education,High school diploma / GED,distrust_post,30.857622623443604
Consensus,education,High school diploma / GED,donation_ams,4.075701634089152
Consensus,education,High school diploma / GED,funding_perceptions,37.61621316274007
Consensus,education,High school diploma / GED,inst_trust_mean,31.83608849843343
Consensus,education,High school diploma / GED,newsletter_signup,0.40677809715271
Consensus,education,High school diploma / GED,policy_general,40.56864976882935
Consensus,education,High school diploma / GED,policy_role_mean,37.542128562927246
Consensus,education,High school diploma / GED,policy_specific_mean,41.15786552429199
Consensus,education,High school diploma / GED,trust_multidimensional,39.179066816965744
Consensus,education,High school diploma / GED,trust_post,37.40721940994263
Consensus,education,Some college or Associate's degree,behavior_mean,39.402743180592864
Consensus,education,Some college or Associate's degree,belief_post,33.28010241190593
Consensus,education,Some college or Associate's degree,concern_mean,35.75692971547444
Consensus,education,Some college or Associate's degree,distrust_post,30.15893300374349
Consensus,education,Some college or Associate's degree,donation_ams,4.125901460647583
Consensus,education,Some college or Associate's degree,funding_perceptions,36.86886628468831
Consensus,education,Some college or Associate's degree,inst_trust_mean,30.938299496968583
Consensus,education,Some college or Associate's degree,newsletter_signup,0.3911150296529134
Consensus,education,Some college or Associate's degree,policy_general,39.97917175292968
Consensus,education,Some college or Associate's degree,policy_role_mean,36.71081860860188
Consensus,education,Some college or Associate's degree,policy_specific_mean,40.65728187561035
Consensus,education,Some college or Associate's degree,trust_multidimensional,38.109056154886886
Consensus,education,Some college or Associate's degree,trust_post,36.80622180302937
Consensus,education,Bachelor's degree,behavior_mean,38.842781384785965
Consensus,education,Bachelor's degree,belief_post,32.123458385467536
Consensus,education,Bachelor's degree,concern_mean,34.994252522786454
Consensus,education,Bachelor's degree,distrust_post,29.46285804112753
Consensus,education,Bachelor's degree,donation_ams,4.091286659240723
Consensus,education,Bachelor's degree,funding_perceptions,36.243434747060135
Consensus,education,Bachelor's degree,inst_trust_mean,30.57718276977539
Consensus,education,Bachelor's degree,newsletter_signup,0.3733386993408203
Consensus,education,Bachelor's degree,policy_general,39.234860738118485
Consensus,education,Bachelor's degree,policy_role_mean,35.96721887588501
Consensus,education,Bachelor's degree,policy_specific_mean,39.9677872657776
Consensus,education,Bachelor's degree,trust_multidimensional,36.62522236506145
Consensus,education,Bachelor's degree,trust_post,35.935334364573166
Consensus,education,Master's degree / Professional degree,behavior_mean,39.02047872543335
Consensus,education,Master's degree / Professional degree,belief_post,30.777740478515614
Consensus,education,Master's degree / Professional degree,concern_mean,34.50115919113159
Consensus,education,Master's degree / Professional degree,distrust_post,29.23558155695597
Consensus,education,Master's degree / Professional degree,donation_ams,4.091888666152954
Consensus,education,Master's degree / Professional degree,funding_perceptions,35.798803965250656
Consensus,education,Master's degree / Professional degree,inst_trust_mean,30.704915523529053
Consensus,education,Master's degree / Professional degree,newsletter_signup,0.3764236768086751
Consensus,education,Master's degree / Professional degree,policy_general,38.69817654291788
Consensus,education,Master's degree / Professional degree,policy_role_mean,35.22512118021648
Consensus,education,Master's degree / Professional degree,policy_specific_mean,40.02746343612671
Consensus,education,Master's degree / Professional degree,trust_multidimensional,35.80822944641113
Consensus,education,Master's degree / Professional degree,trust_post,35.30284961064656
Consensus,education,Doctorate degree / Ph.D.,behavior_mean,39.68509038289388
Consensus,education,Doctorate degree / Ph.D.,belief_post,30.55092493693034
Consensus,education,Doctorate degree / Ph.D.,concern_mean,34.29077068964641
Consensus,education,Doctorate degree / Ph.D.,distrust_post,30.39728800455728
Consensus,education,Doctorate degree / Ph.D.,donation_ams,4.1502845287323
Consensus,education,Doctorate degree / Ph.D.,funding_perceptions,35.43346722920735
Consensus,education,Doctorate degree / Ph.D.,inst_trust_mean,31.897608439127595
Consensus,education,Doctorate degree / Ph.D.,newsletter_signup,0.3867200215657552
Consensus,education,Doctorate degree / Ph.D.,policy_general,39.67661062876384
Consensus,education,Doctorate degree / Ph.D.,policy_role_mean,35.476795832316085
Consensus,education,Doctorate degree / Ph.D.,policy_specific_mean,41.049130757649735
Consensus,education,Doctorate degree / Ph.D.,trust_multidimensional,35.64794063568115
Consensus,education,Doctorate degree / Ph.D.,trust_post,35.88988780975342
Portrait Prof. Cherry,education,Less than high school,behavior_mean,36.31927172342937
Portrait Prof. Cherry,education,Less than high school,belief_post,47.54575888315837
Portrait Prof. Cherry,education,Less than high school,concern_mean,36.21429999669394
Portrait Prof. Cherry,education,Less than high school,distrust_post,47.32948939005533
Portrait Prof. Cherry,education,Less than high school,donation_ams,3.943355083465576
Portrait Prof. Cherry,education,Less than high school,funding_perceptions,50.55898825327555
Portrait Prof. Cherry,education,Less than high school,inst_trust_mean,27.016146977742512
Portrait Prof. Cherry,education,Less than high school,newsletter_signup,0.4912882645924887
Portrait Prof. Cherry,education,Less than high school,policy_general,47.22272157669067
Portrait Prof. Cherry,education,Less than high school,policy_role_mean,53.24795246124268
Portrait Prof. Cherry,education,Less than high school,policy_specific_mean,40.67815939585368
Portrait Prof. Cherry,education,Less than high school,trust_multidimensional,55.55621782938639
Portrait Prof. Cherry,education,Less than high school,trust_post,44.31962569554646
Portrait Prof. Cherry,education,High school diploma / GED,behavior_mean,34.31731859842937
Portrait Prof. Cherry,education,High school diploma / GED,belief_post,47.25785255432128
Portrait Prof. Cherry,education,High school diploma / GED,concern_mean,35.22674242655437
Portrait Prof. Cherry,education,High school diploma / GED,distrust_post,44.59646542867024
Portrait Prof. Cherry,education,High school diploma / GED,donation_ams,3.5936085383097334
Portrait Prof. Cherry,education,High school diploma / GED,funding_perceptions,48.91773859659829
Portrait Prof. Cherry,education,High school diploma / GED,inst_trust_mean,25.393942991892494
Portrait Prof. Cherry,education,High school diploma / GED,newsletter_signup,0.4886115789413452
Portrait Prof. Cherry,education,High school diploma / GED,policy_general,46.125880877176925
Portrait Prof. Cherry,education,High school diploma / GED,policy_role_mean,51.95145606994629
Portrait Prof. Cherry,education,High school diploma / GED,policy_specific_mean,38.69011402130127
Portrait Prof. Cherry,education,High school diploma / GED,trust_multidimensional,52.05585161844889
Portrait Prof. Cherry,education,High school diploma / GED,trust_post,42.3486312230428
Portrait Prof. Cherry,education,Some college or Associate's degree,behavior_mean,34.204093615214035
Portrait Prof. Cherry,education,Some college or Associate's degree,belief_post,48.89949560165405
Portrait Prof. Cherry,education,Some college or Associate's degree,concern_mean,35.29818058013916
Portrait Prof. Cherry,education,Some college or Associate's degree,distrust_post,44.27050352096558
Portrait Prof. Cherry,education,Some college or Associate's degree,donation_ams,3.71227502822876
Portrait Prof. Cherry,education,Some college or Associate's degree,funding_perceptions,47.1705158551534
Portrait Prof. Cherry,education,Some college or Associate's degree,inst_trust_mean,25.76201359430949
Portrait Prof. Cherry,education,Some college or Associate's degree,newsletter_signup,0.488725503285726
Portrait Prof. Cherry,education,Some college or Associate's degree,policy_general,46.56999111175536
Portrait Prof. Cherry,education,Some college or Associate's degree,policy_role_mean,51.11343065897624
Portrait Prof. Cherry,education,Some college or Associate's degree,policy_specific_mean,38.27544450759888
Portrait Prof. Cherry,education,Some college or Associate's degree,trust_multidimensional,51.79608662923177
Portrait Prof. Cherry,education,Some college or Associate's degree,trust_post,42.66786575317383
Portrait Prof. Cherry,education,Bachelor's degree,behavior_mean,33.27627579371135
Portrait Prof. Cherry,education,Bachelor's degree,belief_post,48.16064834594727
Portrait Prof. Cherry,education,Bachelor's degree,concern_mean,34.460560480753585
Portrait Prof. Cherry,education,Bachelor's degree,distrust_post,43.44640572865803
Portrait Prof. Cherry,education,Bachelor's degree,donation_ams,3.739497661590576
Portrait Prof. Cherry,education,Bachelor's degree,funding_perceptions,46.224919954935714
Portrait Prof. Cherry,education,Bachelor's degree,inst_trust_mean,24.75792566935221
Portrait Prof. Cherry,education,Bachelor's degree,newsletter_signup,0.4716373682022095
Portrait Prof. Cherry,education,Bachelor's degree,policy_general,46.881357828776046
Portrait Prof. Cherry,education,Bachelor's degree,policy_role_mean,49.795595804850265
Portrait Prof. Cherry,education,Bachelor's degree,policy_specific_mean,37.85649140675862
Portrait Prof. Cherry,education,Bachelor's degree,trust_multidimensional,50.018310546875
Portrait Prof. Cherry,education,Bachelor's degree,trust_post,42.36292044321696
Portrait Prof. Cherry,education,Master's degree / Professional degree,behavior_mean,32.828303178151444
Portrait Prof. Cherry,education,Master's degree / Professional degree,belief_post,47.19366629918416
Portrait Prof. Cherry,education,Master's degree / Professional degree,concern_mean,34.46712891260783
Portrait Prof. Cherry,education,Master's degree / Professional degree,distrust_post,42.83461570739747
Portrait Prof. Cherry,education,Master's degree / Professional degree,donation_ams,3.7218109766642256
Portrait Prof. Cherry,education,Master's degree / Professional degree,funding_perceptions,45.57013909022014
Portrait Prof. Cherry,education,Master's degree / Professional degree,inst_trust_mean,25.01773834228516
Portrait Prof. Cherry,education,Master's degree / Professional degree,newsletter_signup,0.4681334495544433
Portrait Prof. Cherry,education,Master's degree / Professional degree,policy_general,45.82771062850952
Portrait Prof. Cherry,education,Master's degree / Professional degree,policy_role_mean,49.82670942942302
Portrait Prof. Cherry,education,Master's degree / Professional degree,policy_specific_mean,37.67725229263306
Portrait Prof. Cherry,education,Master's degree / Professional degree,trust_multidimensional,49.22345081965129
Portrait Prof. Cherry,education,Master's degree / Professional degree,trust_post,42.23678112030029
Portrait Prof. Cherry,education,Doctorate degree / Ph.D.,behavior_mean,35.37797133127849
Portrait Prof. Cherry,education,Doctorate degree / Ph.D.,belief_post,48.65378538767497
Portrait Prof. Cherry,education,Doctorate degree / Ph.D.,concern_mean,36.28346920013428
Portrait Prof. Cherry,education,Doctorate degree / Ph.D.,distrust_post,44.1667636235555
Portrait Prof. Cherry,education,Doctorate degree / Ph.D.,donation_ams,3.8525676727294926
Portrait Prof. Cherry,education,Doctorate degree / Ph.D.,funding_perceptions,47.22712834676106
Portrait Prof. Cherry,education,Doctorate degree / Ph.D.,inst_trust_mean,27.939975261688232
Portrait Prof. Cherry,education,Doctorate degree / Ph.D.,newsletter_signup,0.4616913000742594
Portrait Prof. Cherry,education,Doctorate degree / Ph.D.,policy_general,47.43140935897826
Portrait Prof. Cherry,education,Doctorate degree / Ph.D.,policy_role_mean,50.87862014770508
Portrait Prof. Cherry,education,Doctorate degree / Ph.D.,policy_specific_mean,40.257342656453446
Portrait Prof. Cherry,education,Doctorate degree / Ph.D.,trust_multidimensional,50.6328026453654
Portrait Prof. Cherry,education,Doctorate degree / Ph.D.,trust_post,44.33255195617676
Model accuracy,education,Less than high school,behavior_mean,40.65159559249878
Model accuracy,education,Less than high school,belief_post,51.82108879089356
Model accuracy,education,Less than high school,concern_mean,38.74359528223674
Model accuracy,education,Less than high school,distrust_post,37.33516136805217
Model accuracy,education,Less than high school,donation_ams,4.633588790893555
Model accuracy,education,Less than high school,funding_perceptions,54.54889138539632
Model accuracy,education,Less than high school,inst_trust_mean,32.59730736414592
Model accuracy,education,Less than high school,newsletter_signup,0.4849472443262736
Model accuracy,education,Less than high school,policy_general,48.775267601013184
Model accuracy,education,Less than high school,policy_role_mean,53.10652256011963
Model accuracy,education,Less than high school,policy_specific_mean,46.86874548594157
Model accuracy,education,Less than high school,trust_multidimensional,44.59081490834555
Model accuracy,education,Less than high school,trust_post,42.48937368392944
Model accuracy,education,High school diploma / GED,behavior_mean,38.24578921000163
Model accuracy,education,High school diploma / GED,belief_post,50.051323572794594
Model accuracy,education,High school diploma / GED,concern_mean,37.39787737528484
Model accuracy,education,High school diploma / GED,distrust_post,34.52266852060954
Model accuracy,education,High school diploma / GED,donation_ams,4.255839188893636
Model accuracy,education,High school diploma / GED,funding_perceptions,52.26017634073893
Model accuracy,education,High school diploma / GED,inst_trust_mean,31.71237707138061
Model accuracy,education,High school diploma / GED,newsletter_signup,0.4816897710164388
Model accuracy,education,High school diploma / GED,policy_general,46.44950230916341
Model accuracy,education,High school diploma / GED,policy_role_mean,50.95299084981283
Model accuracy,education,High school diploma / GED,policy_specific_mean,44.394632180531815
Model accuracy,education,High school diploma / GED,trust_multidimensional,41.87270005544026
Model accuracy,education,High school diploma / GED,trust_post,40.4217004776001
Model accuracy,education,Some college or Associate's degree,behavior_mean,37.42183446884155
Model accuracy,education,Some college or Associate's degree,belief_post,48.86317253112793
Model accuracy,education,Some college or Associate's degree,concern_mean,35.87438265482585
Model accuracy,education,Some college or Associate's degree,distrust_post,34.26217635472615
Model accuracy,education,Some college or Associate's degree,donation_ams,4.289826552073161
Model accuracy,education,Some college or Associate's degree,funding_perceptions,51.44729614257814
Model accuracy,education,Some college or Associate's degree,inst_trust_mean,31.546286741892494
Model accuracy,education,Some college or Associate's degree,newsletter_signup,0.4813445409138997
Model accuracy,education,Some college or Associate's degree,policy_general,46.42078876495361
Model accuracy,education,Some college or Associate's degree,policy_role_mean,50.74325402577718
Model accuracy,education,Some college or Associate's degree,policy_specific_mean,44.10451253255208
Model accuracy,education,Some college or Associate's degree,trust_multidimensional,41.39386812845866
Model accuracy,education,Some college or Associate's degree,trust_post,40.25655587514241
Model accuracy,education,Bachelor's degree,behavior_mean,36.64538065592448
Model accuracy,education,Bachelor's degree,belief_post,46.59231503804524
Model accuracy,education,Bachelor's degree,concern_mean,34.70473289489747
Model accuracy,education,Bachelor's degree,distrust_post,33.40632120768228
Model accuracy,education,Bachelor's degree,donation_ams,4.274871349334717
Model accuracy,education,Bachelor's degree,funding_perceptions,50.060900052388526
Model accuracy,education,Bachelor's degree,inst_trust_mean,30.115779240926106
Model accuracy,education,Bachelor's degree,newsletter_signup,0.472294012705485
Model accuracy,education,Bachelor's degree,policy_general,46.38620217641194
Model accuracy,education,Bachelor's degree,policy_role_mean,48.81648222605386
Model accuracy,education,Bachelor's degree,policy_specific_mean,43.06221803029378
Model accuracy,education,Bachelor's degree,trust_multidimensional,39.35956954956055
Model accuracy,education,Bachelor's degree,trust_post,39.25468524297078
Model accuracy,education,Master's degree / Professional degree,behavior_mean,36.97434663772583
Model accuracy,education,Master's degree / Professional degree,belief_post,46.16746107737224
Model accuracy,education,Master's degree / Professional degree,concern_mean,34.29582516352336
Model accuracy,education,Master's degree / Professional degree,distrust_post,33.16725095113118
Model accuracy,education,Master's degree / Professional degree,donation_ams,4.236701329549153
Model accuracy,education,Master's degree / Professional degree,funding_perceptions,48.79690806070964
Model accuracy,education,Master's degree / Professional degree,inst_trust_mean,30.220405260721844
Model accuracy,education,Master's degree / Professional degree,newsletter_signup,0.4728345870971679
Model accuracy,education,Master's degree / Professional degree,policy_general,46.407151222229
Model accuracy,education,Master's degree / Professional degree,policy_role_mean,48.6127773920695
Model accuracy,education,Master's degree / Professional degree,policy_specific_mean,43.29330921173096
Model accuracy,education,Master's degree / Professional degree,trust_multidimensional,38.45133384068807
Model accuracy,education,Master's degree / Professional degree,trust_post,39.35337861378987
Model accuracy,education,Doctorate degree / Ph.D.,behavior_mean,38.83870442708333
Model accuracy,education,Doctorate degree / Ph.D.,belief_post,46.58848444620769
Model accuracy,education,Doctorate degree / Ph.D.,concern_mean,34.95445251464844
Model accuracy,education,Doctorate degree / Ph.D.,distrust_post,37.44879166285197
Model accuracy,education,Doctorate degree / Ph.D.,donation_ams,4.322210152943929
Model accuracy,education,Doctorate degree / Ph.D.,funding_perceptions,50.70610046386719
Model accuracy,education,Doctorate degree / Ph.D.,inst_trust_mean,32.463888327280685
Model accuracy,education,Doctorate degree / Ph.D.,newsletter_signup,0.4722944895426432
Model accuracy,education,Doctorate degree / Ph.D.,policy_general,49.09505049387613
Model accuracy,education,Doctorate degree / Ph.D.,policy_role_mean,49.96904134750367
Model accuracy,education,Doctorate degree / Ph.D.,policy_specific_mean,46.003643671671554
Model accuracy,education,Doctorate degree / Ph.D.,trust_multidimensional,39.173126220703125
Model accuracy,education,Doctorate degree / Ph.D.,trust_post,43.21005344390869
Interview Prof. Sebille,education,Less than high school,behavior_mean,31.716446081797283
Interview Prof. Sebille,education,Less than high school,belief_post,48.468081156412765
Interview Prof. Sebille,education,Less than high school,concern_mean,36.15216414133708
Interview Prof. Sebille,education,Less than high school,distrust_post,37.63572374979656
Interview Prof. Sebille,education,Less than high school,donation_ams,4.296920299530029
Interview Prof. Sebille,education,Less than high school,funding_perceptions,46.597838401794434
Interview Prof. Sebille,education,Less than high school,inst_trust_mean,23.848958810170483
Interview Prof. Sebille,education,Less than high school,newsletter_signup,0.4707893133163452
Interview Prof. Sebille,education,Less than high school,policy_general,46.38749758402507
Interview Prof. Sebille,education,Less than high school,policy_role_mean,45.97683747609456
Interview Prof. Sebille,education,Less than high school,policy_specific_mean,39.46419556935628
Interview Prof. Sebille,education,Less than high school,trust_multidimensional,42.378052075703934
Interview Prof. Sebille,education,Less than high school,trust_post,35.19635995229085
Interview Prof. Sebille,education,High school diploma / GED,behavior_mean,29.84493970870972
Interview Prof. Sebille,education,High school diploma / GED,belief_post,47.33322064081828
Interview Prof. Sebille,education,High school diploma / GED,concern_mean,35.154906908671066
Interview Prof. Sebille,education,High school diploma / GED,distrust_post,36.00211938222249
Interview Prof. Sebille,education,High school diploma / GED,donation_ams,4.000010093053182
Interview Prof. Sebille,education,High school diploma / GED,funding_perceptions,45.33062775929768
Interview Prof. Sebille,education,High school diploma / GED,inst_trust_mean,23.128962516784668
Interview Prof. Sebille,education,High school diploma / GED,newsletter_signup,0.4578775564829508
Interview Prof. Sebille,education,High school diploma / GED,policy_general,44.39265727996827
Interview Prof. Sebille,education,High school diploma / GED,policy_role_mean,44.35068766276042
Interview Prof. Sebille,education,High school diploma / GED,policy_specific_mean,37.42813269297282
Interview Prof. Sebille,education,High school diploma / GED,trust_multidimensional,39.50681686401367
Interview Prof. Sebille,education,High school diploma / GED,trust_post,35.26718219121297
Interview Prof. Sebille,education,Some college or Associate's degree,behavior_mean,30.032527446746823
Interview Prof. Sebille,education,Some college or Associate's degree,belief_post,48.34278424580892
Interview Prof. Sebille,education,Some college or Associate's degree,concern_mean,35.50981680552165
Interview Prof. Sebille,education,Some college or Associate's degree,distrust_post,37.47932116190593
Interview Prof. Sebille,education,Some college or Associate's degree,donation_ams,4.119610786437988
Interview Prof. Sebille,education,Some college or Associate's degree,funding_perceptions,45.3328013420105
Interview Prof. Sebille,education,Some college or Associate's degree,inst_trust_mean,24.04951651891073
Interview Prof. Sebille,education,Some college or Associate's degree,newsletter_signup,0.4545169274012248
Interview Prof. Sebille,education,Some college or Associate's degree,policy_general,45.43302456537883
Interview Prof. Sebille,education,Some college or Associate's degree,policy_role_mean,44.8967734972636
Interview Prof. Sebille,education,Some college or Associate's degree,policy_specific_mean,38.7284517288208
Interview Prof. Sebille,education,Some college or Associate's degree,trust_multidimensional,40.38876692454021
Interview Prof. Sebille,education,Some college or Associate's degree,trust_post,36.78673108418782
Interview Prof. Sebille,education,Bachelor's degree,behavior_mean,29.37710682551067
Interview Prof. Sebille,education,Bachelor's degree,belief_post,47.88567622502645
Interview Prof. Sebille,education,Bachelor's degree,concern_mean,34.938907623291016
Interview Prof. Sebille,education,Bachelor's degree,distrust_post,36.77939176559448
Interview Prof. Sebille,education,Bachelor's degree,donation_ams,4.083654483159383
Interview Prof. Sebille,education,Bachelor's degree,funding_perceptions,44.26790475845337
Interview Prof. Sebille,education,Bachelor's degree,inst_trust_mean,23.392740885416664
Interview Prof. Sebille,education,Bachelor's degree,newsletter_signup,0.4376837412516276
Interview Prof. Sebille,education,Bachelor's degree,policy_general,45.39332787195842
Interview Prof. Sebille,education,Bachelor's degree,policy_role_mean,44.360899925231934
Interview Prof. Sebille,education,Bachelor's degree,policy_specific_mean,38.79971504211426
Interview Prof. Sebille,education,Bachelor's degree,trust_multidimensional,38.617614905039474
Interview Prof. Sebille,education,Bachelor's degree,trust_post,36.47873401641846
Interview Prof. Sebille,education,Master's degree / Professional degree,behavior_mean,29.776620864868164
Interview Prof. Sebille,education,Master's degree / Professional degree,belief_post,47.08605607350667
Interview Prof. Sebille,education,Master's degree / Professional degree,concern_mean,35.11950969696045
Interview Prof. Sebille,education,Master's degree / Professional degree,distrust_post,36.900440851847335
Interview Prof. Sebille,education,Master's degree / Professional degree,donation_ams,4.133021831512451
Interview Prof. Sebille,education,Master's degree / Professional degree,funding_perceptions,44.46181853612264
Interview Prof. Sebille,education,Master's degree / Professional degree,inst_trust_mean,23.966169357299805
Interview Prof. Sebille,education,Master's degree / Professional degree,newsletter_signup,0.4420099258422851
Interview Prof. Sebille,education,Master's degree / Professional degree,policy_general,44.98010873794555
Interview Prof. Sebille,education,Master's degree / Professional degree,policy_role_mean,44.948744773864746
Interview Prof. Sebille,education,Master's degree / Professional degree,policy_specific_mean,39.120519161224365
Interview Prof. Sebille,education,Master's degree / Professional degree,trust_multidimensional,37.92216380437215
Interview Prof. Sebille,education,Master's degree / Professional degree,trust_post,37.45964368184407
Interview Prof. Sebille,education,Doctorate degree / Ph.D.,behavior_mean,31.009610493977863
Interview Prof. Sebille,education,Doctorate degree / Ph.D.,belief_post,47.30029106140137
Interview Prof. Sebille,education,Doctorate degree / Ph.D.,concern_mean,35.62448819478354
Interview Prof. Sebille,education,Doctorate degree / Ph.D.,distrust_post,40.04212617874146
Interview Prof. Sebille,education,Doctorate degree / Ph.D.,donation_ams,4.276060263315837
Interview Prof. Sebille,education,Doctorate degree / Ph.D.,funding_perceptions,46.07458114624024
Interview Prof. Sebille,education,Doctorate degree / Ph.D.,inst_trust_mean,26.70052051544189
Interview Prof. Sebille,education,Doctorate degree / Ph.D.,newsletter_signup,0.4494060675303141
Interview Prof. Sebille,education,Doctorate degree / Ph.D.,policy_general,45.707039038340255
Interview Prof. Sebille,education,Doctorate degree / Ph.D.,policy_role_mean,46.65720462799072
Interview Prof. Sebille,education,Doctorate degree / Ph.D.,policy_specific_mean,41.22904936472575
Interview Prof. Sebille,education,Doctorate degree / Ph.D.,trust_multidimensional,37.98569838205974
Interview Prof. Sebille,education,Doctorate degree / Ph.D.,trust_post,39.77535565694173
Extreme weather predictions,education,Less than high school,behavior_mean,28.14881404240927
Extreme weather predictions,education,Less than high school,belief_post,34.970808029174805
Extreme weather predictions,education,Less than high school,concern_mean,28.970861434936523
Extreme weather predictions,education,Less than high school,distrust_post,29.401167233785003
Extreme weather predictions,education,Less than high school,donation_ams,3.675991296768189
Extreme weather predictions,education,Less than high school,funding_perceptions,38.34420045216878
Extreme weather predictions,education,Less than high school,inst_trust_mean,18.763816356658936
Extreme weather predictions,education,Less than high school,newsletter_signup,0.4624859491984049
Extreme weather predictions,education,Less than high school,policy_general,38.37788105010986
Extreme weather predictions,education,Less than high school,policy_role_mean,33.47024122873941
Extreme weather predictions,education,Less than high school,policy_specific_mean,29.74011500676473
Extreme weather predictions,education,Less than high school,trust_multidimensional,36.86274687449138
Extreme weather predictions,education,Less than high school,trust_post,32.757019996643066
Extreme weather predictions,education,High school diploma / GED,behavior_mean,25.424321492513013
Extreme weather predictions,education,High school diploma / GED,belief_post,34.32846864064534
Extreme weather predictions,education,High school diploma / GED,concern_mean,27.59950955708821
Extreme weather predictions,education,High school diploma / GED,distrust_post,26.777156194051106
Extreme weather predictions,education,High school diploma / GED,donation_ams,3.3893589178721117
Extreme weather predictions,education,High school diploma / GED,funding_perceptions,35.78826983769734
Extreme weather predictions,education,High school diploma / GED,inst_trust_mean,17.779199282328285
Extreme weather predictions,education,High school diploma / GED,newsletter_signup,0.4578943649927775
Extreme weather predictions,education,High school diploma / GED,policy_general,36.7917537689209
Extreme weather predictions,education,High school diploma / GED,policy_role_mean,31.967560450236004
Extreme weather predictions,education,High school diploma / GED,policy_specific_mean,27.81963348388672
Extreme weather predictions,education,High school diploma / GED,trust_multidimensional,33.86385440826416
Extreme weather predictions,education,High school diploma / GED,trust_post,31.15096092224121
Extreme weather predictions,education,Some college or Associate's degree,behavior_mean,24.89568392435709
Extreme weather predictions,education,Some college or Associate's degree,belief_post,34.3791921933492
Extreme weather predictions,education,Some college or Associate's degree,concern_mean,27.101298173268635
Extreme weather predictions,education,Some college or Associate's degree,distrust_post,26.919066905975345
Extreme weather predictions,education,Some college or Associate's degree,donation_ams,3.524622519810994
Extreme weather predictions,education,Some college or Associate's degree,funding_perceptions,34.79851881663005
Extreme weather predictions,education,Some college or Associate's degree,inst_trust_mean,17.86174774169922
Extreme weather predictions,education,Some college or Associate's degree,newsletter_signup,0.4565605322519938
Extreme weather predictions,education,Some college or Associate's degree,policy_general,37.04980611801148
Extreme weather predictions,education,Some college or Associate's degree,policy_role_mean,31.326035658518474
Extreme weather predictions,education,Some college or Associate's degree,policy_specific_mean,27.449413140614823
Extreme weather predictions,education,Some college or Associate's degree,trust_multidimensional,33.45307906468709
Extreme weather predictions,education,Some college or Associate's degree,trust_post,31.34305477142334
Extreme weather predictions,education,Bachelor's degree,behavior_mean,23.79307746887207
Extreme weather predictions,education,Bachelor's degree,belief_post,33.77563953399658
Extreme weather predictions,education,Bachelor's degree,concern_mean,25.92760324478149
Extreme weather predictions,education,Bachelor's degree,distrust_post,25.43586095174153
Extreme weather predictions,education,Bachelor's degree,donation_ams,3.468320767084758
Extreme weather predictions,education,Bachelor's degree,funding_perceptions,33.092403411865234
Extreme weather predictions,education,Bachelor's degree,inst_trust_mean,16.713480154673256
Extreme weather predictions,education,Bachelor's degree,newsletter_signup,0.4363938967386881
Extreme weather predictions,education,Bachelor's degree,policy_general,36.891138553619385
Extreme weather predictions,education,Bachelor's degree,policy_role_mean,29.709025224049885
Extreme weather predictions,education,Bachelor's degree,policy_specific_mean,26.470192273457844
Extreme weather predictions,education,Bachelor's degree,trust_multidimensional,31.49965604146321
Extreme weather predictions,education,Bachelor's degree,trust_post,30.183641115824383
Extreme weather predictions,education,Master's degree / Professional degree,behavior_mean,24.58849350611369
Extreme weather predictions,education,Master's degree / Professional degree,belief_post,33.40021769205728
Extreme weather predictions,education,Master's degree / Professional degree,concern_mean,26.373028755187995
Extreme weather predictions,education,Master's degree / Professional degree,distrust_post,25.16980568567912
Extreme weather predictions,education,Master's degree / Professional degree,donation_ams,3.502777417500813
Extreme weather predictions,education,Master's degree / Professional degree,funding_perceptions,33.3592693010966
Extreme weather predictions,education,Master's degree / Professional degree,inst_trust_mean,17.059977849324547
Extreme weather predictions,education,Master's degree / Professional degree,newsletter_signup,0.4421165784200033
Extreme weather predictions,education,Master's degree / Professional degree,policy_general,37.138255437215165
Extreme weather predictions,education,Master's degree / Professional degree,policy_role_mean,30.317699909210205
Extreme weather predictions,education,Master's degree / Professional degree,policy_specific_mean,26.815688610076904
Extreme weather predictions,education,Master's degree / Professional degree,trust_multidimensional,31.11361265182495
Extreme weather predictions,education,Master's degree / Professional degree,trust_post,30.56197961171468
Extreme weather predictions,education,Doctorate degree / Ph.D.,behavior_mean,26.452183723449707
Extreme weather predictions,education,Doctorate degree / Ph.D.,belief_post,34.62738196055095
Extreme weather predictions,education,Doctorate degree / Ph.D.,concern_mean,27.08956003189087
Extreme weather predictions,education,Doctorate degree / Ph.D.,distrust_post,26.140356063842773
Extreme weather predictions,education,Doctorate degree / Ph.D.,donation_ams,3.613189061482747
Extreme weather predictions,education,Doctorate degree / Ph.D.,funding_perceptions,34.89997784296672
Extreme weather predictions,education,Doctorate degree / Ph.D.,inst_trust_mean,17.741485436757408
Extreme weather predictions,education,Doctorate degree / Ph.D.,newsletter_signup,0.4369046290715535
Extreme weather predictions,education,Doctorate degree / Ph.D.,policy_general,39.08310731252034
Extreme weather predictions,education,Doctorate degree / Ph.D.,policy_role_mean,31.243483225504548
Extreme weather predictions,education,Doctorate degree / Ph.D.,policy_specific_mean,28.763480981191
Extreme weather predictions,education,Doctorate degree / Ph.D.,trust_multidimensional,31.57477378845215
Extreme weather predictions,education,Doctorate degree / Ph.D.,trust_post,31.54563903808593
control,income,"Less than $30,000",behavior_mean,47.03481992085774
control,income,"Less than $30,000",belief_post,52.50751972198486
control,income,"Less than $30,000",concern_mean,44.69743569691976
control,income,"Less than $30,000",distrust_post,46.05175256729127
control,income,"Less than $30,000",donation_ams,4.981752236684163
control,income,"Less than $30,000",funding_perceptions,53.88110478719076
control,income,"Less than $30,000",inst_trust_mean,39.260141054789216
control,income,"Less than $30,000",newsletter_signup,0.4854863087336221
control,income,"Less than $30,000",policy_general,50.45750141143799
control,income,"Less than $30,000",policy_role_mean,53.05899779001872
control,income,"Less than $30,000",policy_specific_mean,49.59632555643719
control,income,"Less than $30,000",trust_multidimensional,52.63009866078695
control,income,"Less than $30,000",trust_post,45.88735103607177
control,income,"$30,000 to $55,999",behavior_mean,47.14335600535075
control,income,"$30,000 to $55,999",belief_post,52.86542574564616
control,income,"$30,000 to $55,999",concern_mean,44.28250392278035
control,income,"$30,000 to $55,999",distrust_post,45.97424268722535
control,income,"$30,000 to $55,999",donation_ams,4.99561866124471
control,income,"$30,000 to $55,999",funding_perceptions,53.76723607381185
control,income,"$30,000 to $55,999",inst_trust_mean,39.80024655659993
control,income,"$30,000 to $55,999",newsletter_signup,0.4829110304514566
control,income,"$30,000 to $55,999",policy_general,50.70208708445231
control,income,"$30,000 to $55,999",policy_role_mean,53.236802419026695
control,income,"$30,000 to $55,999",policy_specific_mean,49.39593076705933
control,income,"$30,000 to $55,999",trust_multidimensional,52.73861885070801
control,income,"$30,000 to $55,999",trust_post,46.71613375345866
control,income,"$56,000 to $99,999",behavior_mean,46.31908337275186
control,income,"$56,000 to $99,999",belief_post,53.04593245188395
control,income,"$56,000 to $99,999",concern_mean,43.29938491185507
control,income,"$56,000 to $99,999",distrust_post,45.77839374542236
control,income,"$56,000 to $99,999",donation_ams,4.948639074961346
control,income,"$56,000 to $99,999",funding_perceptions,53.203185399373375
control,income,"$56,000 to $99,999",inst_trust_mean,39.01814619700114
control,income,"$56,000 to $99,999",newsletter_signup,0.4830421606699626
control,income,"$56,000 to $99,999",policy_general,50.53178469340006
control,income,"$56,000 to $99,999",policy_role_mean,53.41566403706869
control,income,"$56,000 to $99,999",policy_specific_mean,48.786818981170654
control,income,"$56,000 to $99,999",trust_multidimensional,52.4489959081014
control,income,"$56,000 to $99,999",trust_post,46.56147559483847
control,income,"$100,000 to $167,999",behavior_mean,46.84640963872273
control,income,"$100,000 to $167,999",belief_post,52.47658093770345
control,income,"$100,000 to $167,999",concern_mean,43.20310751597087
control,income,"$100,000 to $167,999",distrust_post,45.35020192464194
control,income,"$100,000 to $167,999",donation_ams,4.925145308176677
control,income,"$100,000 to $167,999",funding_perceptions,53.33181222279867
control,income,"$100,000 to $167,999",inst_trust_mean,39.06273444493611
control,income,"$100,000 to $167,999",newsletter_signup,0.4838717778523763
control,income,"$100,000 to $167,999",policy_general,50.75754324595133
control,income,"$100,000 to $167,999",policy_role_mean,53.92527580261231
control,income,"$100,000 to $167,999",policy_specific_mean,49.16167656580606
control,income,"$100,000 to $167,999",trust_multidimensional,51.61032676696777
control,income,"$100,000 to $167,999",trust_post,47.07361459732056
control,income,"$168,000 or more",behavior_mean,46.546518802642815
control,income,"$168,000 or more",belief_post,52.11745103200277
control,income,"$168,000 or more",concern_mean,43.899405002594
control,income,"$168,000 or more",distrust_post,45.7073450088501
control,income,"$168,000 or more",donation_ams,4.825348456700643
control,income,"$168,000 or more",funding_perceptions,53.44810485839844
control,income,"$168,000 or more",inst_trust_mean,39.514776070912674
control,income,"$168,000 or more",newsletter_signup,0.4827978610992431
control,income,"$168,000 or more",policy_general,50.81284840901693
control,income,"$168,000 or more",policy_role_mean,53.3939520517985
control,income,"$168,000 or more",policy_specific_mean,49.21561876932781
control,income,"$168,000 or more",trust_multidimensional,51.49362087249756
control,income,"$168,000 or more",trust_post,47.10143407185872
Corporate reliance,income,"Less than $30,000",behavior_mean,25.154590606689453
Corporate reliance,income,"Less than $30,000",belief_post,29.40053939819336
Corporate reliance,income,"Less than $30,000",concern_mean,30.27356465657552
Corporate reliance,income,"Less than $30,000",distrust_post,27.07367738087972
Corporate reliance,income,"Less than $30,000",donation_ams,3.16922664642334
Corporate reliance,income,"Less than $30,000",funding_perceptions,35.3412389755249
Corporate reliance,income,"Less than $30,000",inst_trust_mean,23.034377892812092
Corporate reliance,income,"Less than $30,000",newsletter_signup,0.4284650484720866
Corporate reliance,income,"Less than $30,000",policy_general,30.769526958465576
Corporate reliance,income,"Less than $30,000",policy_role_mean,30.87278207143148
Corporate reliance,income,"Less than $30,000",policy_specific_mean,32.7599803606669
Corporate reliance,income,"Less than $30,000",trust_multidimensional,32.29139645894368
Corporate reliance,income,"Less than $30,000",trust_post,30.819698174794517
Corporate reliance,income,"$30,000 to $55,999",behavior_mean,24.488000075022377
Corporate reliance,income,"$30,000 to $55,999",belief_post,28.864510854085285
Corporate reliance,income,"$30,000 to $55,999",concern_mean,28.623024622599285
Corporate reliance,income,"$30,000 to $55,999",distrust_post,24.9994158744812
Corporate reliance,income,"$30,000 to $55,999",donation_ams,3.1519071261088056
Corporate reliance,income,"$30,000 to $55,999",funding_perceptions,32.29949474334717
Corporate reliance,income,"$30,000 to $55,999",inst_trust_mean,23.029232025146484
Corporate reliance,income,"$30,000 to $55,999",newsletter_signup,0.4362508058547973
Corporate reliance,income,"$30,000 to $55,999",policy_general,30.31338055928548
Corporate reliance,income,"$30,000 to $55,999",policy_role_mean,29.36428387959798
Corporate reliance,income,"$30,000 to $55,999",policy_specific_mean,31.64736032485962
Corporate reliance,income,"$30,000 to $55,999",trust_multidimensional,31.25920295715332
Corporate reliance,income,"$30,000 to $55,999",trust_post,29.76318597793579
Corporate reliance,income,"$56,000 to $99,999",behavior_mean,23.60820770263672
Corporate reliance,income,"$56,000 to $99,999",belief_post,28.790295124053955
Corporate reliance,income,"$56,000 to $99,999",concern_mean,28.43881845474243
Corporate reliance,income,"$56,000 to $99,999",distrust_post,24.21027819315592
Corporate reliance,income,"$56,000 to $99,999",donation_ams,3.073575496673584
Corporate reliance,income,"$56,000 to $99,999",funding_perceptions,30.94356060028076
Corporate reliance,income,"$56,000 to $99,999",inst_trust_mean,23.046064376831065
Corporate reliance,income,"$56,000 to $99,999",newsletter_signup,0.4257560968399048
Corporate reliance,income,"$56,000 to $99,999",policy_general,30.047980944315597
Corporate reliance,income,"$56,000 to $99,999",policy_role_mean,29.374440511067707
Corporate reliance,income,"$56,000 to $99,999",policy_specific_mean,30.679957071940105
Corporate reliance,income,"$56,000 to $99,999",trust_multidimensional,30.78864415486653
Corporate reliance,income,"$56,000 to $99,999",trust_post,29.249274730682373
Corporate reliance,income,"$100,000 to $167,999",behavior_mean,22.81020085016886
Corporate reliance,income,"$100,000 to $167,999",belief_post,27.50713030497233
Corporate reliance,income,"$100,000 to $167,999",concern_mean,26.881905396779377
Corporate reliance,income,"$100,000 to $167,999",distrust_post,22.54933913548788
Corporate reliance,income,"$100,000 to $167,999",donation_ams,3.02557110786438
Corporate reliance,income,"$100,000 to $167,999",funding_perceptions,29.56091562906901
Corporate reliance,income,"$100,000 to $167,999",inst_trust_mean,22.05754518508911
Corporate reliance,income,"$100,000 to $167,999",newsletter_signup,0.4235033988952636
Corporate reliance,income,"$100,000 to $167,999",policy_general,29.646102587382
Corporate reliance,income,"$100,000 to $167,999",policy_role_mean,28.152533372243244
Corporate reliance,income,"$100,000 to $167,999",policy_specific_mean,29.8466722170512
Corporate reliance,income,"$100,000 to $167,999",trust_multidimensional,29.43118413289388
Corporate reliance,income,"$100,000 to $167,999",trust_post,28.427294890085864
Corporate reliance,income,"$168,000 or more",behavior_mean,24.50188000996908
Corporate reliance,income,"$168,000 or more",belief_post,29.11640008290608
Corporate reliance,income,"$168,000 or more",concern_mean,29.585214455922443
Corporate reliance,income,"$168,000 or more",distrust_post,24.71507390340169
Corporate reliance,income,"$168,000 or more",donation_ams,3.0495790640513105
Corporate reliance,income,"$168,000 or more",funding_perceptions,31.78244431813558
Corporate reliance,income,"$168,000 or more",inst_trust_mean,24.675734837849937
Corporate reliance,income,"$168,000 or more",newsletter_signup,0.4110795656840006
Corporate reliance,income,"$168,000 or more",policy_general,31.145000457763672
Corporate reliance,income,"$168,000 or more",policy_role_mean,30.02445300420125
Corporate reliance,income,"$168,000 or more",policy_specific_mean,32.76144663492839
Corporate reliance,income,"$168,000 or more",trust_multidimensional,31.340372562408447
Corporate reliance,income,"$168,000 or more",trust_post,29.09844716389974
Social justice,income,"Less than $30,000",behavior_mean,26.443628470102947
Social justice,income,"Less than $30,000",belief_post,39.1218622525533
Social justice,income,"Less than $30,000",concern_mean,31.840773423512776
Social justice,income,"Less than $30,000",distrust_post,31.54687484105428
Social justice,income,"Less than $30,000",donation_ams,3.5052116711934405
Social justice,income,"Less than $30,000",funding_perceptions,37.09743817647298
Social justice,income,"Less than $30,000",inst_trust_mean,17.693074544270836
Social justice,income,"Less than $30,000",newsletter_signup,0.3789926767349243
Social justice,income,"Less than $30,000",policy_general,37.33406066894531
Social justice,income,"Less than $30,000",policy_role_mean,30.79119126001994
Social justice,income,"Less than $30,000",policy_specific_mean,33.09574921925862
Social justice,income,"Less than $30,000",trust_multidimensional,33.5103193918864
Social justice,income,"Less than $30,000",trust_post,32.494227091471345
Social justice,income,"$30,000 to $55,999",behavior_mean,24.282666047414143
Social justice,income,"$30,000 to $55,999",belief_post,37.789185841878265
Social justice,income,"$30,000 to $55,999",concern_mean,29.848869641621903
Social justice,income,"$30,000 to $55,999",distrust_post,28.80784273147583
Social justice,income,"$30,000 to $55,999",donation_ams,3.3399343490600586
Social justice,income,"$30,000 to $55,999",funding_perceptions,35.083047548929855
Social justice,income,"$30,000 to $55,999",inst_trust_mean,16.671228408813477
Social justice,income,"$30,000 to $55,999",newsletter_signup,0.3757789134979248
Social justice,income,"$30,000 to $55,999",policy_general,36.11773252487183
Social justice,income,"$30,000 to $55,999",policy_role_mean,29.6188235282898
Social justice,income,"$30,000 to $55,999",policy_specific_mean,31.31959040959676
Social justice,income,"$30,000 to $55,999",trust_multidimensional,32.21747875213623
Social justice,income,"$30,000 to $55,999",trust_post,31.31455977757772
Social justice,income,"$56,000 to $99,999",behavior_mean,23.749915758768715
Social justice,income,"$56,000 to $99,999",belief_post,37.69406080245972
Social justice,income,"$56,000 to $99,999",concern_mean,29.672181606292725
Social justice,income,"$56,000 to $99,999",distrust_post,28.016026814778645
Social justice,income,"$56,000 to $99,999",donation_ams,3.3157797654469805
Social justice,income,"$56,000 to $99,999",funding_perceptions,33.73866081237793
Social justice,income,"$56,000 to $99,999",inst_trust_mean,16.9779380162557
Social justice,income,"$56,000 to $99,999",newsletter_signup,0.3743093411127727
Social justice,income,"$56,000 to $99,999",policy_general,35.67870457967122
Social justice,income,"$56,000 to $99,999",policy_role_mean,29.5242706934611
Social justice,income,"$56,000 to $99,999",policy_specific_mean,31.14175001780192
Social justice,income,"$56,000 to $99,999",trust_multidimensional,32.14441140492757
Social justice,income,"$56,000 to $99,999",trust_post,31.15363121032715
Social justice,income,"$100,000 to $167,999",behavior_mean,22.62974977493287
Social justice,income,"$100,000 to $167,999",belief_post,35.912247498830155
Social justice,income,"$100,000 to $167,999",concern_mean,28.25405200322468
Social justice,income,"$100,000 to $167,999",distrust_post,26.78529421488444
Social justice,income,"$100,000 to $167,999",donation_ams,3.090525070826213
Social justice,income,"$100,000 to $167,999",funding_perceptions,32.77287085851033
Social justice,income,"$100,000 to $167,999",inst_trust_mean,15.41084051132202
Social justice,income,"$100,000 to $167,999",newsletter_signup,0.3622966607411702
Social justice,income,"$100,000 to $167,999",policy_general,34.5433235168457
Social justice,income,"$100,000 to $167,999",policy_role_mean,27.694666385650635
Social justice,income,"$100,000 to $167,999",policy_specific_mean,30.098756154378265
Social justice,income,"$100,000 to $167,999",trust_multidimensional,30.95766305923462
Social justice,income,"$100,000 to $167,999",trust_post,30.154065291086837
Social justice,income,"$168,000 or more",behavior_mean,22.599450747172035
Social justice,income,"$168,000 or more",belief_post,36.86562379201253
Social justice,income,"$168,000 or more",concern_mean,28.89894247055053
Social justice,income,"$168,000 or more",distrust_post,28.50298086802165
Social justice,income,"$168,000 or more",donation_ams,3.262550433476767
Social justice,income,"$168,000 or more",funding_perceptions,31.843396027882893
Social justice,income,"$168,000 or more",inst_trust_mean,16.490711768468223
Social justice,income,"$168,000 or more",newsletter_signup,0.3647084633509318
Social justice,income,"$168,000 or more",policy_general,33.20640325546265
Social justice,income,"$168,000 or more",policy_role_mean,28.249589602152508
Social justice,income,"$168,000 or more",policy_specific_mean,30.323739846547443
Social justice,income,"$168,000 or more",trust_multidimensional,31.77319367726644
Social justice,income,"$168,000 or more",trust_post,29.472561677296955
Interview Prof. Maraun,income,"Less than $30,000",behavior_mean,31.1498522758484
Interview Prof. Maraun,income,"Less than $30,000",belief_post,48.275089263916016
Interview Prof. Maraun,income,"Less than $30,000",concern_mean,34.783391157786056
Interview Prof. Maraun,income,"Less than $30,000",distrust_post,36.90450588862102
Interview Prof. Maraun,income,"Less than $30,000",donation_ams,4.1905951499938965
Interview Prof. Maraun,income,"Less than $30,000",funding_perceptions,50.79319477081299
Interview Prof. Maraun,income,"Less than $30,000",inst_trust_mean,26.019851366678875
Interview Prof. Maraun,income,"Less than $30,000",newsletter_signup,0.515099048614502
Interview Prof. Maraun,income,"Less than $30,000",policy_general,44.59353685379028
Interview Prof. Maraun,income,"Less than $30,000",policy_role_mean,50.37836233774821
Interview Prof. Maraun,income,"Less than $30,000",policy_specific_mean,38.81722291310628
Interview Prof. Maraun,income,"Less than $30,000",trust_multidimensional,43.11152299245198
Interview Prof. Maraun,income,"Less than $30,000",trust_post,37.83324559529622
Interview Prof. Maraun,income,"$30,000 to $55,999",behavior_mean,29.33850685755412
Interview Prof. Maraun,income,"$30,000 to $55,999",belief_post,46.8835473060608
Interview Prof. Maraun,income,"$30,000 to $55,999",concern_mean,33.45586061477661
Interview Prof. Maraun,income,"$30,000 to $55,999",distrust_post,37.41257190704346
Interview Prof. Maraun,income,"$30,000 to $55,999",donation_ams,4.133286476135254
Interview Prof. Maraun,income,"$30,000 to $55,999",funding_perceptions,48.68529637654622
Interview Prof. Maraun,income,"$30,000 to $55,999",inst_trust_mean,25.325079758962005
Interview Prof. Maraun,income,"$30,000 to $55,999",newsletter_signup,0.5130701859792074
Interview Prof. Maraun,income,"$30,000 to $55,999",policy_general,44.7021762530009
Interview Prof. Maraun,income,"$30,000 to $55,999",policy_role_mean,49.43379561106362
Interview Prof. Maraun,income,"$30,000 to $55,999",policy_specific_mean,37.45309909184773
Interview Prof. Maraun,income,"$30,000 to $55,999",trust_multidimensional,42.09372202555339
Interview Prof. Maraun,income,"$30,000 to $55,999",trust_post,38.88876438140869
Interview Prof. Maraun,income,"$56,000 to $99,999",behavior_mean,27.811622619628903
Interview Prof. Maraun,income,"$56,000 to $99,999",belief_post,45.18791834513347
Interview Prof. Maraun,income,"$56,000 to $99,999",concern_mean,32.795119285583496
Interview Prof. Maraun,income,"$56,000 to $99,999",distrust_post,36.5122636159261
Interview Prof. Maraun,income,"$56,000 to $99,999",donation_ams,4.065996805826823
Interview Prof. Maraun,income,"$56,000 to $99,999",funding_perceptions,46.26173973083496
Interview Prof. Maraun,income,"$56,000 to $99,999",inst_trust_mean,24.72522258758545
Interview Prof. Maraun,income,"$56,000 to $99,999",newsletter_signup,0.4949095249176025
Interview Prof. Maraun,income,"$56,000 to $99,999",policy_general,43.40310891469319
Interview Prof. Maraun,income,"$56,000 to $99,999",policy_role_mean,47.912538051605225
Interview Prof. Maraun,income,"$56,000 to $99,999",policy_specific_mean,36.21910810470581
Interview Prof. Maraun,income,"$56,000 to $99,999",trust_multidimensional,40.48375288645427
Interview Prof. Maraun,income,"$56,000 to $99,999",trust_post,38.30475807189941
Interview Prof. Maraun,income,"$100,000 to $167,999",behavior_mean,27.523974577585864
Interview Prof. Maraun,income,"$100,000 to $167,999",belief_post,44.67056592305501
Interview Prof. Maraun,income,"$100,000 to $167,999",concern_mean,31.90068006515503
Interview Prof. Maraun,income,"$100,000 to $167,999",distrust_post,35.690410931905106
Interview Prof. Maraun,income,"$100,000 to $167,999",donation_ams,4.042878945668538
Interview Prof. Maraun,income,"$100,000 to $167,999",funding_perceptions,46.31320238113403
Interview Prof. Maraun,income,"$100,000 to $167,999",inst_trust_mean,23.79796107610067
Interview Prof. Maraun,income,"$100,000 to $167,999",newsletter_signup,0.4979220231374104
Interview Prof. Maraun,income,"$100,000 to $167,999",policy_general,43.17645231882732
Interview Prof. Maraun,income,"$100,000 to $167,999",policy_role_mean,47.74336020151775
Interview Prof. Maraun,income,"$100,000 to $167,999",policy_specific_mean,35.92077096303304
Interview Prof. Maraun,income,"$100,000 to $167,999",trust_multidimensional,39.51113224029541
Interview Prof. Maraun,income,"$100,000 to $167,999",trust_post,38.05963595708211
Interview Prof. Maraun,income,"$168,000 or more",behavior_mean,28.60252062479655
Interview Prof. Maraun,income,"$168,000 or more",belief_post,46.12569808959962
Interview Prof. Maraun,income,"$168,000 or more",concern_mean,33.78954728444417
Interview Prof. Maraun,income,"$168,000 or more",distrust_post,37.22794850667317
Interview Prof. Maraun,income,"$168,000 or more",donation_ams,4.066609144210815
Interview Prof. Maraun,income,"$168,000 or more",funding_perceptions,47.02555338541667
Interview Prof. Maraun,income,"$168,000 or more",inst_trust_mean,25.64414342244467
Interview Prof. Maraun,income,"$168,000 or more",newsletter_signup,0.487003246943156
Interview Prof. Maraun,income,"$168,000 or more",policy_general,45.05760669708252
Interview Prof. Maraun,income,"$168,000 or more",policy_role_mean,49.6539831161499
Interview Prof. Maraun,income,"$168,000 or more",policy_specific_mean,37.247610092163086
Interview Prof. Maraun,income,"$168,000 or more",trust_multidimensional,40.36285082499187
Interview Prof. Maraun,income,"$168,000 or more",trust_post,38.83338769276936
Funding,income,"Less than $30,000",behavior_mean,39.24074570337932
Funding,income,"Less than $30,000",belief_post,38.820699850718185
Funding,income,"Less than $30,000",concern_mean,40.1633898417155
Funding,income,"Less than $30,000",distrust_post,38.10320695241292
Funding,income,"Less than $30,000",donation_ams,3.4552868207295733
Funding,income,"Less than $30,000",funding_perceptions,37.47361501057942
Funding,income,"Less than $30,000",inst_trust_mean,36.70819997787476
Funding,income,"Less than $30,000",newsletter_signup,0.3845197359720866
Funding,income,"Less than $30,000",policy_general,41.44773483276367
Funding,income,"Less than $30,000",policy_role_mean,44.07475392023723
Funding,income,"Less than $30,000",policy_specific_mean,43.08954079945882
Funding,income,"Less than $30,000",trust_multidimensional,41.36484464009602
Funding,income,"Less than $30,000",trust_post,41.12302462259929
Funding,income,"$30,000 to $55,999",behavior_mean,38.06697527567546
Funding,income,"$30,000 to $55,999",belief_post,37.1396541595459
Funding,income,"$30,000 to $55,999",concern_mean,38.9400839805603
Funding,income,"$30,000 to $55,999",distrust_post,35.52958965301514
Funding,income,"$30,000 to $55,999",donation_ams,3.4592783451080327
Funding,income,"$30,000 to $55,999",funding_perceptions,35.36624113718669
Funding,income,"$30,000 to $55,999",inst_trust_mean,35.48233111699422
Funding,income,"$30,000 to $55,999",newsletter_signup,0.3777439594268799
Funding,income,"$30,000 to $55,999",policy_general,39.917731285095215
Funding,income,"$30,000 to $55,999",policy_role_mean,41.97776714960735
Funding,income,"$30,000 to $55,999",policy_specific_mean,41.5238340695699
Funding,income,"$30,000 to $55,999",trust_multidimensional,39.521602789560944
Funding,income,"$30,000 to $55,999",trust_post,39.79589939117432
Funding,income,"$56,000 to $99,999",behavior_mean,37.86255915959676
Funding,income,"$56,000 to $99,999",belief_post,36.84421380360921
Funding,income,"$56,000 to $99,999",concern_mean,38.64390850067139
Funding,income,"$56,000 to $99,999",distrust_post,34.43119923273723
Funding,income,"$56,000 to $99,999",donation_ams,3.476351896921794
Funding,income,"$56,000 to $99,999",funding_perceptions,35.01972754796347
Funding,income,"$56,000 to $99,999",inst_trust_mean,35.40822664896648
Funding,income,"$56,000 to $99,999",newsletter_signup,0.3752219676971435
Funding,income,"$56,000 to $99,999",policy_general,39.82282479604085
Funding,income,"$56,000 to $99,999",policy_role_mean,41.5168046951294
Funding,income,"$56,000 to $99,999",policy_specific_mean,41.25833511352539
Funding,income,"$56,000 to $99,999",trust_multidimensional,39.00105555852254
Funding,income,"$56,000 to $99,999",trust_post,39.71522251764934
Funding,income,"$100,000 to $167,999",behavior_mean,37.87586688995361
Funding,income,"$100,000 to $167,999",belief_post,34.80944633483887
Funding,income,"$100,000 to $167,999",concern_mean,37.51550515492757
Funding,income,"$100,000 to $167,999",distrust_post,32.719500859578446
Funding,income,"$100,000 to $167,999",donation_ams,3.4735027949015302
Funding,income,"$100,000 to $167,999",funding_perceptions,33.854754765828446
Funding,income,"$100,000 to $167,999",inst_trust_mean,34.43099657694499
Funding,income,"$100,000 to $167,999",newsletter_signup,0.3701671361923218
Funding,income,"$100,000 to $167,999",policy_general,38.608431816101074
Funding,income,"$100,000 to $167,999",policy_role_mean,40.546186765035
Funding,income,"$100,000 to $167,999",policy_specific_mean,40.41711489359538
Funding,income,"$100,000 to $167,999",trust_multidimensional,37.91166146596274
Funding,income,"$100,000 to $167,999",trust_post,38.2351279258728
Funding,income,"$168,000 or more",behavior_mean,38.9843503634135
Funding,income,"$168,000 or more",belief_post,36.529604593912765
Funding,income,"$168,000 or more",concern_mean,38.76786231994629
Funding,income,"$168,000 or more",distrust_post,34.12714799245198
Funding,income,"$168,000 or more",donation_ams,3.5203834374745684
Funding,income,"$168,000 or more",funding_perceptions,34.82338984807332
Funding,income,"$168,000 or more",inst_trust_mean,36.36000156402588
Funding,income,"$168,000 or more",newsletter_signup,0.3847520748774211
Funding,income,"$168,000 or more",policy_general,38.23971350987753
Funding,income,"$168,000 or more",policy_role_mean,42.09276040395101
Funding,income,"$168,000 or more",policy_specific_mean,41.41564766565959
Funding,income,"$168,000 or more",trust_multidimensional,39.53974644343059
Funding,income,"$168,000 or more",trust_post,39.76345856984456
Oil industry misinformation,income,"Less than $30,000",behavior_mean,37.18798955281575
Oil industry misinformation,income,"Less than $30,000",belief_post,37.23381360371907
Oil industry misinformation,income,"Less than $30,000",concern_mean,38.56420914332072
Oil industry misinformation,income,"Less than $30,000",distrust_post,30.94578584035237
Oil industry misinformation,income,"Less than $30,000",donation_ams,3.602622350056967
Oil industry misinformation,income,"Less than $30,000",funding_perceptions,42.83868074417115
Oil industry misinformation,income,"Less than $30,000",inst_trust_mean,32.581981023152665
Oil industry misinformation,income,"Less than $30,000",newsletter_signup,0.4229634205500285
Oil industry misinformation,income,"Less than $30,000",policy_general,41.60062472025554
Oil industry misinformation,income,"Less than $30,000",policy_role_mean,37.55071957906087
Oil industry misinformation,income,"Less than $30,000",policy_specific_mean,38.03129196166993
Oil industry misinformation,income,"Less than $30,000",trust_multidimensional,36.50166193644206
Oil industry misinformation,income,"Less than $30,000",trust_post,38.89756202697754
Oil industry misinformation,income,"$30,000 to $55,999",behavior_mean,35.39271752039592
Oil industry misinformation,income,"$30,000 to $55,999",belief_post,35.933756828308105
Oil industry misinformation,income,"$30,000 to $55,999",concern_mean,36.79333925247192
Oil industry misinformation,income,"$30,000 to $55,999",distrust_post,29.48704560597737
Oil industry misinformation,income,"$30,000 to $55,999",donation_ams,3.497648636500041
Oil industry misinformation,income,"$30,000 to $55,999",funding_perceptions,40.55397113164267
Oil industry misinformation,income,"$30,000 to $55,999",inst_trust_mean,31.593696276346844
Oil industry misinformation,income,"$30,000 to $55,999",newsletter_signup,0.4144124984741211
Oil industry misinformation,income,"$30,000 to $55,999",policy_general,39.84332084655762
Oil industry misinformation,income,"$30,000 to $55,999",policy_role_mean,36.62506739298503
Oil industry misinformation,income,"$30,000 to $55,999",policy_specific_mean,36.52840455373128
Oil industry misinformation,income,"$30,000 to $55,999",trust_multidimensional,34.61066881815593
Oil industry misinformation,income,"$30,000 to $55,999",trust_post,38.02477916081746
Oil industry misinformation,income,"$56,000 to $99,999",behavior_mean,34.524476528167725
Oil industry misinformation,income,"$56,000 to $99,999",belief_post,34.593041737874344
Oil industry misinformation,income,"$56,000 to $99,999",concern_mean,35.63912709554036
Oil industry misinformation,income,"$56,000 to $99,999",distrust_post,28.41000159581502
Oil industry misinformation,income,"$56,000 to $99,999",donation_ams,3.3951886494954424
Oil industry misinformation,income,"$56,000 to $99,999",funding_perceptions,38.386352856953934
Oil industry misinformation,income,"$56,000 to $99,999",inst_trust_mean,30.525851249694817
Oil industry misinformation,income,"$56,000 to $99,999",newsletter_signup,0.4100067218144734
Oil industry misinformation,income,"$56,000 to $99,999",policy_general,38.6592984199524
Oil industry misinformation,income,"$56,000 to $99,999",policy_role_mean,34.96260643005371
Oil industry misinformation,income,"$56,000 to $99,999",policy_specific_mean,35.25447050730388
Oil industry misinformation,income,"$56,000 to $99,999",trust_multidimensional,33.28092098236084
Oil industry misinformation,income,"$56,000 to $99,999",trust_post,36.7050806681315
Oil industry misinformation,income,"$100,000 to $167,999",behavior_mean,33.51474603017171
Oil industry misinformation,income,"$100,000 to $167,999",belief_post,32.71820147832234
Oil industry misinformation,income,"$100,000 to $167,999",concern_mean,34.141310056050614
Oil industry misinformation,income,"$100,000 to $167,999",distrust_post,27.593318621317547
Oil industry misinformation,income,"$100,000 to $167,999",donation_ams,3.170190652211507
Oil industry misinformation,income,"$100,000 to $167,999",funding_perceptions,36.85211340586344
Oil industry misinformation,income,"$100,000 to $167,999",inst_trust_mean,29.463064670562744
Oil industry misinformation,income,"$100,000 to $167,999",newsletter_signup,0.4043098290761311
Oil industry misinformation,income,"$100,000 to $167,999",policy_general,37.00870672861736
Oil industry misinformation,income,"$100,000 to $167,999",policy_role_mean,33.61513217290242
Oil industry misinformation,income,"$100,000 to $167,999",policy_specific_mean,33.856995900472
Oil industry misinformation,income,"$100,000 to $167,999",trust_multidimensional,31.77887996037801
Oil industry misinformation,income,"$100,000 to $167,999",trust_post,35.48756043116252
Oil industry misinformation,income,"$168,000 or more",behavior_mean,34.31028525034587
Oil industry misinformation,income,"$168,000 or more",belief_post,32.94862111409505
Oil industry misinformation,income,"$168,000 or more",concern_mean,34.024039904276535
Oil industry misinformation,income,"$168,000 or more",distrust_post,28.09410095214844
Oil industry misinformation,income,"$168,000 or more",donation_ams,3.246274789174397
Oil industry misinformation,income,"$168,000 or more",funding_perceptions,37.13173468907674
Oil industry misinformation,income,"$168,000 or more",inst_trust_mean,29.707109928131104
Oil industry misinformation,income,"$168,000 or more",newsletter_signup,0.4033517042795817
Oil industry misinformation,income,"$168,000 or more",policy_general,37.75477806727092
Oil industry misinformation,income,"$168,000 or more",policy_role_mean,33.99001757303874
Oil industry misinformation,income,"$168,000 or more",policy_specific_mean,34.801316261291504
Oil industry misinformation,income,"$168,000 or more",trust_multidimensional,31.78675969441732
Oil industry misinformation,income,"$168,000 or more",trust_post,35.37150224049887
Measurement & modeling (1),income,"Less than $30,000",behavior_mean,30.21649916966756
Measurement & modeling (1),income,"Less than $30,000",belief_post,36.83269023895264
Measurement & modeling (1),income,"Less than $30,000",concern_mean,25.2971609433492
Measurement & modeling (1),income,"Less than $30,000",distrust_post,30.82271814346313
Measurement & modeling (1),income,"Less than $30,000",donation_ams,4.324524005254109
Measurement & modeling (1),income,"Less than $30,000",funding_perceptions,45.798611640930176
Measurement & modeling (1),income,"Less than $30,000",inst_trust_mean,16.5105680624644
Measurement & modeling (1),income,"Less than $30,000",newsletter_signup,0.3582651615142822
Measurement & modeling (1),income,"Less than $30,000",policy_general,39.67545032501221
Measurement & modeling (1),income,"Less than $30,000",policy_role_mean,40.74235757191976
Measurement & modeling (1),income,"Less than $30,000",policy_specific_mean,31.37966791788737
Measurement & modeling (1),income,"Less than $30,000",trust_multidimensional,36.50291760762532
Measurement & modeling (1),income,"Less than $30,000",trust_post,34.13354158401489
Measurement & modeling (1),income,"$30,000 to $55,999",behavior_mean,29.913679758707683
Measurement & modeling (1),income,"$30,000 to $55,999",belief_post,38.036175568898514
Measurement & modeling (1),income,"$30,000 to $55,999",concern_mean,24.308574199676517
Measurement & modeling (1),income,"$30,000 to $55,999",distrust_post,30.387226740519207
Measurement & modeling (1),income,"$30,000 to $55,999",donation_ams,4.277980327606201
Measurement & modeling (1),income,"$30,000 to $55,999",funding_perceptions,43.85809103647868
Measurement & modeling (1),income,"$30,000 to $55,999",inst_trust_mean,18.20803085962931
Measurement & modeling (1),income,"$30,000 to $55,999",newsletter_signup,0.3557566006978354
Measurement & modeling (1),income,"$30,000 to $55,999",policy_general,39.21889066696167
Measurement & modeling (1),income,"$30,000 to $55,999",policy_role_mean,40.6618595123291
Measurement & modeling (1),income,"$30,000 to $55,999",policy_specific_mean,30.957194169362385
Measurement & modeling (1),income,"$30,000 to $55,999",trust_multidimensional,36.807843049367264
Measurement & modeling (1),income,"$30,000 to $55,999",trust_post,35.84101994832356
Measurement & modeling (1),income,"$56,000 to $99,999",behavior_mean,28.128711382548016
Measurement & modeling (1),income,"$56,000 to $99,999",belief_post,35.97522179285686
Measurement & modeling (1),income,"$56,000 to $99,999",concern_mean,23.222573598225917
Measurement & modeling (1),income,"$56,000 to $99,999",distrust_post,27.755236625671387
Measurement & modeling (1),income,"$56,000 to $99,999",donation_ams,4.065992832183838
Measurement & modeling (1),income,"$56,000 to $99,999",funding_perceptions,41.05520248413087
Measurement & modeling (1),income,"$56,000 to $99,999",inst_trust_mean,16.987645626068115
Measurement & modeling (1),income,"$56,000 to $99,999",newsletter_signup,0.3445411125818888
Measurement & modeling (1),income,"$56,000 to $99,999",policy_general,37.59671449661255
Measurement & modeling (1),income,"$56,000 to $99,999",policy_role_mean,39.200754960378006
Measurement & modeling (1),income,"$56,000 to $99,999",policy_specific_mean,28.937077522277832
Measurement & modeling (1),income,"$56,000 to $99,999",trust_multidimensional,34.660883744557694
Measurement & modeling (1),income,"$56,000 to $99,999",trust_post,34.46126778920491
Measurement & modeling (1),income,"$100,000 to $167,999",behavior_mean,27.83570686976115
Measurement & modeling (1),income,"$100,000 to $167,999",belief_post,35.12561321258545
Measurement & modeling (1),income,"$100,000 to $167,999",concern_mean,21.489059925079346
Measurement & modeling (1),income,"$100,000 to $167,999",distrust_post,26.670388380686443
Measurement & modeling (1),income,"$100,000 to $167,999",donation_ams,3.9389820893605543
Measurement & modeling (1),income,"$100,000 to $167,999",funding_perceptions,41.31204287211101
Measurement & modeling (1),income,"$100,000 to $167,999",inst_trust_mean,15.840554237365726
Measurement & modeling (1),income,"$100,000 to $167,999",newsletter_signup,0.3418640295664469
Measurement & modeling (1),income,"$100,000 to $167,999",policy_general,36.60488128662109
Measurement & modeling (1),income,"$100,000 to $167,999",policy_role_mean,37.46366500854493
Measurement & modeling (1),income,"$100,000 to $167,999",policy_specific_mean,28.014500935872405
Measurement & modeling (1),income,"$100,000 to $167,999",trust_multidimensional,33.35527578989665
Measurement & modeling (1),income,"$100,000 to $167,999",trust_post,33.652333418528244
Measurement & modeling (1),income,"$168,000 or more",behavior_mean,28.670811653137207
Measurement & modeling (1),income,"$168,000 or more",belief_post,34.20177698135376
Measurement & modeling (1),income,"$168,000 or more",concern_mean,22.279624144236244
Measurement & modeling (1),income,"$168,000 or more",distrust_post,26.429204146067303
Measurement & modeling (1),income,"$168,000 or more",donation_ams,3.907705942789714
Measurement & modeling (1),income,"$168,000 or more",funding_perceptions,41.04420741399129
Measurement & modeling (1),income,"$168,000 or more",inst_trust_mean,16.932531197865796
Measurement & modeling (1),income,"$168,000 or more",newsletter_signup,0.3401924769083659
Measurement & modeling (1),income,"$168,000 or more",policy_general,37.12974389394124
Measurement & modeling (1),income,"$168,000 or more",policy_role_mean,38.10125589370728
Measurement & modeling (1),income,"$168,000 or more",policy_specific_mean,29.09842729568481
Measurement & modeling (1),income,"$168,000 or more",trust_multidimensional,32.32537508010864
Measurement & modeling (1),income,"$168,000 or more",trust_post,32.71867434183757
Former skeptics,income,"Less than $30,000",behavior_mean,33.379292488098145
Former skeptics,income,"Less than $30,000",belief_post,48.52095444997151
Former skeptics,income,"Less than $30,000",concern_mean,36.112280686696366
Former skeptics,income,"Less than $30,000",distrust_post,40.089241663614914
Former skeptics,income,"Less than $30,000",donation_ams,3.35095763206482
Former skeptics,income,"Less than $30,000",funding_perceptions,49.719893932342536
Former skeptics,income,"Less than $30,000",inst_trust_mean,29.37840620676677
Former skeptics,income,"Less than $30,000",newsletter_signup,0.4121118386586507
Former skeptics,income,"Less than $30,000",policy_general,47.169621785481766
Former skeptics,income,"Less than $30,000",policy_role_mean,50.09287198384603
Former skeptics,income,"Less than $30,000",policy_specific_mean,40.68713188171387
Former skeptics,income,"Less than $30,000",trust_multidimensional,44.80729103088379
Former skeptics,income,"Less than $30,000",trust_post,42.356276512146
Former skeptics,income,"$30,000 to $55,999",behavior_mean,30.81210454305013
Former skeptics,income,"$30,000 to $55,999",belief_post,48.0423132578532
Former skeptics,income,"$30,000 to $55,999",concern_mean,33.63624811172485
Former skeptics,income,"$30,000 to $55,999",distrust_post,39.2113208770752
Former skeptics,income,"$30,000 to $55,999",donation_ams,3.2315150896708174
Former skeptics,income,"$30,000 to $55,999",funding_perceptions,47.16086387634277
Former skeptics,income,"$30,000 to $55,999",inst_trust_mean,27.184255917867016
Former skeptics,income,"$30,000 to $55,999",newsletter_signup,0.4089014927546183
Former skeptics,income,"$30,000 to $55,999",policy_general,46.07702096303304
Former skeptics,income,"$30,000 to $55,999",policy_role_mean,49.09583330154419
Former skeptics,income,"$30,000 to $55,999",policy_specific_mean,38.56555620829265
Former skeptics,income,"$30,000 to $55,999",trust_multidimensional,42.60706504185994
Former skeptics,income,"$30,000 to $55,999",trust_post,42.218017578125
Former skeptics,income,"$56,000 to $99,999",behavior_mean,29.085644086201984
Former skeptics,income,"$56,000 to $99,999",belief_post,46.5764323870341
Former skeptics,income,"$56,000 to $99,999",concern_mean,32.72527456283569
Former skeptics,income,"$56,000 to $99,999",distrust_post,38.32913239796956
Former skeptics,income,"$56,000 to $99,999",donation_ams,3.188158671061198
Former skeptics,income,"$56,000 to $99,999",funding_perceptions,44.74472602208455
Former skeptics,income,"$56,000 to $99,999",inst_trust_mean,26.715679963429768
Former skeptics,income,"$56,000 to $99,999",newsletter_signup,0.4034698804219563
Former skeptics,income,"$56,000 to $99,999",policy_general,45.212125778198256
Former skeptics,income,"$56,000 to $99,999",policy_role_mean,47.519056002299
Former skeptics,income,"$56,000 to $99,999",policy_specific_mean,37.10914055506389
Former skeptics,income,"$56,000 to $99,999",trust_multidimensional,41.55157804489135
Former skeptics,income,"$56,000 to $99,999",trust_post,41.513796647389725
Former skeptics,income,"$100,000 to $167,999",behavior_mean,29.400030771891284
Former skeptics,income,"$100,000 to $167,999",belief_post,46.72102133433025
Former skeptics,income,"$100,000 to $167,999",concern_mean,32.64361222585042
Former skeptics,income,"$100,000 to $167,999",distrust_post,37.154225508372
Former skeptics,income,"$100,000 to $167,999",donation_ams,3.411768674850464
Former skeptics,income,"$100,000 to $167,999",funding_perceptions,45.929106076558426
Former skeptics,income,"$100,000 to $167,999",inst_trust_mean,27.26362148920695
Former skeptics,income,"$100,000 to $167,999",newsletter_signup,0.397651195526123
Former skeptics,income,"$100,000 to $167,999",policy_general,45.81401348114014
Former skeptics,income,"$100,000 to $167,999",policy_role_mean,47.3734696706136
Former skeptics,income,"$100,000 to $167,999",policy_specific_mean,37.68577178319295
Former skeptics,income,"$100,000 to $167,999",trust_multidimensional,41.54247045516968
Former skeptics,income,"$100,000 to $167,999",trust_post,40.97778797149658
Former skeptics,income,"$168,000 or more",behavior_mean,29.469998677571613
Former skeptics,income,"$168,000 or more",belief_post,46.170930067698166
Former skeptics,income,"$168,000 or more",concern_mean,33.64655176798503
Former skeptics,income,"$168,000 or more",distrust_post,38.74143362045288
Former skeptics,income,"$168,000 or more",donation_ams,3.240971962610881
Former skeptics,income,"$168,000 or more",funding_perceptions,45.11616230010986
Former skeptics,income,"$168,000 or more",inst_trust_mean,27.737629413604736
Former skeptics,income,"$168,000 or more",newsletter_signup,0.3858570257822672
Former skeptics,income,"$168,000 or more",policy_general,45.947273572285965
Former skeptics,income,"$168,000 or more",policy_role_mean,49.070775508880615
Former skeptics,income,"$168,000 or more",policy_specific_mean,38.14584811528523
Former skeptics,income,"$168,000 or more",trust_multidimensional,41.89623196919759
Former skeptics,income,"$168,000 or more",trust_post,42.330169677734375
High public trust,income,"Less than $30,000",behavior_mean,31.53849840164185
High public trust,income,"Less than $30,000",belief_post,37.657181421915695
High public trust,income,"Less than $30,000",concern_mean,37.722524007161454
High public trust,income,"Less than $30,000",distrust_post,32.14697043100993
High public trust,income,"Less than $30,000",donation_ams,3.789353370666504
High public trust,income,"Less than $30,000",funding_perceptions,37.90898720423381
High public trust,income,"Less than $30,000",inst_trust_mean,33.05473725001018
High public trust,income,"Less than $30,000",newsletter_signup,0.3418164650599162
High public trust,income,"Less than $30,000",policy_general,38.00557454427083
High public trust,income,"Less than $30,000",policy_role_mean,35.87796688079834
High public trust,income,"Less than $30,000",policy_specific_mean,38.28083276748657
High public trust,income,"Less than $30,000",trust_multidimensional,38.18009694417317
High public trust,income,"Less than $30,000",trust_post,37.6994530359904
High public trust,income,"$30,000 to $55,999",behavior_mean,30.084808667500813
High public trust,income,"$30,000 to $55,999",belief_post,36.54714822769165
High public trust,income,"$30,000 to $55,999",concern_mean,37.16705640157063
High public trust,income,"$30,000 to $55,999",distrust_post,29.95369831720988
High public trust,income,"$30,000 to $55,999",donation_ams,3.722269535064697
High public trust,income,"$30,000 to $55,999",funding_perceptions,36.51127417882283
High public trust,income,"$30,000 to $55,999",inst_trust_mean,32.042618592580155
High public trust,income,"$30,000 to $55,999",newsletter_signup,0.3514837423960368
High public trust,income,"$30,000 to $55,999",policy_general,37.637074788411454
High public trust,income,"$30,000 to $55,999",policy_role_mean,35.146915912628174
High public trust,income,"$30,000 to $55,999",policy_specific_mean,37.23696867624919
High public trust,income,"$30,000 to $55,999",trust_multidimensional,36.53963804244995
High public trust,income,"$30,000 to $55,999",trust_post,37.12223370869954
High public trust,income,"$56,000 to $99,999",behavior_mean,30.37517865498861
High public trust,income,"$56,000 to $99,999",belief_post,37.20502058664958
High public trust,income,"$56,000 to $99,999",concern_mean,37.76143789291382
High public trust,income,"$56,000 to $99,999",distrust_post,30.279783407847088
High public trust,income,"$56,000 to $99,999",donation_ams,3.71487299601237
High public trust,income,"$56,000 to $99,999",funding_perceptions,36.65088017781575
High public trust,income,"$56,000 to $99,999",inst_trust_mean,32.55964120229085
High public trust,income,"$56,000 to $99,999",newsletter_signup,0.3490732908248901
High public trust,income,"$56,000 to $99,999",policy_general,37.9610816637675
High public trust,income,"$56,000 to $99,999",policy_role_mean,35.72636445363362
High public trust,income,"$56,000 to $99,999",policy_specific_mean,37.51260439554851
High public trust,income,"$56,000 to $99,999",trust_multidimensional,36.86734437942505
High public trust,income,"$56,000 to $99,999",trust_post,37.20512787501018
High public trust,income,"$100,000 to $167,999",behavior_mean,29.073623816172283
High public trust,income,"$100,000 to $167,999",belief_post,35.31254927317302
High public trust,income,"$100,000 to $167,999",concern_mean,36.36704285939534
High public trust,income,"$100,000 to $167,999",distrust_post,29.20101483662923
High public trust,income,"$100,000 to $167,999",donation_ams,3.537997404734294
High public trust,income,"$100,000 to $167,999",funding_perceptions,35.30768553415935
High public trust,income,"$100,000 to $167,999",inst_trust_mean,31.633329391479485
High public trust,income,"$100,000 to $167,999",newsletter_signup,0.3526275555292765
High public trust,income,"$100,000 to $167,999",policy_general,36.91634337107341
High public trust,income,"$100,000 to $167,999",policy_role_mean,34.41734711329143
High public trust,income,"$100,000 to $167,999",policy_specific_mean,36.24366124471028
High public trust,income,"$100,000 to $167,999",trust_multidimensional,35.94047625859578
High public trust,income,"$100,000 to $167,999",trust_post,35.86167494455974
High public trust,income,"$168,000 or more",behavior_mean,30.96543550491333
High public trust,income,"$168,000 or more",belief_post,36.55055363972981
High public trust,income,"$168,000 or more",concern_mean,38.12147776285808
High public trust,income,"$168,000 or more",distrust_post,31.84364636739095
High public trust,income,"$168,000 or more",donation_ams,3.819933334986369
High public trust,income,"$168,000 or more",funding_perceptions,35.95930337905884
High public trust,income,"$168,000 or more",inst_trust_mean,33.686788876851395
High public trust,income,"$168,000 or more",newsletter_signup,0.346456487973531
High public trust,income,"$168,000 or more",policy_general,38.59694401423137
High public trust,income,"$168,000 or more",policy_role_mean,36.339036623636886
High public trust,income,"$168,000 or more",policy_specific_mean,37.70150740941367
High public trust,income,"$168,000 or more",trust_multidimensional,38.065576553344734
High public trust,income,"$168,000 or more",trust_post,37.83908287684123
Measurement & modeling (2),income,"Less than $30,000",behavior_mean,33.29169750213623
Measurement & modeling (2),income,"Less than $30,000",belief_post,39.96500571568807
Measurement & modeling (2),income,"Less than $30,000",concern_mean,31.27445379892985
Measurement & modeling (2),income,"Less than $30,000",distrust_post,35.38334369659424
Measurement & modeling (2),income,"Less than $30,000",donation_ams,3.996864159901937
Measurement & modeling (2),income,"Less than $30,000",funding_perceptions,47.68885771433513
Measurement & modeling (2),income,"Less than $30,000",inst_trust_mean,24.86494779586792
Measurement & modeling (2),income,"Less than $30,000",newsletter_signup,0.3859193325042724
Measurement & modeling (2),income,"Less than $30,000",policy_general,41.96685155232747
Measurement & modeling (2),income,"Less than $30,000",policy_role_mean,44.90636984507243
Measurement & modeling (2),income,"Less than $30,000",policy_specific_mean,36.203420162200935
Measurement & modeling (2),income,"Less than $30,000",trust_multidimensional,40.87444543838501
Measurement & modeling (2),income,"Less than $30,000",trust_post,38.539067904154464
Measurement & modeling (2),income,"$30,000 to $55,999",behavior_mean,33.25623671213786
Measurement & modeling (2),income,"$30,000 to $55,999",belief_post,41.22529824574788
Measurement & modeling (2),income,"$30,000 to $55,999",concern_mean,30.77710072199504
Measurement & modeling (2),income,"$30,000 to $55,999",distrust_post,35.522520542144775
Measurement & modeling (2),income,"$30,000 to $55,999",donation_ams,3.998100757598877
Measurement & modeling (2),income,"$30,000 to $55,999",funding_perceptions,47.56203492482503
Measurement & modeling (2),income,"$30,000 to $55,999",inst_trust_mean,26.52496099472046
Measurement & modeling (2),income,"$30,000 to $55,999",newsletter_signup,0.3848052024841308
Measurement & modeling (2),income,"$30,000 to $55,999",policy_general,42.565278212229416
Measurement & modeling (2),income,"$30,000 to $55,999",policy_role_mean,45.09154558181763
Measurement & modeling (2),income,"$30,000 to $55,999",policy_specific_mean,36.494414011637375
Measurement & modeling (2),income,"$30,000 to $55,999",trust_multidimensional,41.7210578918457
Measurement & modeling (2),income,"$30,000 to $55,999",trust_post,39.36655124028523
Measurement & modeling (2),income,"$56,000 to $99,999",behavior_mean,32.693497339884445
Measurement & modeling (2),income,"$56,000 to $99,999",belief_post,40.93759059906006
Measurement & modeling (2),income,"$56,000 to $99,999",concern_mean,30.30627171198527
Measurement & modeling (2),income,"$56,000 to $99,999",distrust_post,34.34992631276448
Measurement & modeling (2),income,"$56,000 to $99,999",donation_ams,3.842678864796956
Measurement & modeling (2),income,"$56,000 to $99,999",funding_perceptions,46.25314871470134
Measurement & modeling (2),income,"$56,000 to $99,999",inst_trust_mean,25.988392035166424
Measurement & modeling (2),income,"$56,000 to $99,999",newsletter_signup,0.3765472173690795
Measurement & modeling (2),income,"$56,000 to $99,999",policy_general,41.99906190236409
Measurement & modeling (2),income,"$56,000 to $99,999",policy_role_mean,43.88079643249512
Measurement & modeling (2),income,"$56,000 to $99,999",policy_specific_mean,35.68361600240071
Measurement & modeling (2),income,"$56,000 to $99,999",trust_multidimensional,40.72348276774089
Measurement & modeling (2),income,"$56,000 to $99,999",trust_post,39.245343208313
Measurement & modeling (2),income,"$100,000 to $167,999",behavior_mean,32.52284526824951
Measurement & modeling (2),income,"$100,000 to $167,999",belief_post,39.2479419708252
Measurement & modeling (2),income,"$100,000 to $167,999",concern_mean,28.972514470418293
Measurement & modeling (2),income,"$100,000 to $167,999",distrust_post,32.817677656809494
Measurement & modeling (2),income,"$100,000 to $167,999",donation_ams,3.885067303975423
Measurement & modeling (2),income,"$100,000 to $167,999",funding_perceptions,46.007895469665534
Measurement & modeling (2),income,"$100,000 to $167,999",inst_trust_mean,25.481422742207844
Measurement & modeling (2),income,"$100,000 to $167,999",newsletter_signup,0.3750093777974446
Measurement & modeling (2),income,"$100,000 to $167,999",policy_general,41.56976143519084
Measurement & modeling (2),income,"$100,000 to $167,999",policy_role_mean,42.87207921346028
Measurement & modeling (2),income,"$100,000 to $167,999",policy_specific_mean,35.640017191569015
Measurement & modeling (2),income,"$100,000 to $167,999",trust_multidimensional,39.61851199467976
Measurement & modeling (2),income,"$100,000 to $167,999",trust_post,38.40554555257161
Measurement & modeling (2),income,"$168,000 or more",behavior_mean,32.73639678955078
Measurement & modeling (2),income,"$168,000 or more",belief_post,39.69399134318034
Measurement & modeling (2),income,"$168,000 or more",concern_mean,29.20559247334798
Measurement & modeling (2),income,"$168,000 or more",distrust_post,33.22021563847859
Measurement & modeling (2),income,"$168,000 or more",donation_ams,3.7811048825581866
Measurement & modeling (2),income,"$168,000 or more",funding_perceptions,45.581889152526855
Measurement & modeling (2),income,"$168,000 or more",inst_trust_mean,24.9991774559021
Measurement & modeling (2),income,"$168,000 or more",newsletter_signup,0.3745562235514323
Measurement & modeling (2),income,"$168,000 or more",policy_general,42.09559758504231
Measurement & modeling (2),income,"$168,000 or more",policy_role_mean,43.99830102920532
Measurement & modeling (2),income,"$168,000 or more",policy_specific_mean,35.71999867757161
Measurement & modeling (2),income,"$168,000 or more",trust_multidimensional,38.97469838460286
Measurement & modeling (2),income,"$168,000 or more",trust_post,38.47825924555461
Peer-review,income,"Less than $30,000",behavior_mean,36.27791404724121
Peer-review,income,"Less than $30,000",belief_post,49.61535533269246
Peer-review,income,"Less than $30,000",concern_mean,37.81052430470784
Peer-review,income,"Less than $30,000",distrust_post,39.900191624959305
Peer-review,income,"Less than $30,000",donation_ams,4.491831461588542
Peer-review,income,"Less than $30,000",funding_perceptions,48.152871926625565
Peer-review,income,"Less than $30,000",inst_trust_mean,33.710571130116776
Peer-review,income,"Less than $30,000",newsletter_signup,0.4844040870666504
Peer-review,income,"Less than $30,000",policy_general,48.219553629557296
Peer-review,income,"Less than $30,000",policy_role_mean,46.9382921854655
Peer-review,income,"Less than $30,000",policy_specific_mean,41.57047669092815
Peer-review,income,"Less than $30,000",trust_multidimensional,47.77428309122722
Peer-review,income,"Less than $30,000",trust_post,39.24866517384847
Peer-review,income,"$30,000 to $55,999",behavior_mean,34.39663251241048
Peer-review,income,"$30,000 to $55,999",belief_post,49.011365572611496
Peer-review,income,"$30,000 to $55,999",concern_mean,37.02385028203328
Peer-review,income,"$30,000 to $55,999",distrust_post,39.71971273422241
Peer-review,income,"$30,000 to $55,999",donation_ams,4.400964975357056
Peer-review,income,"$30,000 to $55,999",funding_perceptions,45.07520993550618
Peer-review,income,"$30,000 to $55,999",inst_trust_mean,32.68600304921468
Peer-review,income,"$30,000 to $55,999",newsletter_signup,0.4792470932006836
Peer-review,income,"$30,000 to $55,999",policy_general,46.90879583358765
Peer-review,income,"$30,000 to $55,999",policy_role_mean,45.62921524047852
Peer-review,income,"$30,000 to $55,999",policy_specific_mean,39.83271519343059
Peer-review,income,"$30,000 to $55,999",trust_multidimensional,46.75515492757161
Peer-review,income,"$30,000 to $55,999",trust_post,40.09145100911458
Peer-review,income,"$56,000 to $99,999",behavior_mean,34.04657046000163
Peer-review,income,"$56,000 to $99,999",belief_post,48.80729913711548
Peer-review,income,"$56,000 to $99,999",concern_mean,36.580053965250656
Peer-review,income,"$56,000 to $99,999",distrust_post,39.424196879069015
Peer-review,income,"$56,000 to $99,999",donation_ams,4.34058944384257
Peer-review,income,"$56,000 to $99,999",funding_perceptions,43.65392923355103
Peer-review,income,"$56,000 to $99,999",inst_trust_mean,32.79047807057698
Peer-review,income,"$56,000 to $99,999",newsletter_signup,0.4715917507807413
Peer-review,income,"$56,000 to $99,999",policy_general,46.42998377482097
Peer-review,income,"$56,000 to $99,999",policy_role_mean,44.74517504374187
Peer-review,income,"$56,000 to $99,999",policy_specific_mean,39.12148873011272
Peer-review,income,"$56,000 to $99,999",trust_multidimensional,45.9935188293457
Peer-review,income,"$56,000 to $99,999",trust_post,40.19694328308106
Peer-review,income,"$100,000 to $167,999",behavior_mean,34.4875971476237
Peer-review,income,"$100,000 to $167,999",belief_post,48.19588661193848
Peer-review,income,"$100,000 to $167,999",concern_mean,36.09890143076579
Peer-review,income,"$100,000 to $167,999",distrust_post,39.33055798212688
Peer-review,income,"$100,000 to $167,999",donation_ams,4.365340073903401
Peer-review,income,"$100,000 to $167,999",funding_perceptions,44.20573314030965
Peer-review,income,"$100,000 to $167,999",inst_trust_mean,32.09648132324219
Peer-review,income,"$100,000 to $167,999",newsletter_signup,0.4706610043843586
Peer-review,income,"$100,000 to $167,999",policy_general,46.234925587972
Peer-review,income,"$100,000 to $167,999",policy_role_mean,44.19042269388835
Peer-review,income,"$100,000 to $167,999",policy_specific_mean,38.95321687062581
Peer-review,income,"$100,000 to $167,999",trust_multidimensional,45.70755958557128
Peer-review,income,"$100,000 to $167,999",trust_post,40.38085540135701
Peer-review,income,"$168,000 or more",behavior_mean,34.579575061798096
Peer-review,income,"$168,000 or more",belief_post,49.22626813252767
Peer-review,income,"$168,000 or more",concern_mean,37.31154600779216
Peer-review,income,"$168,000 or more",distrust_post,39.87511396408081
Peer-review,income,"$168,000 or more",donation_ams,4.334553082784017
Peer-review,income,"$168,000 or more",funding_perceptions,44.96217568715413
Peer-review,income,"$168,000 or more",inst_trust_mean,34.27687088648479
Peer-review,income,"$168,000 or more",newsletter_signup,0.4711237748463948
Peer-review,income,"$168,000 or more",policy_general,47.730731964111335
Peer-review,income,"$168,000 or more",policy_role_mean,46.65088256200154
Peer-review,income,"$168,000 or more",policy_specific_mean,41.32632414499919
Peer-review,income,"$168,000 or more",trust_multidimensional,46.58531347910564
Peer-review,income,"$168,000 or more",trust_post,40.26768604914348
Scientist community helpers,income,"Less than $30,000",behavior_mean,25.921308994293213
Scientist community helpers,income,"Less than $30,000",belief_post,36.11389795939128
Scientist community helpers,income,"Less than $30,000",concern_mean,26.3937513033549
Scientist community helpers,income,"Less than $30,000",distrust_post,32.576020558675125
Scientist community helpers,income,"Less than $30,000",donation_ams,3.211717208226521
Scientist community helpers,income,"Less than $30,000",funding_perceptions,37.49957482020061
Scientist community helpers,income,"Less than $30,000",inst_trust_mean,21.192336082458496
Scientist community helpers,income,"Less than $30,000",newsletter_signup,0.4075055519739787
Scientist community helpers,income,"Less than $30,000",policy_general,36.81282997131348
Scientist community helpers,income,"Less than $30,000",policy_role_mean,34.70252354939778
Scientist community helpers,income,"Less than $30,000",policy_specific_mean,31.204477945963543
Scientist community helpers,income,"Less than $30,000",trust_multidimensional,34.13776954015096
Scientist community helpers,income,"Less than $30,000",trust_post,28.46253712972005
Scientist community helpers,income,"$30,000 to $55,999",behavior_mean,25.48445463180542
Scientist community helpers,income,"$30,000 to $55,999",belief_post,35.80797115961711
Scientist community helpers,income,"$30,000 to $55,999",concern_mean,25.574882825215656
Scientist community helpers,income,"$30,000 to $55,999",distrust_post,30.51299254099528
Scientist community helpers,income,"$30,000 to $55,999",donation_ams,3.10142993927002
Scientist community helpers,income,"$30,000 to $55,999",funding_perceptions,34.81268882751465
Scientist community helpers,income,"$30,000 to $55,999",inst_trust_mean,20.309201876322422
Scientist community helpers,income,"$30,000 to $55,999",newsletter_signup,0.3879519701004028
Scientist community helpers,income,"$30,000 to $55,999",policy_general,36.22222344080608
Scientist community helpers,income,"$30,000 to $55,999",policy_role_mean,34.15706952412923
Scientist community helpers,income,"$30,000 to $55,999",policy_specific_mean,30.58235645294189
Scientist community helpers,income,"$30,000 to $55,999",trust_multidimensional,33.24336210886638
Scientist community helpers,income,"$30,000 to $55,999",trust_post,27.020891507466636
Scientist community helpers,income,"$56,000 to $99,999",behavior_mean,23.85180791219076
Scientist community helpers,income,"$56,000 to $99,999",belief_post,34.87802346547444
Scientist community helpers,income,"$56,000 to $99,999",concern_mean,24.56939617792765
Scientist community helpers,income,"$56,000 to $99,999",distrust_post,28.452964623769123
Scientist community helpers,income,"$56,000 to $99,999",donation_ams,2.9100068410237627
Scientist community helpers,income,"$56,000 to $99,999",funding_perceptions,31.84187809626261
Scientist community helpers,income,"$56,000 to $99,999",inst_trust_mean,19.432985782623284
Scientist community helpers,income,"$56,000 to $99,999",newsletter_signup,0.3853100935618083
Scientist community helpers,income,"$56,000 to $99,999",policy_general,34.802397092183426
Scientist community helpers,income,"$56,000 to $99,999",policy_role_mean,33.11338424682617
Scientist community helpers,income,"$56,000 to $99,999",policy_specific_mean,29.23965056737264
Scientist community helpers,income,"$56,000 to $99,999",trust_multidimensional,32.28189150492351
Scientist community helpers,income,"$56,000 to $99,999",trust_post,25.79242388407389
Scientist community helpers,income,"$100,000 to $167,999",behavior_mean,24.54667091369629
Scientist community helpers,income,"$100,000 to $167,999",belief_post,34.10534858703613
Scientist community helpers,income,"$100,000 to $167,999",concern_mean,24.006096522013344
Scientist community helpers,income,"$100,000 to $167,999",distrust_post,28.03945541381836
Scientist community helpers,income,"$100,000 to $167,999",donation_ams,3.00912340482076
Scientist community helpers,income,"$100,000 to $167,999",funding_perceptions,32.79757499694824
Scientist community helpers,income,"$100,000 to $167,999",inst_trust_mean,19.372196992238365
Scientist community helpers,income,"$100,000 to $167,999",newsletter_signup,0.3864515622456868
Scientist community helpers,income,"$100,000 to $167,999",policy_general,35.66288550694783
Scientist community helpers,income,"$100,000 to $167,999",policy_role_mean,32.831625143686935
Scientist community helpers,income,"$100,000 to $167,999",policy_specific_mean,29.60166136423747
Scientist community helpers,income,"$100,000 to $167,999",trust_multidimensional,31.81472619374593
Scientist community helpers,income,"$100,000 to $167,999",trust_post,25.400225321451824
Scientist community helpers,income,"$168,000 or more",behavior_mean,26.365152994791668
Scientist community helpers,income,"$168,000 or more",belief_post,36.1220399538676
Scientist community helpers,income,"$168,000 or more",concern_mean,26.107255617777508
Scientist community helpers,income,"$168,000 or more",distrust_post,31.418132781982425
Scientist community helpers,income,"$168,000 or more",donation_ams,2.9725710550944013
Scientist community helpers,income,"$168,000 or more",funding_perceptions,33.742495377858475
Scientist community helpers,income,"$168,000 or more",inst_trust_mean,21.545255184173584
Scientist community helpers,income,"$168,000 or more",newsletter_signup,0.4094358682632447
Scientist community helpers,income,"$168,000 or more",policy_general,36.55789693196614
Scientist community helpers,income,"$168,000 or more",policy_role_mean,33.90969038009644
Scientist community helpers,income,"$168,000 or more",policy_specific_mean,31.706833839416504
Scientist community helpers,income,"$168,000 or more",trust_multidimensional,32.393574714660645
Scientist community helpers,income,"$168,000 or more",trust_post,28.529787063598636
Consensus,income,"Less than $30,000",behavior_mean,39.9378776550293
Consensus,income,"Less than $30,000",belief_post,35.2858066558838
Consensus,income,"Less than $30,000",concern_mean,37.37808068593343
Consensus,income,"Less than $30,000",distrust_post,32.40458170572917
Consensus,income,"Less than $30,000",donation_ams,4.085201025009155
Consensus,income,"Less than $30,000",funding_perceptions,38.51613601048787
Consensus,income,"Less than $30,000",inst_trust_mean,31.583118438720703
Consensus,income,"Less than $30,000",newsletter_signup,0.4068959554036458
Consensus,income,"Less than $30,000",policy_general,42.21833149592082
Consensus,income,"Less than $30,000",policy_role_mean,37.90007034937541
Consensus,income,"Less than $30,000",policy_specific_mean,42.0679251352946
Consensus,income,"Less than $30,000",trust_multidimensional,39.51003948847453
Consensus,income,"Less than $30,000",trust_post,38.70861927668254
Consensus,income,"$30,000 to $55,999",behavior_mean,39.23758665720622
Consensus,income,"$30,000 to $55,999",belief_post,33.58048597971599
Consensus,income,"$30,000 to $55,999",concern_mean,35.83354949951172
Consensus,income,"$30,000 to $55,999",distrust_post,30.506173769632976
Consensus,income,"$30,000 to $55,999",donation_ams,4.106587568918864
Consensus,income,"$30,000 to $55,999",funding_perceptions,37.39126920700073
Consensus,income,"$30,000 to $55,999",inst_trust_mean,31.04587395985921
Consensus,income,"$30,000 to $55,999",newsletter_signup,0.3937027851740519
Consensus,income,"$30,000 to $55,999",policy_general,39.89038070042928
Consensus,income,"$30,000 to $55,999",policy_role_mean,36.769910653432206
Consensus,income,"$30,000 to $55,999",policy_specific_mean,41.10414981842041
Consensus,income,"$30,000 to $55,999",trust_multidimensional,38.333721955617264
Consensus,income,"$30,000 to $55,999",trust_post,36.80204550425212
Consensus,income,"$56,000 to $99,999",behavior_mean,39.41831191380818
Consensus,income,"$56,000 to $99,999",belief_post,32.83729553222656
Consensus,income,"$56,000 to $99,999",concern_mean,35.79317728678386
Consensus,income,"$56,000 to $99,999",distrust_post,29.792606830596924
Consensus,income,"$56,000 to $99,999",donation_ams,4.103097120920817
Consensus,income,"$56,000 to $99,999",funding_perceptions,37.23435004552205
Consensus,income,"$56,000 to $99,999",inst_trust_mean,31.342180569966636
Consensus,income,"$56,000 to $99,999",newsletter_signup,0.3858096599578857
Consensus,income,"$56,000 to $99,999",policy_general,39.28886651992798
Consensus,income,"$56,000 to $99,999",policy_role_mean,36.614886919657394
Consensus,income,"$56,000 to $99,999",policy_specific_mean,40.32118717829387
Consensus,income,"$56,000 to $99,999",trust_multidimensional,37.725567817688
Consensus,income,"$56,000 to $99,999",trust_post,36.23338540395101
Consensus,income,"$100,000 to $167,999",behavior_mean,38.53550354639688
Consensus,income,"$100,000 to $167,999",belief_post,31.932536760965984
Consensus,income,"$100,000 to $167,999",concern_mean,34.362610181172684
Consensus,income,"$100,000 to $167,999",distrust_post,28.774340947469074
Consensus,income,"$100,000 to $167,999",donation_ams,4.117734432220459
Consensus,income,"$100,000 to $167,999",funding_perceptions,35.25888522466023
Consensus,income,"$100,000 to $167,999",inst_trust_mean,30.54651419321696
Consensus,income,"$100,000 to $167,999",newsletter_signup,0.3839999039967854
Consensus,income,"$100,000 to $167,999",policy_general,38.70733578999837
Consensus,income,"$100,000 to $167,999",policy_role_mean,35.57967344919841
Consensus,income,"$100,000 to $167,999",policy_specific_mean,39.709321657816574
Consensus,income,"$100,000 to $167,999",trust_multidimensional,36.87212467193604
Consensus,income,"$100,000 to $167,999",trust_post,35.210998853047684
Consensus,income,"$168,000 or more",behavior_mean,40.53877989451091
Consensus,income,"$168,000 or more",belief_post,33.40574502944947
Consensus,income,"$168,000 or more",concern_mean,35.95128854115804
Consensus,income,"$168,000 or more",distrust_post,31.33769432703654
Consensus,income,"$168,000 or more",donation_ams,4.175757964452108
Consensus,income,"$168,000 or more",funding_perceptions,36.032064755757645
Consensus,income,"$168,000 or more",inst_trust_mean,32.60232210159302
Consensus,income,"$168,000 or more",newsletter_signup,0.3973381519317627
Consensus,income,"$168,000 or more",policy_general,40.35303592681885
Consensus,income,"$168,000 or more",policy_role_mean,37.55767345428467
Consensus,income,"$168,000 or more",policy_specific_mean,40.85512955983479
Consensus,income,"$168,000 or more",trust_multidimensional,38.14528783162434
Consensus,income,"$168,000 or more",trust_post,37.98498709996541
Portrait Prof. Cherry,income,"Less than $30,000",behavior_mean,35.23923556009929
Portrait Prof. Cherry,income,"Less than $30,000",belief_post,48.362620671590165
Portrait Prof. Cherry,income,"Less than $30,000",concern_mean,35.642147064208984
Portrait Prof. Cherry,income,"Less than $30,000",distrust_post,45.38496335347493
Portrait Prof. Cherry,income,"Less than $30,000",donation_ams,3.737736940383911
Portrait Prof. Cherry,income,"Less than $30,000",funding_perceptions,50.34338633219401
Portrait Prof. Cherry,income,"Less than $30,000",inst_trust_mean,25.262614091237385
Portrait Prof. Cherry,income,"Less than $30,000",newsletter_signup,0.4960394700368245
Portrait Prof. Cherry,income,"Less than $30,000",policy_general,46.59171501795452
Portrait Prof. Cherry,income,"Less than $30,000",policy_role_mean,52.02969710032145
Portrait Prof. Cherry,income,"Less than $30,000",policy_specific_mean,39.54484462738037
Portrait Prof. Cherry,income,"Less than $30,000",trust_multidimensional,52.10230350494385
Portrait Prof. Cherry,income,"Less than $30,000",trust_post,42.53801504770915
Portrait Prof. Cherry,income,"$30,000 to $55,999",behavior_mean,34.52303012212117
Portrait Prof. Cherry,income,"$30,000 to $55,999",belief_post,47.9973554611206
Portrait Prof. Cherry,income,"$30,000 to $55,999",concern_mean,35.48634847005208
Portrait Prof. Cherry,income,"$30,000 to $55,999",distrust_post,45.1061209042867
Portrait Prof. Cherry,income,"$30,000 to $55,999",donation_ams,3.7617524464925127
Portrait Prof. Cherry,income,"$30,000 to $55,999",funding_perceptions,48.21988344192505
Portrait Prof. Cherry,income,"$30,000 to $55,999",inst_trust_mean,26.1459986368815
Portrait Prof. Cherry,income,"$30,000 to $55,999",newsletter_signup,0.4954582452774048
Portrait Prof. Cherry,income,"$30,000 to $55,999",policy_general,46.8561331431071
Portrait Prof. Cherry,income,"$30,000 to $55,999",policy_role_mean,51.42126083374024
Portrait Prof. Cherry,income,"$30,000 to $55,999",policy_specific_mean,39.042599995931
Portrait Prof. Cherry,income,"$30,000 to $55,999",trust_multidimensional,52.23738352457682
Portrait Prof. Cherry,income,"$30,000 to $55,999",trust_post,42.694099744160965
Portrait Prof. Cherry,income,"$56,000 to $99,999",behavior_mean,33.207758267720536
Portrait Prof. Cherry,income,"$56,000 to $99,999",belief_post,47.97908465067546
Portrait Prof. Cherry,income,"$56,000 to $99,999",concern_mean,34.55441792805989
Portrait Prof. Cherry,income,"$56,000 to $99,999",distrust_post,43.760716915130615
Portrait Prof. Cherry,income,"$56,000 to $99,999",donation_ams,3.6722397804260254
Portrait Prof. Cherry,income,"$56,000 to $99,999",funding_perceptions,45.621558030446366
Portrait Prof. Cherry,income,"$56,000 to $99,999",inst_trust_mean,25.2519687016805
Portrait Prof. Cherry,income,"$56,000 to $99,999",newsletter_signup,0.4824074904123941
Portrait Prof. Cherry,income,"$56,000 to $99,999",policy_general,46.09299898147583
Portrait Prof. Cherry,income,"$56,000 to $99,999",policy_role_mean,50.19738674163818
Portrait Prof. Cherry,income,"$56,000 to $99,999",policy_specific_mean,37.58211930592854
Portrait Prof. Cherry,income,"$56,000 to $99,999",trust_multidimensional,51.49927934010824
Portrait Prof. Cherry,income,"$56,000 to $99,999",trust_post,41.96601708730061
Portrait Prof. Cherry,income,"$100,000 to $167,999",behavior_mean,33.284974098205566
Portrait Prof. Cherry,income,"$100,000 to $167,999",belief_post,47.55982160568237
Portrait Prof. Cherry,income,"$100,000 to $167,999",concern_mean,34.78982448577881
Portrait Prof. Cherry,income,"$100,000 to $167,999",distrust_post,43.19972197214763
Portrait Prof. Cherry,income,"$100,000 to $167,999",donation_ams,3.688854376475017
Portrait Prof. Cherry,income,"$100,000 to $167,999",funding_perceptions,46.3436245918274
Portrait Prof. Cherry,income,"$100,000 to $167,999",inst_trust_mean,25.20769039789836
Portrait Prof. Cherry,income,"$100,000 to $167,999",newsletter_signup,0.4667866627375285
Portrait Prof. Cherry,income,"$100,000 to $167,999",policy_general,46.22119665145875
Portrait Prof. Cherry,income,"$100,000 to $167,999",policy_role_mean,50.292507807413735
Portrait Prof. Cherry,income,"$100,000 to $167,999",policy_specific_mean,37.883973121643066
Portrait Prof. Cherry,income,"$100,000 to $167,999",trust_multidimensional,50.26612281799317
Portrait Prof. Cherry,income,"$100,000 to $167,999",trust_post,42.65836477279663
Portrait Prof. Cherry,income,"$168,000 or more",behavior_mean,35.038959980010986
Portrait Prof. Cherry,income,"$168,000 or more",belief_post,48.34882418314616
Portrait Prof. Cherry,income,"$168,000 or more",concern_mean,35.463015238444015
Portrait Prof. Cherry,income,"$168,000 or more",distrust_post,44.48839823404949
Portrait Prof. Cherry,income,"$168,000 or more",donation_ams,3.714211781819661
Portrait Prof. Cherry,income,"$168,000 or more",funding_perceptions,48.43099912007649
Portrait Prof. Cherry,income,"$168,000 or more",inst_trust_mean,26.18648608525594
Portrait Prof. Cherry,income,"$168,000 or more",newsletter_signup,0.469287912050883
Portrait Prof. Cherry,income,"$168,000 or more",policy_general,47.49220212300618
Portrait Prof. Cherry,income,"$168,000 or more",policy_role_mean,52.43940353393555
Portrait Prof. Cherry,income,"$168,000 or more",policy_specific_mean,38.98416360219319
Portrait Prof. Cherry,income,"$168,000 or more",trust_multidimensional,51.86765988667806
Portrait Prof. Cherry,income,"$168,000 or more",trust_post,44.25800641377767
Model accuracy,income,"Less than $30,000",behavior_mean,39.26431735356648
Model accuracy,income,"Less than $30,000",belief_post,49.08112287521362
Model accuracy,income,"Less than $30,000",concern_mean,38.34887345631917
Model accuracy,income,"Less than $30,000",distrust_post,35.76991558074951
Model accuracy,income,"Less than $30,000",donation_ams,4.4985345999399815
Model accuracy,income,"Less than $30,000",funding_perceptions,53.97165616353353
Model accuracy,income,"Less than $30,000",inst_trust_mean,31.92001581192017
Model accuracy,income,"Less than $30,000",newsletter_signup,0.4824326833089193
Model accuracy,income,"Less than $30,000",policy_general,47.511088848114014
Model accuracy,income,"Less than $30,000",policy_role_mean,51.2082576751709
Model accuracy,income,"Less than $30,000",policy_specific_mean,45.76900005340576
Model accuracy,income,"Less than $30,000",trust_multidimensional,42.17829704284668
Model accuracy,income,"Less than $30,000",trust_post,41.55845244725545
Model accuracy,income,"$30,000 to $55,999",behavior_mean,38.096515337626144
Model accuracy,income,"$30,000 to $55,999",belief_post,50.58236122131348
Model accuracy,income,"$30,000 to $55,999",concern_mean,37.14675108591716
Model accuracy,income,"$30,000 to $55,999",distrust_post,34.41056410471599
Model accuracy,income,"$30,000 to $55,999",donation_ams,4.430938561757405
Model accuracy,income,"$30,000 to $55,999",funding_perceptions,52.70241896311442
Model accuracy,income,"$30,000 to $55,999",inst_trust_mean,32.00408220291138
Model accuracy,income,"$30,000 to $55,999",newsletter_signup,0.4884114265441894
Model accuracy,income,"$30,000 to $55,999",policy_general,47.15987046559651
Model accuracy,income,"$30,000 to $55,999",policy_role_mean,51.26707553863525
Model accuracy,income,"$30,000 to $55,999",policy_specific_mean,44.76374785105386
Model accuracy,income,"$30,000 to $55,999",trust_multidimensional,42.050862312316895
Model accuracy,income,"$30,000 to $55,999",trust_post,40.70259730021159
Model accuracy,income,"$56,000 to $99,999",behavior_mean,37.08701928456624
Model accuracy,income,"$56,000 to $99,999",belief_post,49.064556757609054
Model accuracy,income,"$56,000 to $99,999",concern_mean,35.33445199330647
Model accuracy,income,"$56,000 to $99,999",distrust_post,34.0806245803833
Model accuracy,income,"$56,000 to $99,999",donation_ams,4.300179481506348
Model accuracy,income,"$56,000 to $99,999",funding_perceptions,50.77422459920248
Model accuracy,income,"$56,000 to $99,999",inst_trust_mean,31.030829747517902
Model accuracy,income,"$56,000 to $99,999",newsletter_signup,0.4794369141260783
Model accuracy,income,"$56,000 to $99,999",policy_general,46.10244433085124
Model accuracy,income,"$56,000 to $99,999",policy_role_mean,49.76601203282675
Model accuracy,income,"$56,000 to $99,999",policy_specific_mean,43.24861367543538
Model accuracy,income,"$56,000 to $99,999",trust_multidimensional,40.89407920837402
Model accuracy,income,"$56,000 to $99,999",trust_post,39.74950313568115
Model accuracy,income,"$100,000 to $167,999",behavior_mean,37.26136287053427
Model accuracy,income,"$100,000 to $167,999",belief_post,46.84021472930908
Model accuracy,income,"$100,000 to $167,999",concern_mean,34.61008469263713
Model accuracy,income,"$100,000 to $167,999",distrust_post,33.3495815594991
Model accuracy,income,"$100,000 to $167,999",donation_ams,4.07724142074585
Model accuracy,income,"$100,000 to $167,999",funding_perceptions,49.895429611206055
Model accuracy,income,"$100,000 to $167,999",inst_trust_mean,30.342574914296467
Model accuracy,income,"$100,000 to $167,999",newsletter_signup,0.4729359149932861
Model accuracy,income,"$100,000 to $167,999",policy_general,46.25662167867024
Model accuracy,income,"$100,000 to $167,999",policy_role_mean,49.57268635431926
Model accuracy,income,"$100,000 to $167,999",policy_specific_mean,43.32911570866902
Model accuracy,income,"$100,000 to $167,999",trust_multidimensional,39.93578751881917
Model accuracy,income,"$100,000 to $167,999",trust_post,39.55296277999878
Model accuracy,income,"$168,000 or more",behavior_mean,37.30449676513672
Model accuracy,income,"$168,000 or more",belief_post,47.19204107920328
Model accuracy,income,"$168,000 or more",concern_mean,35.535621643066406
Model accuracy,income,"$168,000 or more",distrust_post,34.98825629552205
Model accuracy,income,"$168,000 or more",donation_ams,4.218784173329671
Model accuracy,income,"$168,000 or more",funding_perceptions,49.165892601013184
Model accuracy,income,"$168,000 or more",inst_trust_mean,31.199411551157635
Model accuracy,income,"$168,000 or more",newsletter_signup,0.4649965763092041
Model accuracy,income,"$168,000 or more",policy_general,46.79861068725587
Model accuracy,income,"$168,000 or more",policy_role_mean,50.23814837137858
Model accuracy,income,"$168,000 or more",policy_specific_mean,44.24389203389485
Model accuracy,income,"$168,000 or more",trust_multidimensional,39.84717528025308
Model accuracy,income,"$168,000 or more",trust_post,39.99664783477783
Interview Prof. Sebille,income,"Less than $30,000",behavior_mean,31.6869854927063
Interview Prof. Sebille,income,"Less than $30,000",belief_post,49.64239199956258
Interview Prof. Sebille,income,"Less than $30,000",concern_mean,36.26309235890706
Interview Prof. Sebille,income,"Less than $30,000",distrust_post,37.26386229197185
Interview Prof. Sebille,income,"Less than $30,000",donation_ams,4.104790687561035
Interview Prof. Sebille,income,"Less than $30,000",funding_perceptions,46.38689756393433
Interview Prof. Sebille,income,"Less than $30,000",inst_trust_mean,23.26091925303141
Interview Prof. Sebille,income,"Less than $30,000",newsletter_signup,0.4642887512842815
Interview Prof. Sebille,income,"Less than $30,000",policy_general,45.609358946482345
Interview Prof. Sebille,income,"Less than $30,000",policy_role_mean,45.38737932840984
Interview Prof. Sebille,income,"Less than $30,000",policy_specific_mean,39.240157604217536
Interview Prof. Sebille,income,"Less than $30,000",trust_multidimensional,40.56771198908488
Interview Prof. Sebille,income,"Less than $30,000",trust_post,35.12087265650432
Interview Prof. Sebille,income,"$30,000 to $55,999",behavior_mean,31.053586800893147
Interview Prof. Sebille,income,"$30,000 to $55,999",belief_post,48.74581893285115
Interview Prof. Sebille,income,"$30,000 to $55,999",concern_mean,35.98482608795167
Interview Prof. Sebille,income,"$30,000 to $55,999",distrust_post,38.1607214609782
Interview Prof. Sebille,income,"$30,000 to $55,999",donation_ams,4.242832660675049
Interview Prof. Sebille,income,"$30,000 to $55,999",funding_perceptions,46.41377528508505
Interview Prof. Sebille,income,"$30,000 to $55,999",inst_trust_mean,24.8117725054423
Interview Prof. Sebille,income,"$30,000 to $55,999",newsletter_signup,0.4638080199559529
Interview Prof. Sebille,income,"$30,000 to $55,999",policy_general,46.64971828460693
Interview Prof. Sebille,income,"$30,000 to $55,999",policy_role_mean,45.75188954671224
Interview Prof. Sebille,income,"$30,000 to $55,999",policy_specific_mean,39.7225817044576
Interview Prof. Sebille,income,"$30,000 to $55,999",trust_multidimensional,40.52193959554036
Interview Prof. Sebille,income,"$30,000 to $55,999",trust_post,37.1614933013916
Interview Prof. Sebille,income,"$56,000 to $99,999",behavior_mean,29.44608132044475
Interview Prof. Sebille,income,"$56,000 to $99,999",belief_post,47.34477202097575
Interview Prof. Sebille,income,"$56,000 to $99,999",concern_mean,35.027166207631424
Interview Prof. Sebille,income,"$56,000 to $99,999",distrust_post,37.06315358479817
Interview Prof. Sebille,income,"$56,000 to $99,999",donation_ams,4.08710241317749
Interview Prof. Sebille,income,"$56,000 to $99,999",funding_perceptions,44.41386063893636
Interview Prof. Sebille,income,"$56,000 to $99,999",inst_trust_mean,23.938937981923424
Interview Prof. Sebille,income,"$56,000 to $99,999",newsletter_signup,0.4496157964070638
Interview Prof. Sebille,income,"$56,000 to $99,999",policy_general,45.19509077072144
Interview Prof. Sebille,income,"$56,000 to $99,999",policy_role_mean,44.54608360926311
Interview Prof. Sebille,income,"$56,000 to $99,999",policy_specific_mean,38.10213406880696
Interview Prof. Sebille,income,"$56,000 to $99,999",trust_multidimensional,39.45199648539226
Interview Prof. Sebille,income,"$56,000 to $99,999",trust_post,36.54252290725708
Interview Prof. Sebille,income,"$100,000 to $167,999",behavior_mean,28.996010621388752
Interview Prof. Sebille,income,"$100,000 to $167,999",belief_post,46.67116006215413
Interview Prof. Sebille,income,"$100,000 to $167,999",concern_mean,34.19578870137532
Interview Prof. Sebille,income,"$100,000 to $167,999",distrust_post,35.398264726003006
Interview Prof. Sebille,income,"$100,000 to $167,999",donation_ams,4.137803316116333
Interview Prof. Sebille,income,"$100,000 to $167,999",funding_perceptions,44.6566104888916
Interview Prof. Sebille,income,"$100,000 to $167,999",inst_trust_mean,22.902536392211918
Interview Prof. Sebille,income,"$100,000 to $167,999",newsletter_signup,0.4410849809646606
Interview Prof. Sebille,income,"$100,000 to $167,999",policy_general,44.221639633178704
Interview Prof. Sebille,income,"$100,000 to $167,999",policy_role_mean,43.54363282521567
Interview Prof. Sebille,income,"$100,000 to $167,999",policy_specific_mean,38.05607159932454
Interview Prof. Sebille,income,"$100,000 to $167,999",trust_multidimensional,38.455748558044434
Interview Prof. Sebille,income,"$100,000 to $167,999",trust_post,36.23652458190918
Interview Prof. Sebille,income,"$168,000 or more",behavior_mean,28.746521472930908
Interview Prof. Sebille,income,"$168,000 or more",belief_post,46.89546426137288
Interview Prof. Sebille,income,"$168,000 or more",concern_mean,35.3997786839803
Interview Prof. Sebille,income,"$168,000 or more",distrust_post,36.96792125701904
Interview Prof. Sebille,income,"$168,000 or more",donation_ams,3.811410268147786
Interview Prof. Sebille,income,"$168,000 or more",funding_perceptions,43.691468238830566
Interview Prof. Sebille,income,"$168,000 or more",inst_trust_mean,23.336354891459145
Interview Prof. Sebille,income,"$168,000 or more",newsletter_signup,0.4368213017781575
Interview Prof. Sebille,income,"$168,000 or more",policy_general,43.86672178904215
Interview Prof. Sebille,income,"$168,000 or more",policy_role_mean,44.943324724833175
Interview Prof. Sebille,income,"$168,000 or more",policy_specific_mean,37.59890794754028
Interview Prof. Sebille,income,"$168,000 or more",trust_multidimensional,39.02074893315633
Interview Prof. Sebille,income,"$168,000 or more",trust_post,36.21028264363606
Extreme weather predictions,income,"Less than $30,000",behavior_mean,26.7858902613322
Extreme weather predictions,income,"Less than $30,000",belief_post,34.9018653233846
Extreme weather predictions,income,"Less than $30,000",concern_mean,27.89267698923747
Extreme weather predictions,income,"Less than $30,000",distrust_post,28.10170253117879
Extreme weather predictions,income,"Less than $30,000",donation_ams,3.5433804988861084
Extreme weather predictions,income,"Less than $30,000",funding_perceptions,36.75038814544677
Extreme weather predictions,income,"Less than $30,000",inst_trust_mean,17.95421838760376
Extreme weather predictions,income,"Less than $30,000",newsletter_signup,0.4526718854904175
Extreme weather predictions,income,"Less than $30,000",policy_general,38.177649180094406
Extreme weather predictions,income,"Less than $30,000",policy_role_mean,32.58098363876343
Extreme weather predictions,income,"Less than $30,000",policy_specific_mean,28.791598478953045
Extreme weather predictions,income,"Less than $30,000",trust_multidimensional,34.34532880783081
Extreme weather predictions,income,"Less than $30,000",trust_post,32.25172758102417
Extreme weather predictions,income,"$30,000 to $55,999",behavior_mean,25.25880734125773
Extreme weather predictions,income,"$30,000 to $55,999",belief_post,35.2685252825419
Extreme weather predictions,income,"$30,000 to $55,999",concern_mean,27.72045135498047
Extreme weather predictions,income,"$30,000 to $55,999",distrust_post,27.38629976908366
Extreme weather predictions,income,"$30,000 to $55,999",donation_ams,3.563887278238933
Extreme weather predictions,income,"$30,000 to $55,999",funding_perceptions,35.368307431538895
Extreme weather predictions,income,"$30,000 to $55,999",inst_trust_mean,17.921805381774902
Extreme weather predictions,income,"$30,000 to $55,999",newsletter_signup,0.4558347066243489
Extreme weather predictions,income,"$30,000 to $55,999",policy_general,37.972474098205566
Extreme weather predictions,income,"$30,000 to $55,999",policy_role_mean,32.01742172241211
Extreme weather predictions,income,"$30,000 to $55,999",policy_specific_mean,28.013463815053303
Extreme weather predictions,income,"$30,000 to $55,999",trust_multidimensional,33.81632963816325
Extreme weather predictions,income,"$30,000 to $55,999",trust_post,31.671281655629485
Extreme weather predictions,income,"$56,000 to $99,999",behavior_mean,24.2716113726298
Extreme weather predictions,income,"$56,000 to $99,999",belief_post,34.25863981246948
Extreme weather predictions,income,"$56,000 to $99,999",concern_mean,26.913535594940186
Extreme weather predictions,income,"$56,000 to $99,999",distrust_post,25.946664810180664
Extreme weather predictions,income,"$56,000 to $99,999",donation_ams,3.470401763916016
Extreme weather predictions,income,"$56,000 to $99,999",funding_perceptions,33.82587035497029
Extreme weather predictions,income,"$56,000 to $99,999",inst_trust_mean,17.165517807006836
Extreme weather predictions,income,"$56,000 to $99,999",newsletter_signup,0.4462058544158935
Extreme weather predictions,income,"$56,000 to $99,999",policy_general,36.510634422302246
Extreme weather predictions,income,"$56,000 to $99,999",policy_role_mean,30.57843844095866
Extreme weather predictions,income,"$56,000 to $99,999",policy_specific_mean,26.991621653238933
Extreme weather predictions,income,"$56,000 to $99,999",trust_multidimensional,32.76117245356242
Extreme weather predictions,income,"$56,000 to $99,999",trust_post,30.42445580164592
Extreme weather predictions,income,"$100,000 to $167,999",behavior_mean,24.30570125579834
Extreme weather predictions,income,"$100,000 to $167,999",belief_post,33.138275146484375
Extreme weather predictions,income,"$100,000 to $167,999",concern_mean,26.183247566223145
Extreme weather predictions,income,"$100,000 to $167,999",distrust_post,25.34887790679932
Extreme weather predictions,income,"$100,000 to $167,999",donation_ams,3.454538583755493
Extreme weather predictions,income,"$100,000 to $167,999",funding_perceptions,34.16183789571126
Extreme weather predictions,income,"$100,000 to $167,999",inst_trust_mean,17.051863670349128
Extreme weather predictions,income,"$100,000 to $167,999",newsletter_signup,0.4515316088994344
Extreme weather predictions,income,"$100,000 to $167,999",policy_general,36.447350184122726
Extreme weather predictions,income,"$100,000 to $167,999",policy_role_mean,29.934744040171307
Extreme weather predictions,income,"$100,000 to $167,999",policy_specific_mean,26.69897079467773
Extreme weather predictions,income,"$100,000 to $167,999",trust_multidimensional,31.955190499623612
Extreme weather predictions,income,"$100,000 to $167,999",trust_post,29.99334732691447
Extreme weather predictions,income,"$168,000 or more",behavior_mean,25.58330297470093
Extreme weather predictions,income,"$168,000 or more",belief_post,33.20209980010986
Extreme weather predictions,income,"$168,000 or more",concern_mean,26.819221178690597
Extreme weather predictions,income,"$168,000 or more",distrust_post,26.574071248372405
Extreme weather predictions,income,"$168,000 or more",donation_ams,3.3705131212870283
Extreme weather predictions,income,"$168,000 or more",funding_perceptions,34.815867741902665
Extreme weather predictions,income,"$168,000 or more",inst_trust_mean,18.41111183166504
Extreme weather predictions,income,"$168,000 or more",newsletter_signup,0.4498761097590129
Extreme weather predictions,income,"$168,000 or more",policy_general,36.75582806269328
Extreme weather predictions,income,"$168,000 or more",policy_role_mean,31.833350658416748
Extreme weather predictions,income,"$168,000 or more",policy_specific_mean,27.433741092681885
Extreme weather predictions,income,"$168,000 or more",trust_multidimensional,33.396057287851974
Extreme weather predictions,income,"$168,000 or more",trust_post,31.85797929763794
control,party,Republican,behavior_mean,45.585020383199065
control,party,Republican,belief_post,50.54186185201009
control,party,Republican,concern_mean,42.28346745173137
control,party,Republican,distrust_post,45.55028676986694
control,party,Republican,donation_ams,4.962178071339925
control,party,Republican,funding_perceptions,55.84429899851481
control,party,Republican,inst_trust_mean,38.70229323705037
control,party,Republican,newsletter_signup,0.4794028202692668
control,party,Republican,policy_general,48.45167795817056
control,party,Republican,policy_role_mean,52.319089571634926
control,party,Republican,policy_specific_mean,47.79098431269328
control,party,Republican,trust_multidimensional,52.27628548940023
control,party,Republican,trust_post,44.5817232131958
control,party,Democrat,behavior_mean,47.5741982460022
control,party,Democrat,belief_post,53.88064384460449
control,party,Democrat,concern_mean,45.54510116577149
control,party,Democrat,distrust_post,44.75826422373453
control,party,Democrat,donation_ams,4.971624215443928
control,party,Democrat,funding_perceptions,52.90176073710124
control,party,Democrat,inst_trust_mean,40.53853352864583
control,party,Democrat,newsletter_signup,0.4847896893819173
control,party,Democrat,policy_general,52.57943471272787
control,party,Democrat,policy_role_mean,55.39581775665283
control,party,Democrat,policy_specific_mean,51.23631159464518
control,party,Democrat,trust_multidimensional,52.46151288350424
control,party,Democrat,trust_post,47.98992077509561
control,party,Independent,behavior_mean,46.90975745519003
control,party,Independent,belief_post,53.33665211995443
control,party,Independent,concern_mean,43.65405639012654
control,party,Independent,distrust_post,46.493387222290025
control,party,Independent,donation_ams,4.906450907389323
control,party,Independent,funding_perceptions,52.29630470275879
control,party,Independent,inst_trust_mean,38.83806864420573
control,party,Independent,newsletter_signup,0.4852442344029745
control,party,Independent,policy_general,50.93346436818441
control,party,Independent,policy_role_mean,52.958289782206215
control,party,Independent,policy_specific_mean,48.8192876180013
control,party,Independent,trust_multidimensional,52.034385999043785
control,party,Independent,trust_post,47.24006255467734
control,party,Other,behavior_mean,48.35073153177896
control,party,Other,belief_post,53.02153428395589
control,party,Other,concern_mean,44.757604598999016
control,party,Other,distrust_post,46.3848352432251
control,party,Other,donation_ams,5.034821828206381
control,party,Other,funding_perceptions,53.20940017700195
control,party,Other,inst_trust_mean,39.90264733632407
control,party,Other,newsletter_signup,0.488926649093628
control,party,Other,policy_general,50.41626294453939
control,party,Other,policy_role_mean,53.14703782399496
control,party,Other,policy_specific_mean,49.6453046798706
control,party,Other,trust_multidimensional,52.61383851369222
control,party,Other,trust_post,46.50845527648927
Corporate reliance,party,Republican,behavior_mean,20.486915111541748
Corporate reliance,party,Republican,belief_post,29.62735096613567
Corporate reliance,party,Republican,concern_mean,26.86956326166788
Corporate reliance,party,Republican,distrust_post,27.19363768895467
Corporate reliance,party,Republican,donation_ams,2.9634145895640063
Corporate reliance,party,Republican,funding_perceptions,33.21577707926433
Corporate reliance,party,Republican,inst_trust_mean,20.334907372792564
Corporate reliance,party,Republican,newsletter_signup,0.4093650182088216
Corporate reliance,party,Republican,policy_general,30.098052819569904
Corporate reliance,party,Republican,policy_role_mean,28.05931568145752
Corporate reliance,party,Republican,policy_specific_mean,30.25946617126465
Corporate reliance,party,Republican,trust_multidimensional,30.31461238861084
Corporate reliance,party,Republican,trust_post,29.82568343480428
Corporate reliance,party,Democrat,behavior_mean,26.377566655476887
Corporate reliance,party,Democrat,belief_post,29.381108283996586
Corporate reliance,party,Democrat,concern_mean,29.487498601277668
Corporate reliance,party,Democrat,distrust_post,24.82250531514486
Corporate reliance,party,Democrat,donation_ams,3.384409348169961
Corporate reliance,party,Democrat,funding_perceptions,31.565507253011067
Corporate reliance,party,Democrat,inst_trust_mean,24.896160761515297
Corporate reliance,party,Democrat,newsletter_signup,0.43123193581899
Corporate reliance,party,Democrat,policy_general,30.474825700124104
Corporate reliance,party,Democrat,policy_role_mean,30.76471487681071
Corporate reliance,party,Democrat,policy_specific_mean,32.354557514190674
Corporate reliance,party,Democrat,trust_multidimensional,31.95785681406657
Corporate reliance,party,Democrat,trust_post,30.126702785491943
Corporate reliance,party,Independent,behavior_mean,24.560391902923584
Corporate reliance,party,Independent,belief_post,27.70356734593709
Corporate reliance,party,Independent,concern_mean,29.070937633514404
Corporate reliance,party,Independent,distrust_post,22.902743021647133
Corporate reliance,party,Independent,donation_ams,2.987619638442993
Corporate reliance,party,Independent,funding_perceptions,31.09922409057617
Corporate reliance,party,Independent,inst_trust_mean,23.39548667271932
Corporate reliance,party,Independent,newsletter_signup,0.4330041408538818
Corporate reliance,party,Independent,policy_general,30.274271965026863
Corporate reliance,party,Independent,policy_role_mean,29.408148924509685
Corporate reliance,party,Independent,policy_specific_mean,31.323806444803875
Corporate reliance,party,Independent,trust_multidimensional,30.662155151367188
Corporate reliance,party,Independent,trust_post,28.71874968210856
Corporate reliance,party,Other,behavior_mean,25.479030609130863
Corporate reliance,party,Other,belief_post,27.474041779836018
Corporate reliance,party,Other,concern_mean,29.55590883890788
Corporate reliance,party,Other,distrust_post,23.52830171585083
Corporate reliance,party,Other,donation_ams,3.0764345328013105
Corporate reliance,party,Other,funding_perceptions,32.54880507787068
Corporate reliance,party,Other,inst_trust_mean,23.68417580922445
Corporate reliance,party,Other,newsletter_signup,0.4348189036051432
Corporate reliance,party,Other,policy_general,30.06303310394287
Corporate reliance,party,Other,policy_role_mean,30.48487106959025
Corporate reliance,party,Other,policy_specific_mean,31.336812178293865
Corporate reliance,party,Other,trust_multidimensional,30.85200786590576
Corporate reliance,party,Other,trust_post,29.97978528340657
Social justice,party,Republican,behavior_mean,21.397006511688232
Social justice,party,Republican,belief_post,35.54490407307942
Social justice,party,Republican,concern_mean,27.350457509358723
Social justice,party,Republican,distrust_post,29.840564727783203
Social justice,party,Republican,donation_ams,3.383043209711711
Social justice,party,Republican,funding_perceptions,35.78285376230876
Social justice,party,Republican,inst_trust_mean,13.096545139948526
Social justice,party,Republican,newsletter_signup,0.3517953554789225
Social justice,party,Republican,policy_general,32.0839524269104
Social justice,party,Republican,policy_role_mean,28.007761637369796
Social justice,party,Republican,policy_specific_mean,29.05694246292115
Social justice,party,Republican,trust_multidimensional,32.06333716710408
Social justice,party,Republican,trust_post,28.07002067565918
Social justice,party,Democrat,behavior_mean,25.98253885904948
Social justice,party,Democrat,belief_post,41.13952716191609
Social justice,party,Democrat,concern_mean,30.493394533793133
Social justice,party,Democrat,distrust_post,28.965850671132404
Social justice,party,Democrat,donation_ams,3.4666121006011963
Social justice,party,Democrat,funding_perceptions,34.36142603556316
Social justice,party,Democrat,inst_trust_mean,19.585410753885903
Social justice,party,Democrat,newsletter_signup,0.3881855805714925
Social justice,party,Democrat,policy_general,37.91040976842244
Social justice,party,Democrat,policy_role_mean,31.196153163909912
Social justice,party,Democrat,policy_specific_mean,32.93884595235188
Social justice,party,Democrat,trust_multidimensional,32.612840334574386
Social justice,party,Democrat,trust_post,33.148761590321854
Social justice,party,Independent,behavior_mean,24.314876397450767
Social justice,party,Independent,belief_post,36.54046853383382
Social justice,party,Independent,concern_mean,30.556833744049072
Social justice,party,Independent,distrust_post,27.494736512502037
Social justice,party,Independent,donation_ams,3.126470645268758
Social justice,party,Independent,funding_perceptions,32.8556736310323
Social justice,party,Independent,inst_trust_mean,17.131563027699794
Social justice,party,Independent,newsletter_signup,0.3744118611017863
Social justice,party,Independent,policy_general,36.31574710210164
Social justice,party,Independent,policy_role_mean,28.669110933939617
Social justice,party,Independent,policy_specific_mean,31.448566913604736
Social justice,party,Independent,trust_multidimensional,31.64091110229493
Social justice,party,Independent,trust_post,31.511998176574707
Social justice,party,Other,behavior_mean,25.36376714706421
Social justice,party,Other,belief_post,37.20052242279053
Social justice,party,Other,concern_mean,31.74500068028768
Social justice,party,Other,distrust_post,28.08651526769002
Social justice,party,Other,donation_ams,3.2836151123046875
Social justice,party,Other,funding_perceptions,34.50595140457153
Social justice,party,Other,inst_trust_mean,17.728567123413086
Social justice,party,Other,newsletter_signup,0.3766059080759684
Social justice,party,Other,policy_general,36.64673964182535
Social justice,party,Other,policy_role_mean,30.060644944508866
Social justice,party,Other,policy_specific_mean,32.54209756851196
Social justice,party,Other,trust_multidimensional,33.037428061167404
Social justice,party,Other,trust_post,32.839806874593094
Interview Prof. Maraun,party,Republican,behavior_mean,26.495504379272468
Interview Prof. Maraun,party,Republican,belief_post,44.65661843617757
Interview Prof. Maraun,party,Republican,concern_mean,31.084442138671875
Interview Prof. Maraun,party,Republican,distrust_post,38.4641170501709
Interview Prof. Maraun,party,Republican,donation_ams,4.203367233276367
Interview Prof. Maraun,party,Republican,funding_perceptions,50.011746088663735
Interview Prof. Maraun,party,Republican,inst_trust_mean,24.006756146748867
Interview Prof. Maraun,party,Republican,newsletter_signup,0.4973737796147665
Interview Prof. Maraun,party,Republican,policy_general,41.4969801902771
Interview Prof. Maraun,party,Republican,policy_role_mean,48.39458862940469
Interview Prof. Maraun,party,Republican,policy_specific_mean,34.780049324035645
Interview Prof. Maraun,party,Republican,trust_multidimensional,41.98566277821858
Interview Prof. Maraun,party,Republican,trust_post,37.22065687179566
Interview Prof. Maraun,party,Democrat,behavior_mean,30.74716329574585
Interview Prof. Maraun,party,Democrat,belief_post,47.14432954788208
Interview Prof. Maraun,party,Democrat,concern_mean,34.26450888315837
Interview Prof. Maraun,party,Democrat,distrust_post,37.63311306635539
Interview Prof. Maraun,party,Democrat,donation_ams,4.214180707931519
Interview Prof. Maraun,party,Democrat,funding_perceptions,47.19442923863728
Interview Prof. Maraun,party,Democrat,inst_trust_mean,26.868681112925213
Interview Prof. Maraun,party,Democrat,newsletter_signup,0.5039645036061605
Interview Prof. Maraun,party,Democrat,policy_general,47.5391944249471
Interview Prof. Maraun,party,Democrat,policy_role_mean,50.65948168436686
Interview Prof. Maraun,party,Democrat,policy_specific_mean,39.17911450068157
Interview Prof. Maraun,party,Democrat,trust_multidimensional,41.38929843902588
Interview Prof. Maraun,party,Democrat,trust_post,40.16876220703125
Interview Prof. Maraun,party,Independent,behavior_mean,28.57627471288045
Interview Prof. Maraun,party,Independent,belief_post,46.063240369160965
Interview Prof. Maraun,party,Independent,concern_mean,33.56053034464519
Interview Prof. Maraun,party,Independent,distrust_post,34.905199209849044
Interview Prof. Maraun,party,Independent,donation_ams,3.9458247025807696
Interview Prof. Maraun,party,Independent,funding_perceptions,46.27339442571004
Interview Prof. Maraun,party,Independent,inst_trust_mean,24.299208323160805
Interview Prof. Maraun,party,Independent,newsletter_signup,0.5051312446594238
Interview Prof. Maraun,party,Independent,policy_general,43.36711565653484
Interview Prof. Maraun,party,Independent,policy_role_mean,47.63564268747966
Interview Prof. Maraun,party,Independent,policy_specific_mean,36.74217859903972
Interview Prof. Maraun,party,Independent,trust_multidimensional,40.1330550511678
Interview Prof. Maraun,party,Independent,trust_post,37.6536766688029
Interview Prof. Maraun,party,Other,behavior_mean,32.070978482564286
Interview Prof. Maraun,party,Other,belief_post,48.63588809967041
Interview Prof. Maraun,party,Other,concern_mean,35.7795000076294
Interview Prof. Maraun,party,Other,distrust_post,36.75068219502767
Interview Prof. Maraun,party,Other,donation_ams,4.196919600168864
Interview Prof. Maraun,party,Other,funding_perceptions,50.395917892456055
Interview Prof. Maraun,party,Other,inst_trust_mean,25.757400194803875
Interview Prof. Maraun,party,Other,newsletter_signup,0.4989081621170042
Interview Prof. Maraun,party,Other,policy_general,44.55858866373697
Interview Prof. Maraun,party,Other,policy_role_mean,51.79356733957926
Interview Prof. Maraun,party,Other,policy_specific_mean,39.526526133219406
Interview Prof. Maraun,party,Other,trust_multidimensional,42.44084358215332
Interview Prof. Maraun,party,Other,trust_post,40.427617232004806
Funding,party,Republican,behavior_mean,36.1158013343811
Funding,party,Republican,belief_post,37.84981966018677
Funding,party,Republican,concern_mean,37.384963035583496
Funding,party,Republican,distrust_post,38.2092793782552
Funding,party,Republican,donation_ams,3.297404845555623
Funding,party,Republican,funding_perceptions,34.857209523518875
Funding,party,Republican,inst_trust_mean,34.10981098810832
Funding,party,Republican,newsletter_signup,0.3904434045155843
Funding,party,Republican,policy_general,36.00118954976399
Funding,party,Republican,policy_role_mean,41.61326090494792
Funding,party,Republican,policy_specific_mean,39.35675223668416
Funding,party,Republican,trust_multidimensional,40.48335154851277
Funding,party,Republican,trust_post,39.47763442993164
Funding,party,Democrat,behavior_mean,39.974049727122
Funding,party,Democrat,belief_post,34.76813236872356
Funding,party,Democrat,concern_mean,38.5219653447469
Funding,party,Democrat,distrust_post,33.24217796325684
Funding,party,Democrat,donation_ams,3.61538847287496
Funding,party,Democrat,funding_perceptions,35.94685395558675
Funding,party,Democrat,inst_trust_mean,36.09286944071452
Funding,party,Democrat,newsletter_signup,0.3733975489934286
Funding,party,Democrat,policy_general,39.22077020009358
Funding,party,Democrat,policy_role_mean,41.77437623341878
Funding,party,Democrat,policy_specific_mean,41.90315802892049
Funding,party,Democrat,trust_multidimensional,38.405418395996094
Funding,party,Democrat,trust_post,39.98316129048665
Funding,party,Independent,behavior_mean,38.56607278188069
Funding,party,Independent,belief_post,37.29320764541627
Funding,party,Independent,concern_mean,39.66941436131795
Funding,party,Independent,distrust_post,33.87956619262695
Funding,party,Independent,donation_ams,3.494439919789633
Funding,party,Independent,funding_perceptions,35.06232102711995
Funding,party,Independent,inst_trust_mean,36.060313383738205
Funding,party,Independent,newsletter_signup,0.3719011942545573
Funding,party,Independent,policy_general,42.105090618133545
Funding,party,Independent,policy_role_mean,42.15895732243855
Funding,party,Independent,policy_specific_mean,42.44993527730307
Funding,party,Independent,trust_multidimensional,39.20087814331055
Funding,party,Independent,trust_post,39.54341014226277
Funding,party,Other,behavior_mean,38.70975573857625
Funding,party,Other,belief_post,36.90529664357503
Funding,party,Other,concern_mean,39.33616081873575
Funding,party,Other,distrust_post,34.615163008371994
Funding,party,Other,donation_ams,3.4770536422729488
Funding,party,Other,funding_perceptions,35.45130888621013
Funding,party,Other,inst_trust_mean,35.77613035837808
Funding,party,Other,newsletter_signup,0.3703459898630778
Funding,party,Other,policy_general,42.30887095133464
Funding,party,Other,policy_role_mean,42.457620302836105
Funding,party,Other,policy_specific_mean,42.56866375605266
Funding,party,Other,trust_multidimensional,39.487413565317794
Funding,party,Other,trust_post,39.629578590393066
Oil industry misinformation,party,Republican,behavior_mean,33.95412762959798
Oil industry misinformation,party,Republican,belief_post,37.21734682718913
Oil industry misinformation,party,Republican,concern_mean,35.21951834360759
Oil industry misinformation,party,Republican,distrust_post,31.20788733164469
Oil industry misinformation,party,Republican,donation_ams,3.516382773717244
Oil industry misinformation,party,Republican,funding_perceptions,45.26144663492839
Oil industry misinformation,party,Republican,inst_trust_mean,30.75714111328125
Oil industry misinformation,party,Republican,newsletter_signup,0.3997337818145752
Oil industry misinformation,party,Republican,policy_general,38.44254016876221
Oil industry misinformation,party,Republican,policy_role_mean,37.68600225448608
Oil industry misinformation,party,Republican,policy_specific_mean,36.98728084564209
Oil industry misinformation,party,Republican,trust_multidimensional,36.23387018839519
Oil industry misinformation,party,Republican,trust_post,38.86205355326335
Oil industry misinformation,party,Democrat,behavior_mean,35.87075074513753
Oil industry misinformation,party,Democrat,belief_post,32.99516439437867
Oil industry misinformation,party,Democrat,concern_mean,34.99775727589925
Oil industry misinformation,party,Democrat,distrust_post,29.171804587046307
Oil industry misinformation,party,Democrat,donation_ams,3.313523928324382
Oil industry misinformation,party,Democrat,funding_perceptions,34.63245232899983
Oil industry misinformation,party,Democrat,inst_trust_mean,31.07590675354004
Oil industry misinformation,party,Democrat,newsletter_signup,0.4200490315755208
Oil industry misinformation,party,Democrat,policy_general,37.99356619517009
Oil industry misinformation,party,Democrat,policy_role_mean,32.94024467468262
Oil industry misinformation,party,Democrat,policy_specific_mean,34.44186449050903
Oil industry misinformation,party,Democrat,trust_multidimensional,32.07958141962688
Oil industry misinformation,party,Democrat,trust_post,36.03740533192952
Oil industry misinformation,party,Independent,behavior_mean,34.74138975143433
Oil industry misinformation,party,Independent,belief_post,34.17940934499104
Oil industry misinformation,party,Independent,concern_mean,36.50474945704143
Oil industry misinformation,party,Independent,distrust_post,27.20552682876587
Oil industry misinformation,party,Independent,donation_ams,3.347480297088623
Oil industry misinformation,party,Independent,funding_perceptions,37.97130187352498
Oil industry misinformation,party,Independent,inst_trust_mean,30.356311798095703
Oil industry misinformation,party,Independent,newsletter_signup,0.4118294715881347
Oil industry misinformation,party,Independent,policy_general,39.664574464162186
Oil industry misinformation,party,Independent,policy_role_mean,35.08237997690837
Oil industry misinformation,party,Independent,policy_specific_mean,35.282274087270096
Oil industry misinformation,party,Independent,trust_multidimensional,32.77847369511922
Oil industry misinformation,party,Independent,trust_post,36.1557642618815
Oil industry misinformation,party,Other,behavior_mean,37.47573693593343
Oil industry misinformation,party,Other,belief_post,35.73850393295288
Oil industry misinformation,party,Other,concern_mean,39.054059982299805
Oil industry misinformation,party,Other,distrust_post,29.517571131388348
Oil industry misinformation,party,Other,donation_ams,3.445221583048503
Oil industry misinformation,party,Other,funding_perceptions,40.98042249679566
Oil industry misinformation,party,Other,inst_trust_mean,33.115196228027344
Oil industry misinformation,party,Other,newsletter_signup,0.4224638938903808
Oil industry misinformation,party,Other,policy_general,41.45550330479939
Oil industry misinformation,party,Other,policy_role_mean,38.04025252660115
Oil industry misinformation,party,Other,policy_specific_mean,38.47638368606568
Oil industry misinformation,party,Other,trust_multidimensional,35.4908029238383
Oil industry misinformation,party,Other,trust_post,38.26014995574951
Measurement & modeling (1),party,Republican,behavior_mean,27.512550354003903
Measurement & modeling (1),party,Republican,belief_post,33.73122612635295
Measurement & modeling (1),party,Republican,concern_mean,20.02655665079753
Measurement & modeling (1),party,Republican,distrust_post,32.25112358729045
Measurement & modeling (1),party,Republican,donation_ams,4.403044780095418
Measurement & modeling (1),party,Republican,funding_perceptions,45.64346472422282
Measurement & modeling (1),party,Republican,inst_trust_mean,14.526009559631348
Measurement & modeling (1),party,Republican,newsletter_signup,0.3418126503626506
Measurement & modeling (1),party,Republican,policy_general,35.65872510274251
Measurement & modeling (1),party,Republican,policy_role_mean,38.0004366238912
Measurement & modeling (1),party,Republican,policy_specific_mean,27.64212687810261
Measurement & modeling (1),party,Republican,trust_multidimensional,36.32063865661621
Measurement & modeling (1),party,Republican,trust_post,34.370406468709305
Measurement & modeling (1),party,Democrat,behavior_mean,31.357232729593917
Measurement & modeling (1),party,Democrat,belief_post,39.08178408940633
Measurement & modeling (1),party,Democrat,concern_mean,25.416119893391937
Measurement & modeling (1),party,Democrat,distrust_post,27.756257851918537
Measurement & modeling (1),party,Democrat,donation_ams,4.161231120427449
Measurement & modeling (1),party,Democrat,funding_perceptions,42.25525458653768
Measurement & modeling (1),party,Democrat,inst_trust_mean,20.190509160359703
Measurement & modeling (1),party,Democrat,newsletter_signup,0.3556764920552571
Measurement & modeling (1),party,Democrat,policy_general,40.46475887298584
Measurement & modeling (1),party,Democrat,policy_role_mean,41.40644470850627
Measurement & modeling (1),party,Democrat,policy_specific_mean,31.971311569213867
Measurement & modeling (1),party,Democrat,trust_multidimensional,35.974085330963135
Measurement & modeling (1),party,Democrat,trust_post,36.42325798670451
Measurement & modeling (1),party,Independent,behavior_mean,27.965680758158367
Measurement & modeling (1),party,Independent,belief_post,35.72312990824382
Measurement & modeling (1),party,Independent,concern_mean,23.934149742126465
Measurement & modeling (1),party,Independent,distrust_post,26.364811261494957
Measurement & modeling (1),party,Independent,donation_ams,3.881615002950032
Measurement & modeling (1),party,Independent,funding_perceptions,40.60775438944499
Measurement & modeling (1),party,Independent,inst_trust_mean,16.13973379135132
Measurement & modeling (1),party,Independent,newsletter_signup,0.3472749392191569
Measurement & modeling (1),party,Independent,policy_general,37.91156609853108
Measurement & modeling (1),party,Independent,policy_role_mean,38.45702409744263
Measurement & modeling (1),party,Independent,policy_specific_mean,29.17482852935791
Measurement & modeling (1),party,Independent,trust_multidimensional,33.099404970804855
Measurement & modeling (1),party,Independent,trust_post,32.74778525034587
Measurement & modeling (1),party,Other,behavior_mean,30.044925212860107
Measurement & modeling (1),party,Other,belief_post,36.09579404195149
Measurement & modeling (1),party,Other,concern_mean,25.527830918629963
Measurement & modeling (1),party,Other,distrust_post,27.92994976043701
Measurement & modeling (1),party,Other,donation_ams,4.011927048365275
Measurement & modeling (1),party,Other,funding_perceptions,43.30048561096192
Measurement & modeling (1),party,Other,inst_trust_mean,16.853721936543785
Measurement & modeling (1),party,Other,newsletter_signup,0.3496726353963216
Measurement & modeling (1),party,Other,policy_general,38.61576716105144
Measurement & modeling (1),party,Other,policy_role_mean,40.951402982076
Measurement & modeling (1),party,Other,policy_specific_mean,30.964072545369465
Measurement & modeling (1),party,Other,trust_multidimensional,34.58772897720337
Measurement & modeling (1),party,Other,trust_post,33.7968905766805
Former skeptics,party,Republican,behavior_mean,29.151992003122967
Former skeptics,party,Republican,belief_post,44.62350209554036
Former skeptics,party,Republican,concern_mean,31.946877638498943
Former skeptics,party,Republican,distrust_post,38.94716103871663
Former skeptics,party,Republican,donation_ams,3.4011479218800877
Former skeptics,party,Republican,funding_perceptions,47.95859257380168
Former skeptics,party,Republican,inst_trust_mean,26.73388322194417
Former skeptics,party,Republican,newsletter_signup,0.38749365011851
Former skeptics,party,Republican,policy_general,44.82289950052896
Former skeptics,party,Republican,policy_role_mean,49.51526323954265
Former skeptics,party,Republican,policy_specific_mean,37.02574570973714
Former skeptics,party,Republican,trust_multidimensional,42.08184083302815
Former skeptics,party,Republican,trust_post,41.1165714263916
Former skeptics,party,Democrat,behavior_mean,31.9504976272583
Former skeptics,party,Democrat,belief_post,48.50358168284099
Former skeptics,party,Democrat,concern_mean,34.60233211517334
Former skeptics,party,Democrat,distrust_post,39.32209809621175
Former skeptics,party,Democrat,donation_ams,3.368549744288127
Former skeptics,party,Democrat,funding_perceptions,45.16334533691407
Former skeptics,party,Democrat,inst_trust_mean,29.00981903076172
Former skeptics,party,Democrat,newsletter_signup,0.4075000683466593
Former skeptics,party,Democrat,policy_general,46.561992168426514
Former skeptics,party,Democrat,policy_role_mean,47.98938433329265
Former skeptics,party,Democrat,policy_specific_mean,39.8601492245992
Former skeptics,party,Democrat,trust_multidimensional,43.33054622014363
Former skeptics,party,Democrat,trust_post,42.915193239847824
Former skeptics,party,Independent,behavior_mean,29.802115758260083
Former skeptics,party,Independent,belief_post,47.840678691864014
Former skeptics,party,Independent,concern_mean,33.865292867024735
Former skeptics,party,Independent,distrust_post,37.95330921808879
Former skeptics,party,Independent,donation_ams,3.1599517663319903
Former skeptics,party,Independent,funding_perceptions,46.05345726013184
Former skeptics,party,Independent,inst_trust_mean,26.941128571828205
Former skeptics,party,Independent,newsletter_signup,0.4096880356470744
Former skeptics,party,Independent,policy_general,46.10267877578735
Former skeptics,party,Independent,policy_role_mean,47.68662452697753
Former skeptics,party,Independent,policy_specific_mean,37.88746198018392
Former skeptics,party,Independent,trust_multidimensional,41.8992559115092
Former skeptics,party,Independent,trust_post,41.27813180287679
Former skeptics,party,Other,behavior_mean,32.19338655471802
Former skeptics,party,Other,belief_post,48.98444414138795
Former skeptics,party,Other,concern_mean,35.10589599609375
Former skeptics,party,Other,distrust_post,38.6243462562561
Former skeptics,party,Other,donation_ams,3.1756309668223066
Former skeptics,party,Other,funding_perceptions,48.91355037689208
Former skeptics,party,Other,inst_trust_mean,28.43359311421713
Former skeptics,party,Other,newsletter_signup,0.4057646592458088
Former skeptics,party,Other,policy_general,47.5443959236145
Former skeptics,party,Other,policy_role_mean,51.47620042165121
Former skeptics,party,Other,policy_specific_mean,40.00104268391927
Former skeptics,party,Other,trust_multidimensional,43.16074848175049
Former skeptics,party,Other,trust_post,43.17313830057781
High public trust,party,Republican,behavior_mean,27.47160991032918
High public trust,party,Republican,belief_post,37.42386102676392
High public trust,party,Republican,concern_mean,34.800100326538086
High public trust,party,Republican,distrust_post,35.52138010660808
High public trust,party,Republican,donation_ams,3.5687359174092608
High public trust,party,Republican,funding_perceptions,35.48346360524495
High public trust,party,Republican,inst_trust_mean,31.13305966059367
High public trust,party,Republican,newsletter_signup,0.3473238150278727
High public trust,party,Republican,policy_general,33.046623071034745
High public trust,party,Republican,policy_role_mean,32.90407657623291
High public trust,party,Republican,policy_specific_mean,34.532173474629715
High public trust,party,Republican,trust_multidimensional,38.16579182942708
High public trust,party,Republican,trust_post,37.17956940333049
High public trust,party,Democrat,behavior_mean,32.1324626604716
High public trust,party,Democrat,belief_post,35.693975289662674
High public trust,party,Democrat,concern_mean,37.62357632319133
High public trust,party,Democrat,distrust_post,29.465484619140614
High public trust,party,Democrat,donation_ams,3.888461589813232
High public trust,party,Democrat,funding_perceptions,36.58911784489949
High public trust,party,Democrat,inst_trust_mean,33.06214014689128
High public trust,party,Democrat,newsletter_signup,0.350454847017924
High public trust,party,Democrat,policy_general,39.558959007263184
High public trust,party,Democrat,policy_role_mean,36.87098026275635
High public trust,party,Democrat,policy_specific_mean,38.40767542521159
High public trust,party,Democrat,trust_multidimensional,36.33371988932292
High public trust,party,Democrat,trust_post,37.122321128845215
High public trust,party,Independent,behavior_mean,30.79758882522583
High public trust,party,Independent,belief_post,36.76371971766154
High public trust,party,Independent,concern_mean,38.55273326237996
High public trust,party,Independent,distrust_post,28.3397118250529
High public trust,party,Independent,donation_ams,3.675344387690227
High public trust,party,Independent,funding_perceptions,36.94620132446288
High public trust,party,Independent,inst_trust_mean,32.810986042022705
High public trust,party,Independent,newsletter_signup,0.3490535815556844
High public trust,party,Independent,policy_general,39.19761975606282
High public trust,party,Independent,policy_role_mean,36.0152006149292
High public trust,party,Independent,policy_specific_mean,38.23286692301433
High public trust,party,Independent,trust_multidimensional,36.65258884429932
High public trust,party,Independent,trust_post,36.88910007476807
High public trust,party,Other,behavior_mean,31.28726482391357
High public trust,party,Other,belief_post,36.655064423879
High public trust,party,Other,concern_mean,38.80691925684612
High public trust,party,Other,distrust_post,28.761911392211918
High public trust,party,Other,donation_ams,3.646432558695476
High public trust,party,Other,funding_perceptions,37.0371659596761
High public trust,party,Other,inst_trust_mean,33.29818646113078
High public trust,party,Other,newsletter_signup,0.3424530824025472
High public trust,party,Other,policy_general,39.88759120305379
High public trust,party,Other,policy_role_mean,35.366129875183105
High public trust,party,Other,policy_specific_mean,38.49746783574422
High public trust,party,Other,trust_multidimensional,37.06723848978679
High public trust,party,Other,trust_post,37.39633162816367
Measurement & modeling (2),party,Republican,behavior_mean,31.22968276341756
Measurement & modeling (2),party,Republican,belief_post,36.08188231786093
Measurement & modeling (2),party,Republican,concern_mean,26.538976033528645
Measurement & modeling (2),party,Republican,distrust_post,38.49903345108033
Measurement & modeling (2),party,Republican,donation_ams,4.026047786076863
Measurement & modeling (2),party,Republican,funding_perceptions,49.005210399627686
Measurement & modeling (2),party,Republican,inst_trust_mean,22.641070683797203
Measurement & modeling (2),party,Republican,newsletter_signup,0.371389389038086
Measurement & modeling (2),party,Republican,policy_general,37.90113925933838
Measurement & modeling (2),party,Republican,policy_role_mean,42.711635430653885
Measurement & modeling (2),party,Republican,policy_specific_mean,32.45135545730591
Measurement & modeling (2),party,Republican,trust_multidimensional,40.82455635070801
Measurement & modeling (2),party,Republican,trust_post,38.83700370788574
Measurement & modeling (2),party,Democrat,behavior_mean,34.671207269032806
Measurement & modeling (2),party,Democrat,belief_post,44.16908423105875
Measurement & modeling (2),party,Democrat,concern_mean,32.61984586715698
Measurement & modeling (2),party,Democrat,distrust_post,32.725699742635086
Measurement & modeling (2),party,Democrat,donation_ams,4.040623505910237
Measurement & modeling (2),party,Democrat,funding_perceptions,46.777502695719406
Measurement & modeling (2),party,Democrat,inst_trust_mean,28.83730332056681
Measurement & modeling (2),party,Democrat,newsletter_signup,0.3904072046279907
Measurement & modeling (2),party,Democrat,policy_general,45.86129983266194
Measurement & modeling (2),party,Democrat,policy_role_mean,46.04442119598389
Measurement & modeling (2),party,Democrat,policy_specific_mean,39.35944239298503
Measurement & modeling (2),party,Democrat,trust_multidimensional,41.21286471684773
Measurement & modeling (2),party,Democrat,trust_post,40.73810974756877
Measurement & modeling (2),party,Independent,behavior_mean,32.66228437423707
Measurement & modeling (2),party,Independent,belief_post,40.59886535008748
Measurement & modeling (2),party,Independent,concern_mean,30.81394036610921
Measurement & modeling (2),party,Independent,distrust_post,32.46974150339763
Measurement & modeling (2),party,Independent,donation_ams,3.7464777628580737
Measurement & modeling (2),party,Independent,funding_perceptions,44.92406050364177
Measurement & modeling (2),party,Independent,inst_trust_mean,25.559043884277344
Measurement & modeling (2),party,Independent,newsletter_signup,0.378132979075114
Measurement & modeling (2),party,Independent,policy_general,42.29617913564047
Measurement & modeling (2),party,Independent,policy_role_mean,43.61542860666911
Measurement & modeling (2),party,Independent,policy_specific_mean,35.99146604537964
Measurement & modeling (2),party,Independent,trust_multidimensional,39.69537814458211
Measurement & modeling (2),party,Independent,trust_post,37.59695688883464
Measurement & modeling (2),party,Other,behavior_mean,35.21838982899983
Measurement & modeling (2),party,Other,belief_post,40.68808555603027
Measurement & modeling (2),party,Other,concern_mean,32.32175509134929
Measurement & modeling (2),party,Other,distrust_post,34.684928258260086
Measurement & modeling (2),party,Other,donation_ams,3.9079252878824873
Measurement & modeling (2),party,Other,funding_perceptions,47.959891955057785
Measurement & modeling (2),party,Other,inst_trust_mean,26.71212355295817
Measurement & modeling (2),party,Other,newsletter_signup,0.3791478474934895
Measurement & modeling (2),party,Other,policy_general,42.8627848625183
Measurement & modeling (2),party,Other,policy_role_mean,46.39338254928588
Measurement & modeling (2),party,Other,policy_specific_mean,37.567877769470215
Measurement & modeling (2),party,Other,trust_multidimensional,41.94070498148601
Measurement & modeling (2),party,Other,trust_post,39.83742793401082
Peer-review,party,Republican,behavior_mean,32.532477378845215
Peer-review,party,Republican,belief_post,46.281178792317725
Peer-review,party,Republican,concern_mean,32.7427625656128
Peer-review,party,Republican,distrust_post,39.79286750157674
Peer-review,party,Republican,donation_ams,4.257444540659587
Peer-review,party,Republican,funding_perceptions,48.36935202280681
Peer-review,party,Republican,inst_trust_mean,30.67035675048828
Peer-review,party,Republican,newsletter_signup,0.4687752723693847
Peer-review,party,Republican,policy_general,45.40464083353679
Peer-review,party,Republican,policy_role_mean,45.3141450881958
Peer-review,party,Republican,policy_specific_mean,38.12796274820964
Peer-review,party,Republican,trust_multidimensional,47.542297840118415
Peer-review,party,Republican,trust_post,40.68716764450073
Peer-review,party,Democrat,behavior_mean,37.51659393310547
Peer-review,party,Democrat,belief_post,52.08491484324137
Peer-review,party,Democrat,concern_mean,40.7467246055603
Peer-review,party,Democrat,distrust_post,41.497747103373214
Peer-review,party,Democrat,donation_ams,4.534416993459066
Peer-review,party,Democrat,funding_perceptions,45.7177996635437
Peer-review,party,Democrat,inst_trust_mean,36.226602395375565
Peer-review,party,Democrat,newsletter_signup,0.4848122596740722
Peer-review,party,Democrat,policy_general,49.05282258987427
Peer-review,party,Democrat,policy_role_mean,47.41637309392293
Peer-review,party,Democrat,policy_specific_mean,43.27952861785889
Peer-review,party,Democrat,trust_multidimensional,47.03121980031331
Peer-review,party,Democrat,trust_post,41.783861319224044
Peer-review,party,Independent,behavior_mean,34.10541613896687
Peer-review,party,Independent,belief_post,48.4297513961792
Peer-review,party,Independent,concern_mean,36.85301939646404
Peer-review,party,Independent,distrust_post,38.02016576131184
Peer-review,party,Independent,donation_ams,4.354289372762044
Peer-review,party,Independent,funding_perceptions,42.216412226359054
Peer-review,party,Independent,inst_trust_mean,32.18040863672893
Peer-review,party,Independent,newsletter_signup,0.4724224011103312
Peer-review,party,Independent,policy_general,46.51896158854167
Peer-review,party,Independent,policy_role_mean,43.92654895782469
Peer-review,party,Independent,policy_specific_mean,38.888510068257645
Peer-review,party,Independent,trust_multidimensional,45.260771115620926
Peer-review,party,Independent,trust_post,38.19437424341838
Peer-review,party,Other,behavior_mean,36.07175747553508
Peer-review,party,Other,belief_post,49.76692994435628
Peer-review,party,Other,concern_mean,38.98104826609294
Peer-review,party,Other,distrust_post,40.40490786234538
Peer-review,party,Other,donation_ams,4.547095696131389
Peer-review,party,Other,funding_perceptions,45.36391496658325
Peer-review,party,Other,inst_trust_mean,33.90326102574666
Peer-review,party,Other,newsletter_signup,0.4812223116556803
Peer-review,party,Other,policy_general,48.01372687021892
Peer-review,party,Other,policy_role_mean,47.20892111460368
Peer-review,party,Other,policy_specific_mean,40.20862579345703
Peer-review,party,Other,trust_multidimensional,47.17826048533122
Peer-review,party,Other,trust_post,41.23303095499675
Scientist community helpers,party,Republican,behavior_mean,23.90087445576986
Scientist community helpers,party,Republican,belief_post,33.907389640808105
Scientist community helpers,party,Republican,concern_mean,25.05187193552653
Scientist community helpers,party,Republican,distrust_post,33.355943361918136
Scientist community helpers,party,Republican,donation_ams,3.16738764444987
Scientist community helpers,party,Republican,funding_perceptions,35.1445198059082
Scientist community helpers,party,Republican,inst_trust_mean,20.59288422266642
Scientist community helpers,party,Republican,newsletter_signup,0.3894946972529093
Scientist community helpers,party,Republican,policy_general,34.811266263326004
Scientist community helpers,party,Republican,policy_role_mean,34.70222155253093
Scientist community helpers,party,Republican,policy_specific_mean,30.77957232793173
Scientist community helpers,party,Republican,trust_multidimensional,34.931353727976486
Scientist community helpers,party,Republican,trust_post,29.582103093465168
Scientist community helpers,party,Democrat,behavior_mean,26.5502134958903
Scientist community helpers,party,Democrat,belief_post,37.847038110097245
Scientist community helpers,party,Democrat,concern_mean,26.333832740783684
Scientist community helpers,party,Democrat,distrust_post,29.871682325998943
Scientist community helpers,party,Democrat,donation_ams,3.131477832794189
Scientist community helpers,party,Democrat,funding_perceptions,34.045418103535965
Scientist community helpers,party,Democrat,inst_trust_mean,21.80936336517334
Scientist community helpers,party,Democrat,newsletter_signup,0.4068362315495809
Scientist community helpers,party,Democrat,policy_general,37.83837954203288
Scientist community helpers,party,Democrat,policy_role_mean,34.21608606974284
Scientist community helpers,party,Democrat,policy_specific_mean,30.913726488749187
Scientist community helpers,party,Democrat,trust_multidimensional,33.2141637802124
Scientist community helpers,party,Democrat,trust_post,26.880876223246258
Scientist community helpers,party,Independent,behavior_mean,24.41366910934448
Scientist community helpers,party,Independent,belief_post,34.32075579961142
Scientist community helpers,party,Independent,concern_mean,24.295957883199065
Scientist community helpers,party,Independent,distrust_post,27.748743693033852
Scientist community helpers,party,Independent,donation_ams,2.885603904724121
Scientist community helpers,party,Independent,funding_perceptions,32.89201259613037
Scientist community helpers,party,Independent,inst_trust_mean,18.658534685770665
Scientist community helpers,party,Independent,newsletter_signup,0.3850868542989095
Scientist community helpers,party,Independent,policy_general,35.17398039499919
Scientist community helpers,party,Independent,policy_role_mean,32.297154267629
Scientist community helpers,party,Independent,policy_specific_mean,29.20127312342326
Scientist community helpers,party,Independent,trust_multidimensional,30.996684233347576
Scientist community helpers,party,Independent,trust_post,24.879511197408043
Scientist community helpers,party,Other,behavior_mean,27.55133310953776
Scientist community helpers,party,Other,belief_post,36.23236020406087
Scientist community helpers,party,Other,concern_mean,26.753079891204838
Scientist community helpers,party,Other,distrust_post,30.68366448084513
Scientist community helpers,party,Other,donation_ams,3.158644835154216
Scientist community helpers,party,Other,funding_perceptions,36.69040203094482
Scientist community helpers,party,Other,inst_trust_mean,21.80793285369873
Scientist community helpers,party,Other,newsletter_signup,0.3995545307795207
Scientist community helpers,party,Other,policy_general,36.52549584706624
Scientist community helpers,party,Other,policy_role_mean,36.83265050252278
Scientist community helpers,party,Other,policy_specific_mean,32.73640473683675
Scientist community helpers,party,Other,trust_multidimensional,33.90813271204631
Scientist community helpers,party,Other,trust_post,27.76425282160441
Consensus,party,Republican,behavior_mean,35.30921936035156
Consensus,party,Republican,belief_post,32.63626893361409
Consensus,party,Republican,concern_mean,32.32467969258626
Consensus,party,Republican,distrust_post,30.37806351979573
Consensus,party,Republican,donation_ams,3.968552350997925
Consensus,party,Republican,funding_perceptions,33.66117477416993
Consensus,party,Republican,inst_trust_mean,28.218825658162437
Consensus,party,Republican,newsletter_signup,0.3910678625106811
Consensus,party,Republican,policy_general,34.620773792266846
Consensus,party,Republican,policy_role_mean,34.24074649810791
Consensus,party,Republican,policy_specific_mean,36.46196126937867
Consensus,party,Republican,trust_multidimensional,36.50078773498535
Consensus,party,Republican,trust_post,35.15144983927409
Consensus,party,Democrat,behavior_mean,41.63520733515422
Consensus,party,Democrat,belief_post,34.07233158747356
Consensus,party,Democrat,concern_mean,36.65272394816081
Consensus,party,Democrat,distrust_post,30.76639175415039
Consensus,party,Democrat,donation_ams,4.228044350941975
Consensus,party,Democrat,funding_perceptions,38.72528473536174
Consensus,party,Democrat,inst_trust_mean,32.62648582458496
Consensus,party,Democrat,newsletter_signup,0.3962804079055786
Consensus,party,Democrat,policy_general,41.40770037968953
Consensus,party,Democrat,policy_role_mean,37.42644389470418
Consensus,party,Democrat,policy_specific_mean,42.390410105387375
Consensus,party,Democrat,trust_multidimensional,38.61965735753377
Consensus,party,Democrat,trust_post,37.2597614924113
Consensus,party,Independent,behavior_mean,40.42221705118816
Consensus,party,Independent,belief_post,33.2682450612386
Consensus,party,Independent,concern_mean,37.250022093455
Consensus,party,Independent,distrust_post,30.214659372965496
Consensus,party,Independent,donation_ams,4.127737681070964
Consensus,party,Independent,funding_perceptions,37.64962752660115
Consensus,party,Independent,inst_trust_mean,32.26045767466228
Consensus,party,Independent,newsletter_signup,0.39190407594045
Consensus,party,Independent,policy_general,42.20041036605835
Consensus,party,Independent,policy_role_mean,37.90991306304932
Consensus,party,Independent,policy_specific_mean,42.22647349039714
Consensus,party,Independent,trust_multidimensional,38.59318097432454
Consensus,party,Independent,trust_post,37.56715456644695
Consensus,party,Other,behavior_mean,41.62654876708984
Consensus,party,Other,belief_post,34.06101067860921
Consensus,party,Other,concern_mean,38.6309027671814
Consensus,party,Other,distrust_post,30.904539426167805
Consensus,party,Other,donation_ams,4.13416862487793
Consensus,party,Other,funding_perceptions,38.928886254628495
Consensus,party,Other,inst_trust_mean,33.23237895965576
Consensus,party,Other,newsletter_signup,0.3895188172658284
Consensus,party,Other,policy_general,43.573081493377686
Consensus,party,Other,policy_role_mean,38.14924955368042
Consensus,party,Other,policy_specific_mean,43.12933683395386
Consensus,party,Other,trust_multidimensional,39.38183784484863
Consensus,party,Other,trust_post,37.97872066497803
Portrait Prof. Cherry,party,Republican,behavior_mean,33.75566403071086
Portrait Prof. Cherry,party,Republican,belief_post,41.71069463094075
Portrait Prof. Cherry,party,Republican,concern_mean,33.16871722539267
Portrait Prof. Cherry,party,Republican,distrust_post,45.61344782511394
Portrait Prof. Cherry,party,Republican,donation_ams,3.774062792460124
Portrait Prof. Cherry,party,Republican,funding_perceptions,51.54142379760742
Portrait Prof. Cherry,party,Republican,inst_trust_mean,26.10668341318767
Portrait Prof. Cherry,party,Republican,newsletter_signup,0.477005163828532
Portrait Prof. Cherry,party,Republican,policy_general,45.49377759297688
Portrait Prof. Cherry,party,Republican,policy_role_mean,52.67931620279948
Portrait Prof. Cherry,party,Republican,policy_specific_mean,38.6208176612854
Portrait Prof. Cherry,party,Republican,trust_multidimensional,52.43663787841797
Portrait Prof. Cherry,party,Republican,trust_post,42.57364273071288
Portrait Prof. Cherry,party,Democrat,behavior_mean,34.84865824381511
Portrait Prof. Cherry,party,Democrat,belief_post,53.01032066345215
Portrait Prof. Cherry,party,Democrat,concern_mean,37.701304753621415
Portrait Prof. Cherry,party,Democrat,distrust_post,44.57704623540242
Portrait Prof. Cherry,party,Democrat,donation_ams,3.815027077992757
Portrait Prof. Cherry,party,Democrat,funding_perceptions,47.072207927703865
Portrait Prof. Cherry,party,Democrat,inst_trust_mean,27.13492314020793
Portrait Prof. Cherry,party,Democrat,newsletter_signup,0.4875144163767497
Portrait Prof. Cherry,party,Democrat,policy_general,48.693978786468506
Portrait Prof. Cherry,party,Democrat,policy_role_mean,51.75784428914388
Portrait Prof. Cherry,party,Democrat,policy_specific_mean,39.99605178833008
Portrait Prof. Cherry,party,Democrat,trust_multidimensional,52.13328202565511
Portrait Prof. Cherry,party,Democrat,trust_post,43.88940334320069
Portrait Prof. Cherry,party,Independent,behavior_mean,33.63510767618816
Portrait Prof. Cherry,party,Independent,belief_post,48.63016605377197
Portrait Prof. Cherry,party,Independent,concern_mean,34.58681106567383
Portrait Prof. Cherry,party,Independent,distrust_post,43.21965376536052
Portrait Prof. Cherry,party,Independent,donation_ams,3.5867583751678467
Portrait Prof. Cherry,party,Independent,funding_perceptions,45.12397050857544
Portrait Prof. Cherry,party,Independent,inst_trust_mean,24.1009791692098
Portrait Prof. Cherry,party,Independent,newsletter_signup,0.4839059511820475
Portrait Prof. Cherry,party,Independent,policy_general,45.853396256764725
Portrait Prof. Cherry,party,Independent,policy_role_mean,49.33234453201293
Portrait Prof. Cherry,party,Independent,policy_specific_mean,37.25552161534627
Portrait Prof. Cherry,party,Independent,trust_multidimensional,50.36707719167074
Portrait Prof. Cherry,party,Independent,trust_post,41.74598455429077
Portrait Prof. Cherry,party,Other,behavior_mean,35.79562107721965
Portrait Prof. Cherry,party,Other,belief_post,50.446812311808266
Portrait Prof. Cherry,party,Other,concern_mean,35.97542444864909
Portrait Prof. Cherry,party,Other,distrust_post,44.41095193227132
Portrait Prof. Cherry,party,Other,donation_ams,3.792357444763184
Portrait Prof. Cherry,party,Other,funding_perceptions,48.24891090393066
Portrait Prof. Cherry,party,Other,inst_trust_mean,25.08985996246338
Portrait Prof. Cherry,party,Other,newsletter_signup,0.4748807748158773
Portrait Prof. Cherry,party,Other,policy_general,46.16348346074422
Portrait Prof. Cherry,party,Other,policy_role_mean,52.89978981018066
Portrait Prof. Cherry,party,Other,policy_specific_mean,39.55916563669841
Portrait Prof. Cherry,party,Other,trust_multidimensional,52.54209836324056
Portrait Prof. Cherry,party,Other,trust_post,43.6892827351888
Model accuracy,party,Republican,behavior_mean,36.87323331832886
Model accuracy,party,Republican,belief_post,51.247755686442055
Model accuracy,party,Republican,concern_mean,32.972518603007
Model accuracy,party,Republican,distrust_post,36.680642763773605
Model accuracy,party,Republican,donation_ams,4.317456881205241
Model accuracy,party,Republican,funding_perceptions,55.03711700439453
Model accuracy,party,Republican,inst_trust_mean,29.5353929201762
Model accuracy,party,Republican,newsletter_signup,0.4649798075358073
Model accuracy,party,Republican,policy_general,45.33079067866008
Model accuracy,party,Republican,policy_role_mean,50.28295516967773
Model accuracy,party,Republican,policy_specific_mean,43.68048906326293
Model accuracy,party,Republican,trust_multidimensional,41.99171463648479
Model accuracy,party,Republican,trust_post,39.77430264155071
Model accuracy,party,Democrat,behavior_mean,40.08167187372844
Model accuracy,party,Democrat,belief_post,47.51863876978557
Model accuracy,party,Democrat,concern_mean,37.937211990356445
Model accuracy,party,Democrat,distrust_post,35.274597009023026
Model accuracy,party,Democrat,donation_ams,4.397350152333577
Model accuracy,party,Democrat,funding_perceptions,51.62162780761719
Model accuracy,party,Democrat,inst_trust_mean,34.1461181640625
Model accuracy,party,Democrat,newsletter_signup,0.4881267944971719
Model accuracy,party,Democrat,policy_general,48.90617926915486
Model accuracy,party,Democrat,policy_role_mean,51.09459559122721
Model accuracy,party,Democrat,policy_specific_mean,46.56501213709514
Model accuracy,party,Democrat,trust_multidimensional,41.397035121917725
Model accuracy,party,Democrat,trust_post,42.44130452473958
Model accuracy,party,Independent,behavior_mean,36.614294846852616
Model accuracy,party,Independent,belief_post,47.74174690246582
Model accuracy,party,Independent,concern_mean,36.57740751902263
Model accuracy,party,Independent,distrust_post,32.36325979232788
Model accuracy,party,Independent,donation_ams,4.225801626841228
Model accuracy,party,Independent,funding_perceptions,48.91923666000367
Model accuracy,party,Independent,inst_trust_mean,30.34974733988444
Model accuracy,party,Independent,newsletter_signup,0.4809617598851521
Model accuracy,party,Independent,policy_general,45.89508374532063
Model accuracy,party,Independent,policy_role_mean,49.6490478515625
Model accuracy,party,Independent,policy_specific_mean,42.73108243942261
Model accuracy,party,Independent,trust_multidimensional,40.08269309997559
Model accuracy,party,Independent,trust_post,38.898305098215744
Model accuracy,party,Other,behavior_mean,39.494987328847245
Model accuracy,party,Other,belief_post,49.4869867960612
Model accuracy,party,Other,concern_mean,39.06435966491699
Model accuracy,party,Other,distrust_post,35.27266184488933
Model accuracy,party,Other,donation_ams,4.392563104629517
Model accuracy,party,Other,funding_perceptions,52.351999282836914
Model accuracy,party,Other,inst_trust_mean,31.79035981496175
Model accuracy,party,Other,newsletter_signup,0.4766772190729777
Model accuracy,party,Other,policy_general,48.534663518269866
Model accuracy,party,Other,policy_role_mean,53.04580529530843
Model accuracy,party,Other,policy_specific_mean,45.78799406687419
Model accuracy,party,Other,trust_multidimensional,42.28737751642864
Model accuracy,party,Other,trust_post,42.59623686472575
Interview Prof. Sebille,party,Republican,behavior_mean,25.912225246429443
Interview Prof. Sebille,party,Republican,belief_post,43.72574885686238
Interview Prof. Sebille,party,Republican,concern_mean,32.546138763427734
Interview Prof. Sebille,party,Republican,distrust_post,35.53738991419475
Interview Prof. Sebille,party,Republican,donation_ams,3.984191417694092
Interview Prof. Sebille,party,Republican,funding_perceptions,44.59110101064047
Interview Prof. Sebille,party,Republican,inst_trust_mean,20.86457411448161
Interview Prof. Sebille,party,Republican,newsletter_signup,0.4469096660614013
Interview Prof. Sebille,party,Republican,policy_general,40.22568861643474
Interview Prof. Sebille,party,Republican,policy_role_mean,43.04918845494588
Interview Prof. Sebille,party,Republican,policy_specific_mean,34.40678517023723
Interview Prof. Sebille,party,Republican,trust_multidimensional,40.04917939503987
Interview Prof. Sebille,party,Republican,trust_post,33.1926425298055
Interview Prof. Sebille,party,Democrat,behavior_mean,32.83646504084268
Interview Prof. Sebille,party,Democrat,belief_post,50.84338982899984
Interview Prof. Sebille,party,Democrat,concern_mean,37.002817789713546
Interview Prof. Sebille,party,Democrat,distrust_post,38.05569807688396
Interview Prof. Sebille,party,Democrat,donation_ams,4.328537782033284
Interview Prof. Sebille,party,Democrat,funding_perceptions,45.07516225179036
Interview Prof. Sebille,party,Democrat,inst_trust_mean,27.440532048543293
Interview Prof. Sebille,party,Democrat,newsletter_signup,0.4591385920842488
Interview Prof. Sebille,party,Democrat,policy_general,47.81472285588582
Interview Prof. Sebille,party,Democrat,policy_role_mean,47.2481648127238
Interview Prof. Sebille,party,Democrat,policy_specific_mean,41.36415719985962
Interview Prof. Sebille,party,Democrat,trust_multidimensional,40.26374816894531
Interview Prof. Sebille,party,Democrat,trust_post,38.78505229949951
Interview Prof. Sebille,party,Independent,behavior_mean,30.30053774515788
Interview Prof. Sebille,party,Independent,belief_post,48.083460330963135
Interview Prof. Sebille,party,Independent,concern_mean,35.7529878616333
Interview Prof. Sebille,party,Independent,distrust_post,37.00168132781982
Interview Prof. Sebille,party,Independent,donation_ams,4.006102482477824
Interview Prof. Sebille,party,Independent,funding_perceptions,45.15415827433269
Interview Prof. Sebille,party,Independent,inst_trust_mean,22.93416659037273
Interview Prof. Sebille,party,Independent,newsletter_signup,0.4488838911056518
Interview Prof. Sebille,party,Independent,policy_general,46.35596672693889
Interview Prof. Sebille,party,Independent,policy_role_mean,43.98531516393027
Interview Prof. Sebille,party,Independent,policy_specific_mean,38.98169596989949
Interview Prof. Sebille,party,Independent,trust_multidimensional,38.71152400970459
Interview Prof. Sebille,party,Independent,trust_post,36.43443584442139
Interview Prof. Sebille,party,Other,behavior_mean,33.38733514149983
Interview Prof. Sebille,party,Other,belief_post,51.07312202453613
Interview Prof. Sebille,party,Other,concern_mean,36.92895968755087
Interview Prof. Sebille,party,Other,distrust_post,37.83000707626343
Interview Prof. Sebille,party,Other,donation_ams,4.227310021718343
Interview Prof. Sebille,party,Other,funding_perceptions,48.22665452957153
Interview Prof. Sebille,party,Other,inst_trust_mean,24.72484906514486
Interview Prof. Sebille,party,Other,newsletter_signup,0.4559208552042643
Interview Prof. Sebille,party,Other,policy_general,47.46713638305664
Interview Prof. Sebille,party,Other,policy_role_mean,47.01332251230875
Interview Prof. Sebille,party,Other,policy_specific_mean,42.02275673548381
Interview Prof. Sebille,party,Other,trust_multidimensional,40.76275825500488
Interview Prof. Sebille,party,Other,trust_post,38.71323664983113
Extreme weather predictions,party,Republican,behavior_mean,24.168145656585693
Extreme weather predictions,party,Republican,belief_post,27.85122394561768
Extreme weather predictions,party,Republican,concern_mean,24.20860131581625
Extreme weather predictions,party,Republican,distrust_post,28.525431950887043
Extreme weather predictions,party,Republican,donation_ams,3.4266185760498047
Extreme weather predictions,party,Republican,funding_perceptions,37.01390425364177
Extreme weather predictions,party,Republican,inst_trust_mean,16.253733634948734
Extreme weather predictions,party,Republican,newsletter_signup,0.4505283832550048
Extreme weather predictions,party,Republican,policy_general,33.54079723358154
Extreme weather predictions,party,Republican,policy_role_mean,31.03962739308675
Extreme weather predictions,party,Republican,policy_specific_mean,26.39119625091553
Extreme weather predictions,party,Republican,trust_multidimensional,33.95822445551555
Extreme weather predictions,party,Republican,trust_post,30.15116850535075
Extreme weather predictions,party,Democrat,behavior_mean,26.50328477223714
Extreme weather predictions,party,Democrat,belief_post,38.63155047098796
Extreme weather predictions,party,Democrat,concern_mean,29.405001799265545
Extreme weather predictions,party,Democrat,distrust_post,26.4431397120158
Extreme weather predictions,party,Democrat,donation_ams,3.66170326868693
Extreme weather predictions,party,Democrat,funding_perceptions,33.87041091918945
Extreme weather predictions,party,Democrat,inst_trust_mean,18.926318486531574
Extreme weather predictions,party,Democrat,newsletter_signup,0.4554533163706462
Extreme weather predictions,party,Democrat,policy_general,41.00372791290283
Extreme weather predictions,party,Democrat,policy_role_mean,32.40328629811604
Extreme weather predictions,party,Democrat,policy_specific_mean,29.02835210164388
Extreme weather predictions,party,Democrat,trust_multidimensional,33.597679932912186
Extreme weather predictions,party,Democrat,trust_post,32.820117473602295
Extreme weather predictions,party,Independent,behavior_mean,24.75496927897135
Extreme weather predictions,party,Independent,belief_post,35.41496594746907
Extreme weather predictions,party,Independent,concern_mean,27.409958839416504
Extreme weather predictions,party,Independent,distrust_post,25.419330596923828
Extreme weather predictions,party,Independent,donation_ams,3.397567669550578
Extreme weather predictions,party,Independent,funding_perceptions,33.923256397247314
Extreme weather predictions,party,Independent,inst_trust_mean,17.623655001322426
Extreme weather predictions,party,Independent,newsletter_signup,0.4491039117177328
Extreme weather predictions,party,Independent,policy_general,36.971910794576
Extreme weather predictions,party,Independent,policy_role_mean,30.520355701446533
Extreme weather predictions,party,Independent,policy_specific_mean,27.18324263890584
Extreme weather predictions,party,Independent,trust_multidimensional,32.30623801549275
Extreme weather predictions,party,Independent,trust_post,30.558701356252037
Extreme weather predictions,party,Other,behavior_mean,25.83250602086385
Extreme weather predictions,party,Other,belief_post,35.98882754643758
Extreme weather predictions,party,Other,concern_mean,27.98001766204834
Extreme weather predictions,party,Other,distrust_post,25.860726833343502
Extreme weather predictions,party,Other,donation_ams,3.615330060323081
Extreme weather predictions,party,Other,funding_perceptions,36.2332820892334
Extreme weather predictions,party,Other,inst_trust_mean,17.470359802246094
Extreme weather predictions,party,Other,newsletter_signup,0.4447689851125081
Extreme weather predictions,party,Other,policy_general,37.70379225413005
Extreme weather predictions,party,Other,policy_role_mean,31.985704104105636
Extreme weather predictions,party,Other,policy_specific_mean,28.52150599161784
Extreme weather predictions,party,Other,trust_multidimensional,33.284175395965576
Extreme weather predictions,party,Other,trust_post,31.30294879277547
